Date,Description,Amount,Category,PaymentMethod,Month
05-04-2025,IRCTC,20666.49,Travel,Debit Card,April
06-12-2025,Myntra,1919.05,Online Shopping,Net Banking,December
20-06-2025,BigBazaar,2837.68,Grocery,Debit Card,June
23-04-2025,Property Tax Online,1071.04,Bills,Net Banking,April
06-03-2025,Asus Store,10722.8,Electronics,Debit Card,March
30-10-2025,Max Fashion,3502.77,Clothing,Debit Card,October
11-06-2025,Property Tax Online,5334.34,Bills,Credit Card,June
03-01-2025,Airtel,1472.58,Bills,UPI,January
27-07-2025,Wrogn,1965.86,Clothing,Credit Card,July
16-08-2025,Aha,250.69,Entertainment,Credit Card,August
04-03-2025,Airtel,3989.88,Bills,Debit Card,March
23-06-2025,Cream Stone,525.94,Food,Credit Card,June
24-06-2025,Cream Stone,393.35,Food,UPI,June
10-05-2025,IndiGo,24147.34,Travel,Net Banking,May
28-07-2025,Nilgiris,1295.25,Grocery,UPI,July
26-04-2025,TSRTC,1287.28,Transport,UPI,April
11-02-2025,Metro Rail,723.54,Transport,Debit Card,February
03-05-2025,IRCTC,11324.06,Travel,Credit Card,May
27-06-2025,Ajio,6989.5,Online Shopping,Credit Card,June
27-12-2025,Nilgiris,1436.49,Grocery,Net Banking,December
10-11-2025,Nykaa,16470.71,Online Shopping,UPI,November
21-05-2025,Dominos,851.8,Food,Debit Card,May
08-03-2025,AirAsia,20599.36,Travel,Debit Card,March
30-11-2025,KFC,1260.41,Food,Credit Card,November
25-08-2025,Netflix,828.75,Entertainment,Net Banking,August
29-05-2025,Apple Store,131786.69,Electronics,Net Banking,May
06-02-2025,Spotify,177.44,Entertainment,Net Banking,February
09-03-2025,Water Board,2367.05,Bills,Net Banking,March
27-02-2025,Vodafone Idea,4047.44,Bills,Net Banking,February
20-05-2025,Zara,7133.34,Clothing,UPI,May
27-12-2025,Ajio,6351.17,Online Shopping,Debit Card,December
20-05-2025,Boat Lifestyle,128424.24,Electronics,Debit Card,May
08-02-2025,Aster,17253.66,Healthcare,Net Banking,February
23-09-2025,OnePlus,134214.53,Electronics,UPI,September
25-09-2025,Adidas,7195.3,Clothing,Debit Card,September
27-03-2025,CloudNine,18022.92,Healthcare,Debit Card,March
06-02-2025,Taco Bell,1158.63,Food,Credit Card,February
26-05-2025,Metro Rail,982.63,Transport,UPI,May
04-10-2025,JioMart,552.08,Grocery,Credit Card,October
07-05-2025,Zara,7654.25,Clothing,Net Banking,May
10-04-2025,Apple Store,111005.98,Electronics,UPI,April
27-05-2025,Barbeque Nation,610.2,Food,UPI,May
03-11-2025,BigBazaar,2051.12,Grocery,Debit Card,November
25-02-2025,Rapido,601.33,Transport,UPI,February
13-12-2025,Hotstar,850.41,Entertainment,UPI,December
05-10-2025,Snapdeal,17659.33,Online Shopping,Debit Card,October
20-06-2025,Allen Solly,6845.1,Clothing,Debit Card,June
22-01-2025,1mg,10543.34,Healthcare,Credit Card,January
16-09-2025,Biba,1592.02,Clothing,Net Banking,September
03-08-2025,Ola,1456.02,Transport,Net Banking,August
11-05-2025,Asus Store,39285.05,Electronics,Credit Card,May
30-11-2025,PharmEasy,14997.81,Healthcare,UPI,November
27-05-2025,Airtel,5491.42,Bills,UPI,May
17-10-2025,Hotstar,271.2,Entertainment,UPI,October
21-06-2025,IndiGo,18720.15,Travel,Net Banking,June
14-12-2025,Apollo Pharmacy,15857.73,Healthcare,Debit Card,December
02-10-2025,A2B,606.98,Food,UPI,October
01-06-2025,Taco Bell,866.89,Food,Net Banking,June
24-09-2025,Uber,930.7,Transport,Net Banking,September
12-06-2025,IndiGo,19578.06,Travel,Credit Card,June
27-05-2025,Croma,102800.65,Electronics,UPI,May
15-05-2025,US Polo,7247.1,Clothing,Credit Card,May
29-04-2025,DMart,1809.33,Grocery,UPI,April
24-11-2025,Ajio,3187.72,Online Shopping,Credit Card,November
03-11-2025,Biba,4245.61,Clothing,Net Banking,November
08-05-2025,Nykaa,16580.74,Online Shopping,Credit Card,May
28-11-2025,IRCTC,24587.69,Travel,Debit Card,November
15-02-2025,Goibibo,18246.21,Travel,Credit Card,February
16-05-2025,Croma,114729.44,Electronics,UPI,May
24-12-2025,Aster,2573.77,Healthcare,Net Banking,December
03-11-2025,Ajio,12783.42,Online Shopping,UPI,November
11-05-2025,Netmeds,8942.95,Healthcare,Net Banking,May
04-01-2025,Jio Fiber,1317.31,Bills,Credit Card,January
06-01-2025,AirAsia,18249.98,Travel,UPI,January
28-05-2025,SonyLiv,180.09,Entertainment,Debit Card,May
23-12-2025,Snapdeal,3790.59,Online Shopping,Credit Card,December
09-09-2025,Amazon,7246.88,Online Shopping,Credit Card,September
12-05-2025,Boat Lifestyle,81586.75,Electronics,Debit Card,May
03-09-2025,Wrogn,3214.92,Clothing,Credit Card,September
28-01-2025,Uber,288.69,Transport,Net Banking,January
09-07-2025,Apollo Hospital,14951.4,Healthcare,Debit Card,July
03-06-2025,BigBazaar,3397.54,Grocery,Credit Card,June
08-07-2025,Nilgiris,1139.88,Grocery,UPI,July
03-08-2025,Gaana,342.63,Entertainment,Net Banking,August
15-08-2025,TSRTC,892.7,Transport,Credit Card,August
12-06-2025,Gaana,968.55,Entertainment,Net Banking,June
10-01-2025,Max Fashion,4490.07,Clothing,Net Banking,January
15-07-2025,Pizza Hut,1157.6,Food,UPI,July
07-12-2025,1mg,8764.35,Healthcare,Credit Card,December
26-01-2025,BMTC,1547.07,Transport,Net Banking,January
28-08-2025,Ajio,8146.38,Online Shopping,Net Banking,August
05-02-2025,Meru Cabs,1920.03,Transport,Credit Card,February
06-10-2025,Max Fashion,1721.41,Clothing,Credit Card,October
29-05-2025,Aster,14813.92,Healthcare,UPI,May
05-05-2025,ACT Fibernet,319.22,Bills,Debit Card,May
27-04-2025,Water Board,2338.4,Bills,UPI,April
02-09-2025,Vivo Store,61980.42,Electronics,Credit Card,September
23-02-2025,Ola,822.4,Transport,Debit Card,February
26-02-2025,YouTube Premium,184.47,Entertainment,Net Banking,February
08-10-2025,Aster,4255.27,Healthcare,Net Banking,October
14-11-2025,Pizza Hut,565.33,Food,UPI,November
04-11-2025,BSNL,448.88,Bills,UPI,November
17-02-2025,Apollo Pharmacy,18445.07,Healthcare,Net Banking,February
28-03-2025,Water Board,4260.5,Bills,Net Banking,March
16-04-2025,Chai Point,589.68,Food,Net Banking,April
01-07-2025,Booking.com,27712.34,Travel,Debit Card,July
23-06-2025,Nykaa,13376.26,Online Shopping,UPI,June
17-03-2025,1mg,1134.99,Healthcare,UPI,March
25-11-2025,CloudNine,12384.61,Healthcare,Credit Card,November
08-11-2025,Pantaloons,6929.7,Clothing,UPI,November
26-11-2025,Reliance Digital,130642.49,Electronics,UPI,November
25-06-2025,Apple Store,79777.72,Electronics,Net Banking,June
30-11-2025,MedPlus,3370.27,Healthcare,Net Banking,November
05-12-2025,Zee5,337.71,Entertainment,Credit Card,December
12-07-2025,Ajio,4838.78,Online Shopping,Net Banking,July
07-06-2025,AirAsia,5198.69,Travel,UPI,June
11-06-2025,Aha,837.72,Entertainment,Net Banking,June
18-05-2025,Vivo Store,77283.47,Electronics,UPI,May
28-04-2025,Asus Store,11685.73,Electronics,UPI,April
21-10-2025,TSRTC,1439.75,Transport,UPI,October
05-08-2025,Uber,1973.48,Transport,Net Banking,August
06-10-2025,Nike,4371.85,Clothing,Net Banking,October
02-03-2025,MedPlus,1402.49,Healthcare,UPI,March
28-10-2025,A2B,1243.48,Food,Credit Card,October
13-04-2025,Noise,113889.04,Electronics,Credit Card,April
20-06-2025,Ola,1257.63,Transport,UPI,June
30-01-2025,Zee5,933.54,Entertainment,Net Banking,January
08-02-2025,Starbucks,651.61,Food,Net Banking,February
09-08-2025,Fortis,10637.38,Healthcare,Debit Card,August
07-03-2025,Reliance Digital,18244.44,Electronics,Debit Card,March
18-08-2025,Ola,1887.66,Transport,UPI,August
15-12-2025,SonyLiv,145.96,Entertainment,Debit Card,December
31-03-2025,Booking.com,12967.17,Travel,Net Banking,March
29-06-2025,Sony Center,62817.88,Electronics,UPI,June
29-07-2025,Biba,4148.95,Clothing,Debit Card,July
30-04-2025,JioMart,2506.42,Grocery,UPI,April
15-11-2025,Rapido,228.04,Transport,UPI,November
03-11-2025,Amazon,3452.95,Online Shopping,Net Banking,November
06-02-2025,CCD,623.51,Food,Net Banking,February
25-07-2025,AirAsia,9974.99,Travel,UPI,July
30-08-2025,Reliance Fresh,1624.5,Grocery,Debit Card,August
11-10-2025,Pepperfry,14948.76,Online Shopping,UPI,October
04-11-2025,SonyLiv,685.67,Entertainment,Net Banking,November
06-03-2025,Reliance Digital,91984.49,Electronics,Debit Card,March
06-05-2025,Spencers,4302.88,Grocery,Debit Card,May
05-07-2025,Ajio,16992.09,Online Shopping,UPI,July
20-06-2025,PharmEasy,15524.65,Healthcare,UPI,June
27-08-2025,Air India,27984,Travel,Credit Card,August
25-08-2025,RedBus,1324.57,Transport,UPI,August
06-02-2025,Subway,1429.47,Food,Debit Card,February
08-09-2025,IndiGo,7841.59,Travel,Net Banking,September
13-12-2025,Woodland,7711.86,Clothing,Net Banking,December
06-05-2025,Ola,1376.98,Transport,Credit Card,May
04-02-2025,A2B,563.71,Food,Credit Card,February
02-11-2025,HP World,9965.75,Electronics,UPI,November
16-02-2025,Lenskart,2429.44,Online Shopping,Net Banking,February
29-12-2025,IndiGo,19630.5,Travel,Credit Card,December
25-06-2025,Cream Stone,832.44,Food,Debit Card,June
02-09-2025,RedBus,792.61,Transport,Net Banking,September
22-12-2025,Amazon,17765.64,Online Shopping,Debit Card,December
30-07-2025,Gaana,660.53,Entertainment,Net Banking,July
24-12-2025,Paradise Biryani,194.1,Food,Credit Card,December
08-06-2025,Allen Solly,6496.52,Clothing,UPI,June
08-12-2025,Zee5,669.09,Entertainment,UPI,December
12-04-2025,Taco Bell,126.15,Food,UPI,April
22-02-2025,IndiGo,2297.18,Travel,UPI,February
02-03-2025,US Polo,7251.49,Clothing,Credit Card,March
29-09-2025,Allen Solly,545.49,Clothing,Credit Card,September
08-01-2025,H&M,3749.25,Clothing,Credit Card,January
05-08-2025,Chai Point,981.12,Food,Net Banking,August
08-07-2025,Mi Store,89726.7,Electronics,UPI,July
09-03-2025,Nature's Basket,525.86,Grocery,Net Banking,March
14-02-2025,OnePlus,149197.11,Electronics,Debit Card,February
29-12-2025,Water Board,1766.65,Bills,UPI,December
25-10-2025,A2B,1268.04,Food,Credit Card,October
10-11-2025,Flipkart,15804.76,Online Shopping,Net Banking,November
22-12-2025,Tata Cliq,709.77,Online Shopping,Debit Card,December
13-06-2025,Subway,525.91,Food,Net Banking,June
07-09-2025,AirAsia,21491.65,Travel,UPI,September
12-11-2025,CloudNine,10150.1,Healthcare,UPI,November
06-11-2025,Property Tax Online,599.75,Bills,Credit Card,November
19-12-2025,Netflix,890.56,Entertainment,UPI,December
21-05-2025,Yatra,24867.56,Travel,UPI,May
11-07-2025,Wrogn,7653.49,Clothing,Net Banking,July
01-04-2025,A2B,1362.74,Food,Net Banking,April
06-01-2025,McDonalds,448.3,Food,UPI,January
30-08-2025,Biba,4150.21,Clothing,UPI,August
23-12-2025,Netflix,825.99,Entertainment,Debit Card,December
27-06-2025,Ajio,17939.67,Online Shopping,Debit Card,June
04-08-2025,Adidas,5732.02,Clothing,Net Banking,August
10-04-2025,Myntra,15843.46,Online Shopping,Net Banking,April
14-09-2025,Woodland,2849.03,Clothing,Credit Card,September
05-09-2025,Water Board,2133.83,Bills,Debit Card,September
25-09-2025,Burger King,586.87,Food,Debit Card,September
25-11-2025,Vivo Store,52603.38,Electronics,Credit Card,November
14-06-2025,Ajio,5364.84,Online Shopping,Credit Card,June
12-03-2025,Allen Solly,6585.16,Clothing,Net Banking,March
21-06-2025,Spencers,988.93,Grocery,UPI,June
30-04-2025,Reliance Fresh,4025.14,Grocery,Net Banking,April
02-01-2025,Dell Exclusive,6757.48,Electronics,Debit Card,January
25-08-2025,Apollo Hospital,9203.48,Healthcare,Debit Card,August
29-04-2025,Apollo Pharmacy,18768.49,Healthcare,Credit Card,April
17-11-2025,YouTube Premium,528.73,Entertainment,UPI,November
20-10-2025,Biba,5811.09,Clothing,Credit Card,October
21-03-2025,Adidas,729.05,Clothing,Debit Card,March
05-03-2025,Woodland,630.04,Clothing,Net Banking,March
09-09-2025,Vivo Store,137121.24,Electronics,Debit Card,September
07-05-2025,Tata Cliq,4770.36,Online Shopping,Net Banking,May
01-11-2025,OYO,26210.65,Travel,Credit Card,November
04-12-2025,BigBazaar,4900.87,Grocery,Net Banking,December
01-10-2025,Zee5,966.79,Entertainment,Credit Card,October
26-01-2025,AirAsia,17034.33,Travel,Net Banking,January
29-04-2025,HP World,79693.95,Electronics,Credit Card,April
04-01-2025,Woodland,2147.95,Clothing,Debit Card,January
26-12-2025,US Polo,6107.36,Clothing,Net Banking,December
01-02-2025,Spencers,912.56,Grocery,UPI,February
13-03-2025,Myntra,9111.71,Online Shopping,Debit Card,March
05-03-2025,YouTube Premium,285.78,Entertainment,Credit Card,March
02-09-2025,Reliance Fresh,2726.01,Grocery,Debit Card,September
18-11-2025,KFC,964,Food,Credit Card,November
06-12-2025,Netmeds,1708.26,Healthcare,Debit Card,December
20-11-2025,Star Bazaar,1546.82,Grocery,UPI,November
27-06-2025,Property Tax Online,748.22,Bills,Net Banking,June
10-10-2025,Air India,1636.45,Travel,Net Banking,October
17-04-2025,Property Tax Online,5176.22,Bills,UPI,April
11-11-2025,Pepperfry,1846.59,Online Shopping,Credit Card,November
18-01-2025,1mg,7689.79,Healthcare,Debit Card,January
27-11-2025,AirAsia,29257.87,Travel,Credit Card,November
03-08-2025,Aha,477.4,Entertainment,Net Banking,August
30-07-2025,Goibibo,22699.69,Travel,Net Banking,July
02-10-2025,Sony Center,72060.14,Electronics,Credit Card,October
16-02-2025,Pizza Hut,914.44,Food,Credit Card,February
07-09-2025,AirAsia,5134.83,Travel,Net Banking,September
24-06-2025,Pepperfry,17582.23,Online Shopping,Net Banking,June
08-11-2025,Zee5,669.21,Entertainment,Credit Card,November
08-06-2025,Max Fashion,6803.03,Clothing,Debit Card,June
23-07-2025,OYO,12058.28,Travel,Net Banking,July
18-10-2025,ACT Fibernet,3164.33,Bills,Debit Card,October
12-09-2025,CloudNine,3742.91,Healthcare,Debit Card,September
17-12-2025,TNEB,3166.76,Bills,Net Banking,December
07-03-2025,Vistara,16120.18,Travel,Credit Card,March
24-03-2025,Apple Music,492.05,Entertainment,Debit Card,March
29-01-2025,Yatra,23573.49,Travel,UPI,January
12-02-2025,TSRTC,947.12,Transport,Debit Card,February
03-04-2025,Nykaa,5859.4,Online Shopping,UPI,April
30-08-2025,Wrogn,7983.18,Clothing,Credit Card,August
25-02-2025,Puma,3787.78,Clothing,Debit Card,February
25-07-2025,IRCTC,28758.21,Travel,Net Banking,July
12-04-2025,Spencers,2669.17,Grocery,Debit Card,April
04-07-2025,Burger King,408.41,Food,UPI,July
16-06-2025,Meru Cabs,879.41,Transport,Debit Card,June
17-03-2025,H&M,6584.41,Clothing,Net Banking,March
21-01-2025,Metro Rail,1597.44,Transport,Net Banking,January
21-05-2025,Jio Fiber,4999.89,Bills,Credit Card,May
18-12-2025,Taco Bell,1362.75,Food,Debit Card,December
11-03-2025,Pepperfry,837.29,Online Shopping,Net Banking,March
03-08-2025,Yulu Bikes,333.48,Transport,Net Banking,August
20-10-2025,YouTube Premium,682,Entertainment,Net Banking,October
12-07-2025,YouTube Premium,146.61,Entertainment,Credit Card,July
26-12-2025,A2B,1259.95,Food,Net Banking,December
29-05-2025,Aha,261.96,Entertainment,Net Banking,May
25-03-2025,Ajio,3601.37,Online Shopping,Net Banking,March
08-01-2025,Aster,9106.46,Healthcare,UPI,January
18-04-2025,Fortis,17117,Healthcare,Debit Card,April
14-08-2025,AirAsia,1101.08,Travel,UPI,August
30-03-2025,Reliance Fresh,1778.71,Grocery,Credit Card,March
18-09-2025,1mg,11609.84,Healthcare,Credit Card,September
26-03-2025,PharmEasy,12366.48,Healthcare,UPI,March
09-05-2025,Dominos,800.74,Food,UPI,May
12-04-2025,Vivo Store,95547.02,Electronics,UPI,April
28-11-2025,PharmEasy,12148.28,Healthcare,UPI,November
18-04-2025,Dell Exclusive,9761.08,Electronics,Debit Card,April
16-07-2025,Croma,26401.86,Electronics,Debit Card,July
01-01-2025,Taco Bell,124.46,Food,Net Banking,January
07-12-2025,Flipkart,8903.7,Online Shopping,UPI,December
17-03-2025,CCD,239.53,Food,Debit Card,March
14-02-2025,HP World,45459.55,Electronics,Credit Card,February
03-12-2025,Apollo Hospital,16891.8,Healthcare,Net Banking,December
15-08-2025,Meesho,9092.74,Online Shopping,Credit Card,August
28-10-2025,Nilgiris,1794.99,Grocery,Debit Card,October
18-12-2025,Apollo Pharmacy,11275.49,Healthcare,UPI,December
23-06-2025,Netmeds,16640.54,Healthcare,Debit Card,June
05-04-2025,YouTube Premium,759.05,Entertainment,Net Banking,April
18-03-2025,Samsung Store,37027.33,Electronics,Debit Card,March
18-07-2025,BigBazaar,4407.24,Grocery,Debit Card,July
02-05-2025,Aha,829.26,Entertainment,UPI,May
11-01-2025,McDonalds,683.57,Food,UPI,January
04-06-2025,BSNL,4274.14,Bills,Net Banking,June
03-01-2025,Pantaloons,7445.37,Clothing,UPI,January
21-05-2025,IRCTC,20596.97,Travel,Debit Card,May
12-11-2025,YouTube Premium,575.9,Entertainment,Credit Card,November
14-04-2025,BMTC,544.17,Transport,Credit Card,April
14-02-2025,TSRTC,1476.65,Transport,Credit Card,February
07-08-2025,Vistara,10470.61,Travel,Debit Card,August
06-06-2025,Samsung Store,66239.46,Electronics,Net Banking,June
29-07-2025,Starbucks,626.89,Food,Net Banking,July
10-01-2025,Yulu Bikes,226.59,Transport,Debit Card,January
15-03-2025,Zee5,341.31,Entertainment,Net Banking,March
05-10-2025,CCD,291.79,Food,UPI,October
07-03-2025,Dell Exclusive,90972.17,Electronics,Debit Card,March
19-09-2025,BSNL,3557.11,Bills,Debit Card,September
22-11-2025,Allen Solly,7855.06,Clothing,Net Banking,November
10-03-2025,Max Fashion,4193.58,Clothing,Debit Card,March
03-08-2025,Hotstar,378.12,Entertainment,Credit Card,August
16-07-2025,Flipkart,15309.14,Online Shopping,UPI,July
14-12-2025,YouTube Premium,775.16,Entertainment,Net Banking,December
03-08-2025,Lenskart,7743.99,Online Shopping,UPI,August
30-07-2025,Nature's Basket,2601.82,Grocery,UPI,July
08-10-2025,Netflix,732.13,Entertainment,Credit Card,October
21-02-2025,Kauvery,14651.58,Healthcare,Net Banking,February
14-09-2025,Adidas,4632.67,Clothing,Net Banking,September
23-08-2025,More Supermarket,1046.02,Grocery,UPI,August
18-11-2025,Pizza Hut,586.05,Food,Credit Card,November
28-08-2025,Chai Point,993.01,Food,Net Banking,August
18-01-2025,Reliance Digital,98720.47,Electronics,UPI,January
08-01-2025,Apollo Pharmacy,15597.99,Healthcare,UPI,January
13-11-2025,ACT Fibernet,3667.24,Bills,Credit Card,November
13-03-2025,Yulu Bikes,1655.5,Transport,Debit Card,March
10-06-2025,Hotstar,830.47,Entertainment,Net Banking,June
19-09-2025,Adidas,5184.66,Clothing,Net Banking,September
20-07-2025,MedPlus,5770.71,Healthcare,Net Banking,July
28-10-2025,Snapdeal,16937.51,Online Shopping,Credit Card,October
04-03-2025,Vodafone Idea,4469.07,Bills,Credit Card,March
20-08-2025,Apollo Hospital,4069.84,Healthcare,Debit Card,August
13-08-2025,Air India,3259.32,Travel,Credit Card,August
01-04-2025,Pepperfry,4551.45,Online Shopping,Net Banking,April
02-03-2025,Reliance Digital,125285.33,Electronics,Debit Card,March
28-08-2025,JioMart,2140.18,Grocery,UPI,August
10-03-2025,Water Board,1171.01,Bills,Credit Card,March
26-12-2025,Spencers,4987.43,Grocery,Credit Card,December
02-07-2025,Yatra,614.88,Travel,UPI,July
01-03-2025,Croma,134562.78,Electronics,Net Banking,March
03-10-2025,Aha,828.41,Entertainment,Credit Card,October
27-09-2025,Vistara,21385.23,Travel,Credit Card,September
11-06-2025,Uber,1898.64,Transport,Credit Card,June
06-12-2025,Mi Store,12651.08,Electronics,Debit Card,December
26-08-2025,Biba,5571.58,Clothing,UPI,August
06-05-2025,PharmEasy,11866.49,Healthcare,Net Banking,May
18-09-2025,Reliance Fresh,3451.68,Grocery,UPI,September
07-07-2025,Adidas,2968.69,Clothing,Credit Card,July
12-07-2025,Subway,698.47,Food,Net Banking,July
15-01-2025,Myntra,12900.53,Online Shopping,UPI,January
29-05-2025,Property Tax Online,4085.79,Bills,Credit Card,May
07-09-2025,Snapdeal,12433.3,Online Shopping,UPI,September
05-05-2025,TNEB,3815.8,Bills,Debit Card,May
06-12-2025,Uber,1367.86,Transport,Net Banking,December
04-11-2025,Vistara,4938.58,Travel,Credit Card,November
14-11-2025,Woodland,3342.81,Clothing,Credit Card,November
25-01-2025,Meesho,13244.08,Online Shopping,UPI,January
31-12-2025,Kauvery,12259.08,Healthcare,UPI,December
23-02-2025,Apollo Hospital,10165.48,Healthcare,Credit Card,February
09-04-2025,IndiGo,16840.72,Travel,Credit Card,April
09-11-2025,Lenskart,19621.75,Online Shopping,Debit Card,November
02-11-2025,Apollo Pharmacy,17413.55,Healthcare,Debit Card,November
02-12-2025,Pepperfry,3996.44,Online Shopping,Credit Card,December
28-11-2025,DMart,4938.14,Grocery,Credit Card,November
26-08-2025,RedBus,1758.44,Transport,Net Banking,August
08-06-2025,BMTC,1484.81,Transport,Debit Card,June
22-10-2025,Booking.com,4103.82,Travel,Credit Card,October
02-05-2025,Pizza Hut,1051.71,Food,Credit Card,May
14-10-2025,TSRTC,1660.04,Transport,Debit Card,October
25-04-2025,RedBus,477.79,Transport,Debit Card,April
24-08-2025,OYO,4808.63,Travel,Credit Card,August
10-03-2025,RedBus,317.54,Transport,Debit Card,March
07-06-2025,Amazon Prime,115.61,Entertainment,UPI,June
19-02-2025,Ola,862.35,Transport,Credit Card,February
06-10-2025,Jio Fiber,532.56,Bills,Debit Card,October
19-08-2025,TNEB,780.34,Bills,Debit Card,August
09-07-2025,Ola,1043.35,Transport,UPI,July
16-02-2025,PharmEasy,12699.47,Healthcare,Net Banking,February
30-04-2025,Asus Store,67315.69,Electronics,Net Banking,April
01-02-2025,Nilgiris,1473.65,Grocery,UPI,February
16-08-2025,Jio Fiber,3338.08,Bills,Net Banking,August
18-08-2025,Tata Cliq,13071.67,Online Shopping,Net Banking,August
05-11-2025,Booking.com,15761.34,Travel,Debit Card,November
11-09-2025,A2B,1487.69,Food,UPI,September
23-01-2025,Goibibo,13599.09,Travel,UPI,January
20-07-2025,Mi Store,85154.28,Electronics,Credit Card,July
25-06-2025,Asus Store,22550.59,Electronics,Debit Card,June
07-08-2025,H&M,3787.79,Clothing,UPI,August
03-05-2025,Paradise Biryani,269.94,Food,UPI,May
15-09-2025,Sony Center,108546.07,Electronics,Debit Card,September
02-04-2025,Pizza Hut,1219.45,Food,Credit Card,April
15-03-2025,Zee5,424.28,Entertainment,Net Banking,March
31-08-2025,Cream Stone,656.16,Food,Debit Card,August
14-04-2025,IRCTC,27616.51,Travel,Net Banking,April
16-05-2025,ACT Fibernet,292.36,Bills,Credit Card,May
15-03-2025,Nykaa,677.2,Online Shopping,Net Banking,March
28-09-2025,Samsung Store,29016.44,Electronics,UPI,September
19-05-2025,Starbucks,1300.66,Food,UPI,May
30-07-2025,Biba,6796.93,Clothing,Debit Card,July
06-05-2025,Lenskart,14397.23,Online Shopping,Credit Card,May
05-10-2025,Snapdeal,12541.79,Online Shopping,Credit Card,October
19-11-2025,Nature's Basket,1625.7,Grocery,Net Banking,November
13-03-2025,Zee5,124.01,Entertainment,Net Banking,March
20-03-2025,Hotstar,507.41,Entertainment,Net Banking,March
18-04-2025,TNEB,3373.73,Bills,Debit Card,April
13-01-2025,Zara,3511.95,Clothing,UPI,January
17-10-2025,Snapdeal,10500.52,Online Shopping,UPI,October
12-05-2025,OnePlus,4646.46,Electronics,Credit Card,May
14-09-2025,Apollo Pharmacy,8840.97,Healthcare,UPI,September
29-06-2025,Tata Cliq,12847.46,Online Shopping,UPI,June
20-09-2025,Reliance Fresh,2591.55,Grocery,Net Banking,September
18-12-2025,Nilgiris,2470.34,Grocery,Credit Card,December
03-01-2025,Apple Store,140355.9,Electronics,Net Banking,January
08-06-2025,US Polo,3810.42,Clothing,Credit Card,June
26-06-2025,Pantaloons,5927.89,Clothing,Net Banking,June
20-06-2025,Yatra,27128.44,Travel,Net Banking,June
05-01-2025,Aha,563.83,Entertainment,Credit Card,January
17-08-2025,Booking.com,24786.87,Travel,UPI,August
22-03-2025,Vodafone Idea,4468.43,Bills,Debit Card,March
06-12-2025,Metro Rail,1592.39,Transport,Credit Card,December
27-09-2025,Noise,53467.25,Electronics,Net Banking,September
20-01-2025,Amazon Prime,672.14,Entertainment,Credit Card,January
03-04-2025,TSRTC,372.43,Transport,Debit Card,April
22-07-2025,Adidas,4964.27,Clothing,Debit Card,July
10-06-2025,Reliance Fresh,4680.79,Grocery,Credit Card,June
26-09-2025,Reliance Fresh,2222.84,Grocery,UPI,September
21-03-2025,Gaana,226.71,Entertainment,Credit Card,March
23-07-2025,Paradise Biryani,818.06,Food,Net Banking,July
08-09-2025,Nilgiris,1636.19,Grocery,Credit Card,September
16-03-2025,Croma,82995.77,Electronics,Net Banking,March
10-08-2025,Metro Rail,840.16,Transport,Credit Card,August
01-07-2025,Tata Cliq,16683.59,Online Shopping,Credit Card,July
20-08-2025,Flipkart,14058.43,Online Shopping,Net Banking,August
13-05-2025,Samsung Store,76876.53,Electronics,Credit Card,May
06-05-2025,Gas Agency,5865.08,Bills,Debit Card,May
25-02-2025,Rapido,991.44,Transport,Credit Card,February
06-11-2025,Star Bazaar,4684.39,Grocery,Credit Card,November
08-12-2025,Spotify,363.44,Entertainment,UPI,December
29-11-2025,Cream Stone,733.4,Food,Credit Card,November
14-12-2025,Barbeque Nation,784.8,Food,Credit Card,December
11-01-2025,Taco Bell,1197.89,Food,Debit Card,January
29-04-2025,More Supermarket,598.84,Grocery,Credit Card,April
17-02-2025,Meesho,17138.98,Online Shopping,UPI,February
10-01-2025,Goibibo,14308.69,Travel,UPI,January
19-03-2025,Barbeque Nation,776.36,Food,Net Banking,March
20-02-2025,TSRTC,493.69,Transport,UPI,February
16-11-2025,Puma,7927.64,Clothing,Debit Card,November
05-05-2025,Tata Cliq,2771.36,Online Shopping,Credit Card,May
04-09-2025,RedBus,130.13,Transport,Net Banking,September
13-07-2025,Booking.com,24788.87,Travel,Debit Card,July
12-05-2025,DMart,443.44,Grocery,UPI,May
20-10-2025,MedPlus,7505.77,Healthcare,Net Banking,October
12-06-2025,Puma,2854.41,Clothing,Credit Card,June
05-11-2025,Dell Exclusive,74104.53,Electronics,Net Banking,November
26-02-2025,ACT Fibernet,1949.16,Bills,Debit Card,February
31-10-2025,Aster,15902.96,Healthcare,Credit Card,October
04-10-2025,Flipkart,19540.87,Online Shopping,Net Banking,October
13-08-2025,McDonalds,390.33,Food,Debit Card,August
06-01-2025,Fortis,19019.41,Healthcare,Credit Card,January
14-07-2025,Air India,26944.64,Travel,UPI,July
10-12-2025,Airtel,393.89,Bills,Net Banking,December
18-10-2025,BSNL,2015.64,Bills,UPI,October
25-03-2025,Nature's Basket,1555.25,Grocery,UPI,March
03-11-2025,Kauvery,8696.86,Healthcare,Credit Card,November
11-06-2025,Tata Cliq,14782.03,Online Shopping,Credit Card,June
26-08-2025,Chai Point,1295.45,Food,Net Banking,August
06-10-2025,Airtel,5838.45,Bills,Net Banking,October
28-02-2025,Netflix,733.84,Entertainment,UPI,February
08-11-2025,Chai Point,1497.97,Food,UPI,November
15-05-2025,US Polo,7164.67,Clothing,Debit Card,May
09-10-2025,Aster,14109.93,Healthcare,Debit Card,October
07-01-2025,Nilgiris,1181.13,Grocery,UPI,January
10-03-2025,Gas Agency,453.86,Bills,Net Banking,March
10-12-2025,Booking.com,11762.66,Travel,UPI,December
23-06-2025,Biba,5977.64,Clothing,Net Banking,June
10-07-2025,Amazon,18724.54,Online Shopping,Credit Card,July
01-07-2025,CloudNine,12613.27,Healthcare,UPI,July
16-01-2025,ACT Fibernet,562.1,Bills,Net Banking,January
21-10-2025,Samsung Store,61604.27,Electronics,UPI,October
25-12-2025,Jio Fiber,3535.3,Bills,Credit Card,December
18-11-2025,Puma,1109.53,Clothing,Debit Card,November
27-02-2025,JioMart,2986.54,Grocery,UPI,February
19-05-2025,Mi Store,82868.58,Electronics,UPI,May
25-03-2025,IndiGo,16666.71,Travel,Net Banking,March
29-10-2025,H&M,4960.58,Clothing,Debit Card,October
27-02-2025,Tata Cliq,17441.97,Online Shopping,Debit Card,February
03-12-2025,Myntra,9321.1,Online Shopping,UPI,December
26-10-2025,McDonalds,271.18,Food,Net Banking,October
12-06-2025,Hotstar,694.82,Entertainment,Net Banking,June
08-11-2025,Airtel,3286.39,Bills,UPI,November
25-11-2025,TNEB,2401.19,Bills,UPI,November
05-04-2025,Chai Point,218.3,Food,Debit Card,April
26-09-2025,Netflix,587.47,Entertainment,Debit Card,September
20-01-2025,Croma,113333.12,Electronics,UPI,January
20-09-2025,Yulu Bikes,1774.98,Transport,Debit Card,September
31-12-2025,Croma,124834.5,Electronics,Net Banking,December
15-09-2025,Noise,85285.14,Electronics,Debit Card,September
08-11-2025,Lenskart,13646.56,Online Shopping,Debit Card,November
11-07-2025,MedPlus,14161.43,Healthcare,Credit Card,July
22-09-2025,Myntra,3079.72,Online Shopping,Credit Card,September
14-07-2025,Vodafone Idea,4628.27,Bills,Debit Card,July
15-07-2025,MedPlus,2205.36,Healthcare,Debit Card,July
14-11-2025,Myntra,9534.27,Online Shopping,Debit Card,November
03-06-2025,Nilgiris,2250.07,Grocery,Debit Card,June
08-12-2025,BSNL,3567.82,Bills,UPI,December
12-09-2025,Netflix,487.16,Entertainment,Net Banking,September
29-10-2025,Amazon,14655.62,Online Shopping,Credit Card,October
18-12-2025,BigBazaar,2703.56,Grocery,Debit Card,December
17-07-2025,Gaana,842.74,Entertainment,Credit Card,July
23-01-2025,Cream Stone,241.58,Food,Debit Card,January
28-01-2025,Lenskart,7056.62,Online Shopping,UPI,January
16-09-2025,Flipkart,3825.15,Online Shopping,UPI,September
30-11-2025,Tata Cliq,11028.97,Online Shopping,Credit Card,November
28-03-2025,Amazon Prime,736.11,Entertainment,Credit Card,March
05-07-2025,YouTube Premium,303.91,Entertainment,Net Banking,July
05-12-2025,TSRTC,343.06,Transport,Credit Card,December
11-02-2025,Zara,2061.92,Clothing,Debit Card,February
07-10-2025,Ola,679.11,Transport,UPI,October
20-11-2025,Flipkart,10771.58,Online Shopping,Net Banking,November
21-12-2025,Booking.com,28416.93,Travel,Credit Card,December
27-11-2025,1mg,13739.47,Healthcare,Credit Card,November
08-11-2025,Noise,149809.51,Electronics,UPI,November
22-10-2025,PharmEasy,18722.74,Healthcare,Net Banking,October
09-06-2025,Meru Cabs,1375.27,Transport,Credit Card,June
28-11-2025,TSRTC,1892.13,Transport,Credit Card,November
06-11-2025,Sony Center,51998.8,Electronics,UPI,November
26-11-2025,Pantaloons,5858.06,Clothing,Credit Card,November
08-07-2025,Vivo Store,115944.18,Electronics,Net Banking,July
15-03-2025,H&M,1364.47,Clothing,Debit Card,March
23-09-2025,Ola,1345.14,Transport,Debit Card,September
26-06-2025,YouTube Premium,793.92,Entertainment,Debit Card,June
01-07-2025,TSRTC,314.45,Transport,Debit Card,July
07-05-2025,Mi Store,99413.08,Electronics,UPI,May
18-06-2025,Jio Fiber,4032.13,Bills,UPI,June
14-11-2025,SonyLiv,940.34,Entertainment,UPI,November
12-01-2025,Aster,10391.15,Healthcare,UPI,January
29-09-2025,Meru Cabs,1307.01,Transport,Net Banking,September
14-07-2025,YouTube Premium,799.3,Entertainment,UPI,July
20-01-2025,Allen Solly,5466.64,Clothing,Net Banking,January
24-10-2025,Spotify,912.39,Entertainment,UPI,October
11-01-2025,Vodafone Idea,2753.94,Bills,Net Banking,January
11-08-2025,OYO,1890.83,Travel,Net Banking,August
03-06-2025,Chai Point,392.84,Food,Net Banking,June
19-01-2025,Nature's Basket,2174.23,Grocery,Net Banking,January
18-07-2025,Puma,5680.75,Clothing,Credit Card,July
11-12-2025,Spotify,343.42,Entertainment,UPI,December
09-04-2025,US Polo,5174.01,Clothing,Debit Card,April
05-06-2025,Sony Center,100827.11,Electronics,Net Banking,June
22-05-2025,Jio Fiber,1887.24,Bills,Debit Card,May
20-11-2025,Aster,8174.74,Healthcare,Net Banking,November
10-11-2025,Vodafone Idea,5639.92,Bills,Credit Card,November
18-06-2025,Wrogn,3592.34,Clothing,Credit Card,June
23-05-2025,Pizza Hut,1074.09,Food,Net Banking,May
22-06-2025,Goibibo,3934.44,Travel,Debit Card,June
16-08-2025,Taco Bell,1079.24,Food,UPI,August
31-07-2025,Saravana Bhavan,251.86,Food,Net Banking,July
22-08-2025,HP World,102786.23,Electronics,Net Banking,August
31-05-2025,1mg,7587.9,Healthcare,Net Banking,May
18-07-2025,Gaana,492.75,Entertainment,Credit Card,July
02-12-2025,Gas Agency,3567.01,Bills,Net Banking,December
01-05-2025,Uber,315.77,Transport,Debit Card,May
08-08-2025,Zara,3124.38,Clothing,Credit Card,August
25-08-2025,Air India,23581.8,Travel,Credit Card,August
08-09-2025,Amazon,9526.2,Online Shopping,Net Banking,September
24-08-2025,More Supermarket,538.14,Grocery,Net Banking,August
29-04-2025,Nature's Basket,2280.22,Grocery,Net Banking,April
09-11-2025,Star Bazaar,942.88,Grocery,Debit Card,November
05-12-2025,Spencers,3009.84,Grocery,Net Banking,December
18-09-2025,Subway,650.54,Food,UPI,September
06-06-2025,OnePlus,61848.9,Electronics,Net Banking,June
29-07-2025,Aster,17638.05,Healthcare,Credit Card,July
19-10-2025,More Supermarket,4112.29,Grocery,UPI,October
03-07-2025,US Polo,4140.55,Clothing,Net Banking,July
20-05-2025,Ajio,16515.81,Online Shopping,UPI,May
04-01-2025,YouTube Premium,511.91,Entertainment,Debit Card,January
23-08-2025,YouTube Premium,696.6,Entertainment,Debit Card,August
25-03-2025,Chai Point,499.3,Food,Net Banking,March
23-07-2025,Nilgiris,389.68,Grocery,Debit Card,July
01-08-2025,Kauvery,7540.82,Healthcare,Debit Card,August
16-04-2025,Samsung Store,79763.99,Electronics,Debit Card,April
29-03-2025,Puma,2965.02,Clothing,Net Banking,March
01-09-2025,Snapdeal,545.23,Online Shopping,Debit Card,September
09-07-2025,Property Tax Online,2880.28,Bills,Credit Card,July
19-01-2025,Booking.com,15334.58,Travel,UPI,January
22-02-2025,Apple Music,317.1,Entertainment,Net Banking,February
10-01-2025,Levis,6106.66,Clothing,Debit Card,January
17-05-2025,Vodafone Idea,313.83,Bills,Credit Card,May
01-04-2025,Snapdeal,6800.27,Online Shopping,Debit Card,April
17-05-2025,Boat Lifestyle,45452.86,Electronics,Debit Card,May
22-02-2025,Levis,2416.6,Clothing,Net Banking,February
18-03-2025,Water Board,5008.61,Bills,Debit Card,March
29-12-2025,Nykaa,11056.9,Online Shopping,UPI,December
02-01-2025,Taco Bell,870.88,Food,Debit Card,January
19-09-2025,Booking.com,14839.72,Travel,Net Banking,September
28-12-2025,Pantaloons,6492.91,Clothing,Net Banking,December
13-07-2025,Levis,3060.54,Clothing,Credit Card,July
30-10-2025,Air India,26028.99,Travel,Debit Card,October
20-04-2025,Airtel,3262.78,Bills,UPI,April
02-11-2025,Nilgiris,2915.54,Grocery,UPI,November
04-06-2025,Fortis,9594.79,Healthcare,UPI,June
30-06-2025,Nike,4143.09,Clothing,Net Banking,June
17-01-2025,IRCTC,11115.37,Travel,Net Banking,January
19-11-2025,More Supermarket,4618.73,Grocery,Credit Card,November
16-04-2025,KFC,1495.35,Food,Debit Card,April
07-03-2025,ACT Fibernet,1317.06,Bills,UPI,March
23-05-2025,Starbucks,837.31,Food,Debit Card,May
13-10-2025,Noise,149349.96,Electronics,UPI,October
28-05-2025,Paradise Biryani,1307.46,Food,UPI,May
19-11-2025,Rapido,365.48,Transport,UPI,November
31-07-2025,Star Bazaar,338.01,Grocery,Debit Card,July
23-03-2025,Nilgiris,2907.71,Grocery,Credit Card,March
07-05-2025,Water Board,3967.31,Bills,UPI,May
16-12-2025,OYO,2044.97,Travel,UPI,December
18-07-2025,Amazon,10497.51,Online Shopping,Net Banking,July
23-11-2025,Goibibo,6111.48,Travel,Net Banking,November
14-02-2025,Water Board,3755.84,Bills,Net Banking,February
20-01-2025,Saravana Bhavan,554.4,Food,Net Banking,January
26-11-2025,Netflix,959.4,Entertainment,Net Banking,November
05-01-2025,McDonalds,946.7,Food,Debit Card,January
16-06-2025,Vivo Store,47234.6,Electronics,Debit Card,June
16-08-2025,Netflix,512.76,Entertainment,Debit Card,August
24-01-2025,ACT Fibernet,1095.07,Bills,Net Banking,January
09-03-2025,Apollo Pharmacy,1563,Healthcare,Credit Card,March
08-01-2025,Netmeds,8794.54,Healthcare,Net Banking,January
18-10-2025,Jio Fiber,866.04,Bills,Debit Card,October
31-08-2025,BSNL,5333.85,Bills,Debit Card,August
16-12-2025,Spotify,450.82,Entertainment,Debit Card,December
11-03-2025,Property Tax Online,4252.57,Bills,Debit Card,March
10-07-2025,Paradise Biryani,1434.66,Food,UPI,July
06-05-2025,Starbucks,1096.88,Food,Credit Card,May
06-09-2025,IRCTC,12537.15,Travel,UPI,September
26-03-2025,TSRTC,994.63,Transport,Debit Card,March
03-05-2025,Chai Point,1170.89,Food,Net Banking,May
28-04-2025,Property Tax Online,3213.42,Bills,Net Banking,April
16-09-2025,Apple Store,9854.95,Electronics,Net Banking,September
21-09-2025,Water Board,2199.1,Bills,Net Banking,September
31-10-2025,Tata Cliq,240.3,Online Shopping,Net Banking,October
24-04-2025,Hotstar,988.47,Entertainment,Debit Card,April
12-08-2025,MedPlus,10815.86,Healthcare,UPI,August
23-02-2025,BMTC,1389.94,Transport,UPI,February
10-02-2025,IndiGo,20016.05,Travel,Credit Card,February
23-06-2025,Dominos,283.51,Food,Debit Card,June
16-04-2025,DMart,2851.49,Grocery,UPI,April
18-05-2025,SonyLiv,190.76,Entertainment,Net Banking,May
29-07-2025,Goibibo,5831.23,Travel,Net Banking,July
12-01-2025,Vivo Store,72835.1,Electronics,Credit Card,January
06-11-2025,Property Tax Online,4179.48,Bills,Debit Card,November
23-03-2025,CCD,369.6,Food,Debit Card,March
01-10-2025,DMart,4507.27,Grocery,Credit Card,October
25-03-2025,Saravana Bhavan,289.19,Food,Credit Card,March
07-08-2025,Spencers,2700.35,Grocery,Net Banking,August
16-06-2025,YouTube Premium,446.66,Entertainment,Net Banking,June
09-09-2025,Rapido,454.74,Transport,Net Banking,September
07-04-2025,Rapido,1124.4,Transport,UPI,April
15-02-2025,CCD,668.06,Food,Net Banking,February
19-02-2025,BSNL,4311.46,Bills,Credit Card,February
03-03-2025,Jio Fiber,5628.84,Bills,Credit Card,March
30-04-2025,Biba,2199.05,Clothing,Net Banking,April
27-01-2025,Pantaloons,7570.65,Clothing,Credit Card,January
17-09-2025,Spencers,4460.32,Grocery,Credit Card,September
06-02-2025,Spencers,2046.14,Grocery,Debit Card,February
10-12-2025,Pantaloons,742.77,Clothing,Credit Card,December
10-08-2025,Allen Solly,5264.73,Clothing,UPI,August
15-12-2025,Vodafone Idea,1332.3,Bills,Credit Card,December
24-08-2025,OYO,24723.19,Travel,Debit Card,August
10-10-2025,Rapido,598.06,Transport,Debit Card,October
22-10-2025,Reliance Fresh,3877.41,Grocery,Credit Card,October
22-07-2025,Myntra,3166.67,Online Shopping,UPI,July
25-05-2025,TNEB,1323.76,Bills,Debit Card,May
21-03-2025,OYO,23297.32,Travel,Net Banking,March
02-03-2025,Spencers,4608.97,Grocery,Credit Card,March
21-07-2025,Sony Center,102654.19,Electronics,UPI,July
27-11-2025,Flipkart,17869.11,Online Shopping,Debit Card,November
30-05-2025,Amazon Prime,402.57,Entertainment,Net Banking,May
19-10-2025,CloudNine,13010.73,Healthcare,Debit Card,October
12-11-2025,BigBazaar,3366.42,Grocery,Debit Card,November
05-10-2025,Air India,8461.66,Travel,Net Banking,October
27-03-2025,Apollo Hospital,12510.41,Healthcare,UPI,March
09-11-2025,Nilgiris,421.42,Grocery,UPI,November
02-10-2025,Reliance Digital,85807.31,Electronics,Net Banking,October
21-03-2025,Tata Cliq,10670.63,Online Shopping,Debit Card,March
04-09-2025,Biba,579.03,Clothing,Net Banking,September
19-06-2025,PharmEasy,9134,Healthcare,Net Banking,June
19-01-2025,Netflix,770.34,Entertainment,Credit Card,January
27-10-2025,TSRTC,905.22,Transport,Credit Card,October
21-08-2025,OYO,9146.54,Travel,Credit Card,August
07-09-2025,Reliance Digital,126973.35,Electronics,Debit Card,September
23-10-2025,JioMart,2120.58,Grocery,Net Banking,October
24-08-2025,Samsung Store,111887.57,Electronics,Credit Card,August
18-11-2025,Yulu Bikes,1436.56,Transport,Credit Card,November
18-05-2025,Vistara,2342.58,Travel,Debit Card,May
24-03-2025,Uber,724.77,Transport,UPI,March
21-10-2025,Spencers,1212.19,Grocery,UPI,October
22-02-2025,KFC,1160.47,Food,Debit Card,February
10-12-2025,HP World,147064.51,Electronics,Credit Card,December
10-02-2025,Adidas,7928.3,Clothing,Credit Card,February
05-07-2025,H&M,2692.62,Clothing,Credit Card,July
06-06-2025,YouTube Premium,603.61,Entertainment,Net Banking,June
08-12-2025,Myntra,17217.43,Online Shopping,Net Banking,December
25-02-2025,Goibibo,7423.46,Travel,UPI,February
06-06-2025,Netflix,300.02,Entertainment,UPI,June
16-01-2025,Netflix,538.56,Entertainment,Credit Card,January
20-01-2025,Aster,1028.71,Healthcare,Credit Card,January
10-04-2025,Flipkart,14620.72,Online Shopping,UPI,April
31-07-2025,Boat Lifestyle,117848.43,Electronics,Net Banking,July
04-03-2025,Aster,19475.39,Healthcare,UPI,March
21-06-2025,Snapdeal,10630.41,Online Shopping,UPI,June
07-03-2025,McDonalds,1304.28,Food,Credit Card,March
27-02-2025,Flipkart,7954.5,Online Shopping,Debit Card,February
30-12-2025,Netmeds,14745.26,Healthcare,Net Banking,December
11-11-2025,IndiGo,8661.39,Travel,Net Banking,November
11-03-2025,YouTube Premium,603.5,Entertainment,Debit Card,March
04-04-2025,Nike,5275.52,Clothing,Debit Card,April
02-06-2025,Fortis,10473.59,Healthcare,Credit Card,June
21-09-2025,HP World,45429.5,Electronics,Net Banking,September
23-05-2025,Spencers,3029.15,Grocery,Net Banking,May
22-12-2025,Yulu Bikes,572.6,Transport,Net Banking,December
03-10-2025,Uber,711.39,Transport,Net Banking,October
24-08-2025,Wrogn,7902.76,Clothing,Net Banking,August
30-11-2025,Kauvery,8743.52,Healthcare,Debit Card,November
26-04-2025,BMTC,1794.71,Transport,Net Banking,April
23-03-2025,More Supermarket,3121.34,Grocery,Net Banking,March
30-01-2025,Pizza Hut,846.93,Food,Credit Card,January
28-08-2025,Samsung Store,124616.3,Electronics,UPI,August
05-02-2025,Chai Point,319.11,Food,Debit Card,February
24-10-2025,PharmEasy,1030.38,Healthcare,Debit Card,October
21-06-2025,IndiGo,3283.48,Travel,Credit Card,June
05-11-2025,Water Board,292.83,Bills,Credit Card,November
11-06-2025,OYO,23791.49,Travel,UPI,June
25-09-2025,Star Bazaar,4510.72,Grocery,Net Banking,September
22-04-2025,BSNL,5094.47,Bills,Debit Card,April
06-08-2025,Biba,2685.24,Clothing,Debit Card,August
11-12-2025,Star Bazaar,3716.69,Grocery,Net Banking,December
09-04-2025,Amazon Prime,966.25,Entertainment,Net Banking,April
31-07-2025,Meesho,18119.79,Online Shopping,Debit Card,July
02-12-2025,Burger King,1252.09,Food,UPI,December
14-11-2025,Asus Store,24850.41,Electronics,Debit Card,November
21-06-2025,Sony Center,4274.69,Electronics,Debit Card,June
16-02-2025,IRCTC,22798.9,Travel,Net Banking,February
25-07-2025,Nature's Basket,3198.43,Grocery,UPI,July
02-08-2025,JioMart,3750.45,Grocery,Debit Card,August
14-10-2025,Biba,6857.44,Clothing,UPI,October
25-03-2025,Burger King,920.15,Food,Credit Card,March
12-02-2025,Chai Point,806.07,Food,Debit Card,February
14-11-2025,Hotstar,189.11,Entertainment,Net Banking,November
06-12-2025,Reliance Digital,57283.39,Electronics,Debit Card,December
14-12-2025,Metro Rail,259.35,Transport,Net Banking,December
21-05-2025,Property Tax Online,4431.95,Bills,UPI,May
26-07-2025,CCD,267.47,Food,Debit Card,July
11-05-2025,Booking.com,960.81,Travel,UPI,May
30-03-2025,BigBazaar,4429.65,Grocery,Credit Card,March
03-02-2025,Taco Bell,1174.11,Food,Credit Card,February
20-10-2025,Nike,4558.86,Clothing,Credit Card,October
17-10-2025,CCD,1448.1,Food,UPI,October
19-10-2025,SonyLiv,974.72,Entertainment,UPI,October
25-01-2025,Apollo Pharmacy,4233.67,Healthcare,Net Banking,January
01-04-2025,Meru Cabs,1392.64,Transport,Debit Card,April
28-04-2025,KFC,1308.51,Food,Credit Card,April
21-07-2025,Kauvery,1660.65,Healthcare,Debit Card,July
10-06-2025,PharmEasy,10204.39,Healthcare,Net Banking,June
26-05-2025,SonyLiv,610.01,Entertainment,Debit Card,May
05-11-2025,TSRTC,691.63,Transport,Debit Card,November
18-03-2025,Burger King,556.6,Food,Credit Card,March
20-07-2025,Taco Bell,101.46,Food,Credit Card,July
31-01-2025,Water Board,508.77,Bills,Net Banking,January
18-01-2025,Fortis,1974.71,Healthcare,UPI,January
17-01-2025,Nilgiris,685.22,Grocery,Debit Card,January
09-07-2025,HP World,84798.67,Electronics,Net Banking,July
20-01-2025,Nike,6335.03,Clothing,Credit Card,January
11-04-2025,Vodafone Idea,5707.02,Bills,Debit Card,April
30-12-2025,RedBus,369.01,Transport,Debit Card,December
21-04-2025,IRCTC,1928.17,Travel,UPI,April
27-10-2025,Noise,126862.8,Electronics,UPI,October
22-11-2025,SonyLiv,316.39,Entertainment,UPI,November
12-09-2025,AirAsia,10454.07,Travel,Debit Card,September
30-08-2025,Meru Cabs,971.09,Transport,UPI,August
06-01-2025,Yulu Bikes,486.8,Transport,Credit Card,January
31-01-2025,Kauvery,18889.88,Healthcare,UPI,January
12-10-2025,Water Board,3996.2,Bills,Credit Card,October
06-01-2025,Water Board,3331.01,Bills,Credit Card,January
20-11-2025,Dominos,571.22,Food,UPI,November
29-01-2025,A2B,835.42,Food,Debit Card,January
30-06-2025,Dominos,1367.4,Food,Debit Card,June
25-02-2025,Snapdeal,17628.94,Online Shopping,Net Banking,February
07-05-2025,CCD,695.84,Food,UPI,May
02-06-2025,Hotstar,877.65,Entertainment,Net Banking,June
22-06-2025,MakeMyTrip,12420.06,Travel,Credit Card,June
04-03-2025,Water Board,4699.67,Bills,Credit Card,March
22-07-2025,Vistara,7003.47,Travel,UPI,July
18-02-2025,Pizza Hut,265.72,Food,Credit Card,February
10-10-2025,Puma,7287.9,Clothing,Net Banking,October
12-07-2025,HP World,119838.66,Electronics,UPI,July
31-08-2025,Yulu Bikes,471.16,Transport,Net Banking,August
24-07-2025,Snapdeal,19139.33,Online Shopping,Credit Card,July
28-01-2025,Puma,5661.92,Clothing,Net Banking,January
13-12-2025,Cream Stone,863.04,Food,UPI,December
05-11-2025,Boat Lifestyle,141218.86,Electronics,UPI,November
01-08-2025,Apple Store,11779.45,Electronics,Debit Card,August
27-02-2025,Nykaa,19542.23,Online Shopping,Credit Card,February
20-03-2025,Subway,553.97,Food,Debit Card,March
14-05-2025,Puma,4547.6,Clothing,Net Banking,May
21-05-2025,Cream Stone,705.78,Food,Debit Card,May
08-07-2025,BigBazaar,768.3,Grocery,Debit Card,July
06-05-2025,Spencers,639.56,Grocery,Net Banking,May
24-09-2025,Water Board,1234.73,Bills,Net Banking,September
16-01-2025,Dell Exclusive,49085.04,Electronics,UPI,January
01-06-2025,Vistara,26640.71,Travel,UPI,June
05-02-2025,Spencers,1267.41,Grocery,Net Banking,February
08-09-2025,Apollo Pharmacy,8719.23,Healthcare,Debit Card,September
15-05-2025,Apollo Pharmacy,18799.96,Healthcare,Net Banking,May
27-06-2025,Netmeds,14420.78,Healthcare,UPI,June
31-12-2025,HP World,7025.44,Electronics,UPI,December
15-10-2025,Ola,833.64,Transport,Credit Card,October
19-06-2025,Yulu Bikes,1060.45,Transport,UPI,June
29-03-2025,Ajio,6425.56,Online Shopping,UPI,March
03-03-2025,BigBazaar,4397.76,Grocery,Debit Card,March
08-12-2025,OnePlus,138839.82,Electronics,UPI,December
25-01-2025,Gaana,450.06,Entertainment,Net Banking,January
01-04-2025,Aha,320.19,Entertainment,Debit Card,April
08-12-2025,Hotstar,614.79,Entertainment,Credit Card,December
11-01-2025,Snapdeal,2280.31,Online Shopping,UPI,January
02-07-2025,Spencers,796.87,Grocery,Debit Card,July
10-01-2025,Meru Cabs,111.51,Transport,Net Banking,January
09-02-2025,Vistara,10645.44,Travel,Debit Card,February
14-01-2025,Pepperfry,9837.52,Online Shopping,Debit Card,January
17-09-2025,1mg,762.6,Healthcare,Net Banking,September
30-01-2025,Apple Music,480.04,Entertainment,Credit Card,January
31-01-2025,BSNL,585.96,Bills,Credit Card,January
22-01-2025,Asus Store,5639.35,Electronics,Debit Card,January
28-12-2025,Vivo Store,58106.34,Electronics,Debit Card,December
23-11-2025,Airtel,4982.78,Bills,Debit Card,November
18-10-2025,OnePlus,59260.28,Electronics,UPI,October
24-09-2025,1mg,15965.36,Healthcare,Net Banking,September
07-03-2025,Netmeds,19921.29,Healthcare,Net Banking,March
28-10-2025,PharmEasy,13605.76,Healthcare,Debit Card,October
01-05-2025,Booking.com,15871.51,Travel,UPI,May
18-04-2025,Adidas,1016.73,Clothing,Credit Card,April
25-07-2025,JioMart,3338.95,Grocery,Credit Card,July
11-12-2025,AirAsia,14094.1,Travel,Net Banking,December
21-05-2025,Flipkart,4322.48,Online Shopping,Credit Card,May
24-06-2025,OnePlus,68038,Electronics,UPI,June
26-12-2025,Nature's Basket,365.54,Grocery,Debit Card,December
16-05-2025,Saravana Bhavan,143.62,Food,Credit Card,May
02-09-2025,Booking.com,19911.94,Travel,UPI,September
05-06-2025,Rapido,1737.48,Transport,UPI,June
11-12-2025,HP World,45883.84,Electronics,UPI,December
01-08-2025,Spotify,586.34,Entertainment,Debit Card,August
16-06-2025,HP World,28294.79,Electronics,UPI,June
14-08-2025,Dominos,1360.98,Food,UPI,August
28-09-2025,Myntra,6681.25,Online Shopping,Net Banking,September
04-09-2025,Lenskart,17784.38,Online Shopping,Net Banking,September
09-02-2025,Flipkart,15307.59,Online Shopping,UPI,February
28-11-2025,Spotify,330.83,Entertainment,Credit Card,November
12-11-2025,Kauvery,17967.11,Healthcare,Debit Card,November
13-10-2025,Meru Cabs,458.32,Transport,Debit Card,October
01-01-2025,TSRTC,1830.5,Transport,Credit Card,January
08-03-2025,Apple Music,520.34,Entertainment,Debit Card,March
01-04-2025,Ola,1456.54,Transport,Net Banking,April
06-05-2025,YouTube Premium,407.9,Entertainment,Debit Card,May
08-07-2025,Uber,994.84,Transport,Debit Card,July
23-02-2025,Booking.com,4041.34,Travel,Credit Card,February
19-09-2025,SonyLiv,230.88,Entertainment,Net Banking,September
15-08-2025,Jio Fiber,1420.62,Bills,Debit Card,August
19-07-2025,AirAsia,18962.18,Travel,Credit Card,July
09-07-2025,Apollo Pharmacy,12957.24,Healthcare,UPI,July
04-04-2025,1mg,673.42,Healthcare,Debit Card,April
23-08-2025,Samsung Store,48291.27,Electronics,Debit Card,August
20-04-2025,CCD,1320.45,Food,UPI,April
02-02-2025,More Supermarket,2397.24,Grocery,Credit Card,February
25-06-2025,Barbeque Nation,530.68,Food,UPI,June
21-05-2025,Paradise Biryani,935.83,Food,Net Banking,May
09-06-2025,Lenskart,6741.27,Online Shopping,UPI,June
25-06-2025,Wrogn,1065.89,Clothing,Credit Card,June
29-01-2025,Goibibo,29047.54,Travel,Credit Card,January
19-06-2025,Biba,7215.91,Clothing,Debit Card,June
15-12-2025,Tata Cliq,18577,Online Shopping,Net Banking,December
13-09-2025,Vivo Store,3229.05,Electronics,UPI,September
15-06-2025,Snapdeal,11143.22,Online Shopping,Net Banking,June
09-04-2025,SonyLiv,370.67,Entertainment,Debit Card,April
09-02-2025,Woodland,7046.85,Clothing,UPI,February
21-05-2025,Pantaloons,4349.94,Clothing,UPI,May
23-01-2025,Meesho,6755.24,Online Shopping,Debit Card,January
22-03-2025,Apple Music,720.96,Entertainment,Credit Card,March
10-07-2025,Reliance Fresh,2081.42,Grocery,UPI,July
16-06-2025,Starbucks,1251.97,Food,Debit Card,June
14-08-2025,Reliance Fresh,590.22,Grocery,Credit Card,August
24-09-2025,Sony Center,29600.11,Electronics,Net Banking,September
09-05-2025,OYO,15132.07,Travel,Credit Card,May
13-07-2025,Aster,822.71,Healthcare,Credit Card,July
01-09-2025,Adidas,7536.43,Clothing,UPI,September
21-05-2025,Ajio,15768.63,Online Shopping,UPI,May
01-09-2025,Netflix,633.88,Entertainment,UPI,September
08-11-2025,Woodland,2482.68,Clothing,Credit Card,November
08-04-2025,Woodland,7312.37,Clothing,Credit Card,April
20-02-2025,Levis,3551.19,Clothing,Debit Card,February
20-01-2025,Star Bazaar,758,Grocery,Net Banking,January
24-06-2025,H&M,3920.96,Clothing,Credit Card,June
25-01-2025,Apple Music,948.61,Entertainment,Net Banking,January
28-06-2025,Vodafone Idea,501.47,Bills,Credit Card,June
04-02-2025,RedBus,1705.46,Transport,Net Banking,February
20-01-2025,Puma,7495.86,Clothing,Debit Card,January
01-12-2025,Meesho,2346.16,Online Shopping,Debit Card,December
15-09-2025,Tata Cliq,18904.35,Online Shopping,UPI,September
07-07-2025,ACT Fibernet,750.58,Bills,Debit Card,July
05-06-2025,Yulu Bikes,1940.89,Transport,Debit Card,June
03-12-2025,Fortis,193.25,Healthcare,Debit Card,December
06-08-2025,Allen Solly,2583.75,Clothing,UPI,August
11-07-2025,Chai Point,1138.84,Food,UPI,July
10-08-2025,Dominos,498.34,Food,Debit Card,August
12-12-2025,Vivo Store,103611.66,Electronics,Net Banking,December
07-01-2025,OnePlus,50849.39,Electronics,UPI,January
10-10-2025,Nature's Basket,1109,Grocery,UPI,October
16-01-2025,Mi Store,66872.52,Electronics,Net Banking,January
11-11-2025,Sony Center,26450.34,Electronics,Net Banking,November
04-09-2025,Zara,2698.76,Clothing,UPI,September
26-06-2025,Pepperfry,120.91,Online Shopping,Debit Card,June
26-10-2025,Asus Store,116116.39,Electronics,UPI,October
11-05-2025,Nykaa,19246.61,Online Shopping,UPI,May
08-11-2025,CloudNine,17156.26,Healthcare,Net Banking,November
11-05-2025,Pizza Hut,1330.23,Food,UPI,May
26-05-2025,Booking.com,22861.68,Travel,UPI,May
23-11-2025,AirAsia,17311.31,Travel,Credit Card,November
20-10-2025,Nike,3223.11,Clothing,Credit Card,October
07-03-2025,ACT Fibernet,3943.29,Bills,UPI,March
05-07-2025,TSRTC,656.97,Transport,Credit Card,July
08-11-2025,KFC,1101.8,Food,Debit Card,November
16-12-2025,Kauvery,16635.22,Healthcare,Debit Card,December
30-04-2025,Star Bazaar,2533.57,Grocery,UPI,April
30-06-2025,DMart,3656.5,Grocery,Net Banking,June
16-05-2025,Noise,146221.98,Electronics,UPI,May
08-08-2025,Kauvery,14592.78,Healthcare,Debit Card,August
21-05-2025,Kauvery,13635.83,Healthcare,Net Banking,May
17-04-2025,Cream Stone,131.5,Food,Credit Card,April
01-01-2025,Vistara,17697.66,Travel,Credit Card,January
04-09-2025,Zee5,827.91,Entertainment,Debit Card,September
01-04-2025,MedPlus,17380.84,Healthcare,Debit Card,April
02-10-2025,McDonalds,431.71,Food,UPI,October
10-01-2025,CCD,893.7,Food,Net Banking,January
04-02-2025,IndiGo,8435.54,Travel,Net Banking,February
15-06-2025,Nilgiris,3250.52,Grocery,Credit Card,June
23-12-2025,IRCTC,20146.59,Travel,Credit Card,December
26-01-2025,Yatra,20027.75,Travel,UPI,January
16-05-2025,More Supermarket,3912.16,Grocery,Debit Card,May
18-09-2025,Airtel,4886.44,Bills,UPI,September
12-11-2025,Boat Lifestyle,115363.25,Electronics,UPI,November
30-11-2025,Taco Bell,1132.53,Food,UPI,November
09-04-2025,Boat Lifestyle,94394.62,Electronics,Debit Card,April
28-09-2025,Gaana,373.72,Entertainment,Credit Card,September
15-09-2025,Boat Lifestyle,124461.4,Electronics,Debit Card,September
14-12-2025,BigBazaar,2860.62,Grocery,Debit Card,December
18-09-2025,DMart,2487.41,Grocery,Net Banking,September
12-12-2025,Biba,3700.31,Clothing,Net Banking,December
26-12-2025,Aha,852.26,Entertainment,Credit Card,December
09-07-2025,Snapdeal,14152.64,Online Shopping,Net Banking,July
12-03-2025,Barbeque Nation,480.99,Food,Debit Card,March
10-12-2025,Jio Fiber,4899.14,Bills,Debit Card,December
08-04-2025,Amazon,371.83,Online Shopping,Credit Card,April
08-04-2025,Pepperfry,1007.15,Online Shopping,Debit Card,April
20-02-2025,Snapdeal,9773.41,Online Shopping,Net Banking,February
30-10-2025,Vistara,17239.18,Travel,Net Banking,October
08-06-2025,Ajio,5437.34,Online Shopping,UPI,June
28-11-2025,Samsung Store,147278.88,Electronics,UPI,November
28-05-2025,KFC,1108.69,Food,Credit Card,May
20-06-2025,Paradise Biryani,344.98,Food,Credit Card,June
03-05-2025,CCD,927.84,Food,Credit Card,May
03-01-2025,Airtel,3449,Bills,Credit Card,January
30-09-2025,Gaana,413.85,Entertainment,Net Banking,September
28-01-2025,OnePlus,5636.14,Electronics,Debit Card,January
04-12-2025,TNEB,5903.78,Bills,Net Banking,December
22-03-2025,Noise,147389.4,Electronics,Debit Card,March
15-09-2025,Air India,27052.89,Travel,Debit Card,September
29-06-2025,Vivo Store,114185.63,Electronics,Credit Card,June
09-09-2025,Apple Store,42407.59,Electronics,Debit Card,September
08-04-2025,Amazon Prime,699.85,Entertainment,Debit Card,April
31-07-2025,Ajio,15972.22,Online Shopping,Net Banking,July
07-06-2025,BigBazaar,2758.43,Grocery,Debit Card,June
01-06-2025,Barbeque Nation,468.28,Food,UPI,June
30-07-2025,Samsung Store,47831.44,Electronics,UPI,July
03-11-2025,BSNL,4757.22,Bills,Debit Card,November
26-03-2025,Burger King,398.91,Food,Debit Card,March
18-08-2025,Barbeque Nation,667.84,Food,Credit Card,August
20-07-2025,Cream Stone,715.24,Food,UPI,July
12-03-2025,Kauvery,19512.98,Healthcare,Credit Card,March
04-08-2025,KFC,407.5,Food,UPI,August
29-07-2025,TNEB,2155.85,Bills,Debit Card,July
19-05-2025,1mg,17248.42,Healthcare,Net Banking,May
02-04-2025,Yulu Bikes,1613.48,Transport,Net Banking,April
01-12-2025,Woodland,5939.74,Clothing,Net Banking,December
01-06-2025,Snapdeal,7428.31,Online Shopping,Debit Card,June
17-02-2025,Lenskart,8823.95,Online Shopping,Net Banking,February
16-10-2025,Biba,7817.58,Clothing,Debit Card,October
05-08-2025,Rapido,1762.38,Transport,Net Banking,August
23-10-2025,Spencers,2940.94,Grocery,Credit Card,October
04-06-2025,YouTube Premium,960.59,Entertainment,UPI,June
06-07-2025,Yulu Bikes,923.53,Transport,Net Banking,July
04-06-2025,Pizza Hut,1312.37,Food,Debit Card,June
19-11-2025,ACT Fibernet,5542.36,Bills,Debit Card,November
11-10-2025,PharmEasy,11690.41,Healthcare,Credit Card,October
29-12-2025,Ajio,9313.73,Online Shopping,Debit Card,December
07-03-2025,Croma,88933.34,Electronics,Credit Card,March
27-02-2025,Kauvery,14080.97,Healthcare,UPI,February
05-06-2025,Ola,859.25,Transport,Credit Card,June
26-05-2025,Apollo Pharmacy,5033.6,Healthcare,Debit Card,May
11-01-2025,Burger King,1395.14,Food,Debit Card,January
16-11-2025,Paradise Biryani,648.24,Food,Debit Card,November
31-01-2025,Max Fashion,3494.52,Clothing,UPI,January
03-06-2025,Nature's Basket,552.8,Grocery,Debit Card,June
25-05-2025,Vivo Store,23631.41,Electronics,Credit Card,May
19-07-2025,McDonalds,649.77,Food,UPI,July
26-11-2025,Pizza Hut,720.59,Food,Debit Card,November
01-06-2025,BSNL,5576.66,Bills,Credit Card,June
21-12-2025,RedBus,680.23,Transport,Credit Card,December
06-12-2025,Woodland,4028.13,Clothing,Net Banking,December
01-12-2025,Water Board,1600.73,Bills,Net Banking,December
23-09-2025,Kauvery,5160.03,Healthcare,UPI,September
16-05-2025,MakeMyTrip,15324.62,Travel,UPI,May
28-02-2025,YouTube Premium,993.17,Entertainment,Debit Card,February
04-09-2025,Tata Cliq,14901.24,Online Shopping,UPI,September
09-08-2025,Fortis,17970.84,Healthcare,UPI,August
09-01-2025,Levis,7104.45,Clothing,Debit Card,January
20-01-2025,Allen Solly,5453.23,Clothing,Net Banking,January
15-09-2025,Pepperfry,3792.32,Online Shopping,Net Banking,September
20-03-2025,Star Bazaar,3074.61,Grocery,UPI,March
20-03-2025,Lenskart,19764.91,Online Shopping,UPI,March
18-06-2025,Pepperfry,3022.07,Online Shopping,UPI,June
09-10-2025,Apollo Pharmacy,17710.83,Healthcare,Net Banking,October
08-01-2025,Lenskart,9678.47,Online Shopping,Debit Card,January
14-12-2025,Airtel,2351.51,Bills,Debit Card,December
21-02-2025,IRCTC,21755.19,Travel,Debit Card,February
02-12-2025,Vodafone Idea,872.73,Bills,Credit Card,December
27-04-2025,Zee5,516.99,Entertainment,Net Banking,April
29-11-2025,Vivo Store,5711.32,Electronics,Debit Card,November
28-04-2025,Water Board,5422.26,Bills,Credit Card,April
21-03-2025,Fortis,7329.69,Healthcare,Net Banking,March
22-04-2025,PharmEasy,11410.82,Healthcare,Debit Card,April
06-05-2025,Spencers,1047.5,Grocery,Credit Card,May
03-08-2025,IndiGo,27603.5,Travel,Debit Card,August
29-07-2025,Gas Agency,4661.69,Bills,Debit Card,July
29-12-2025,Spencers,1069.13,Grocery,Credit Card,December
28-01-2025,Metro Rail,1097.98,Transport,Net Banking,January
20-07-2025,Meru Cabs,1141.79,Transport,Credit Card,July
26-06-2025,MakeMyTrip,7673.08,Travel,Debit Card,June
07-12-2025,Gas Agency,4008.68,Bills,UPI,December
10-03-2025,Wrogn,6766.19,Clothing,UPI,March
15-02-2025,McDonalds,937.98,Food,Debit Card,February
18-05-2025,Rapido,1784.97,Transport,Debit Card,May
14-07-2025,TSRTC,1671.26,Transport,Debit Card,July
12-05-2025,Yulu Bikes,556.23,Transport,UPI,May
24-03-2025,1mg,12526.46,Healthcare,Credit Card,March
18-02-2025,1mg,1763.41,Healthcare,Credit Card,February
22-06-2025,Metro Rail,1873.82,Transport,Credit Card,June
20-10-2025,Ola,581.7,Transport,UPI,October
23-11-2025,Property Tax Online,4433.9,Bills,Credit Card,November
03-10-2025,Saravana Bhavan,726.73,Food,Net Banking,October
30-08-2025,DMart,2161.77,Grocery,Net Banking,August
18-06-2025,Vivo Store,87977.29,Electronics,UPI,June
25-05-2025,YouTube Premium,346.74,Entertainment,Debit Card,May
20-01-2025,Pantaloons,5901.94,Clothing,Credit Card,January
19-10-2025,Spencers,3368.37,Grocery,Net Banking,October
27-12-2025,Yatra,8961.68,Travel,Net Banking,December
22-11-2025,Water Board,1871.77,Bills,Net Banking,November
06-07-2025,RedBus,849.83,Transport,Credit Card,July
19-06-2025,Spencers,4987.51,Grocery,Credit Card,June
20-10-2025,Adidas,1508.24,Clothing,Debit Card,October
02-08-2025,Burger King,218.62,Food,UPI,August
29-10-2025,OnePlus,114216.2,Electronics,Credit Card,October
15-09-2025,Boat Lifestyle,46074.97,Electronics,Credit Card,September
25-12-2025,Allen Solly,5053.37,Clothing,Credit Card,December
26-08-2025,BMTC,424.99,Transport,Net Banking,August
15-11-2025,Apple Store,54741.42,Electronics,UPI,November
21-01-2025,More Supermarket,1773.68,Grocery,UPI,January
30-12-2025,Ola,1454.14,Transport,Credit Card,December
09-10-2025,Goibibo,25683,Travel,UPI,October
15-02-2025,Flipkart,12762.93,Online Shopping,Debit Card,February
06-12-2025,Rapido,1611.08,Transport,Net Banking,December
14-12-2025,Meesho,6257.78,Online Shopping,Debit Card,December
18-04-2025,Gaana,160.35,Entertainment,Net Banking,April
22-04-2025,Apple Music,520.3,Entertainment,Credit Card,April
26-06-2025,Taco Bell,1039.1,Food,Debit Card,June
17-12-2025,Property Tax Online,3178.07,Bills,UPI,December
17-07-2025,SonyLiv,127.54,Entertainment,Net Banking,July
07-11-2025,Barbeque Nation,1428.57,Food,Debit Card,November
14-06-2025,Aster,138.93,Healthcare,Net Banking,June
11-11-2025,Aster,952.07,Healthcare,Credit Card,November
27-04-2025,TSRTC,1775.07,Transport,Debit Card,April
11-09-2025,Zee5,398.79,Entertainment,UPI,September
26-08-2025,Aha,543.51,Entertainment,Debit Card,August
24-10-2025,MakeMyTrip,9327.41,Travel,Debit Card,October
29-06-2025,Barbeque Nation,975.33,Food,Net Banking,June
17-07-2025,Lenskart,11030.02,Online Shopping,Net Banking,July
23-01-2025,CloudNine,18968.15,Healthcare,UPI,January
23-11-2025,Metro Rail,85.8,Transport,Debit Card,November
27-09-2025,Taco Bell,1312.47,Food,UPI,September
11-07-2025,JioMart,3079.7,Grocery,UPI,July
04-11-2025,Gaana,398.39,Entertainment,UPI,November
26-12-2025,Star Bazaar,1659.05,Grocery,UPI,December
07-11-2025,Property Tax Online,817.58,Bills,Debit Card,November
23-07-2025,Jio Fiber,5786.68,Bills,Debit Card,July
13-06-2025,Kauvery,4682.61,Healthcare,Debit Card,June
11-05-2025,Flipkart,13354.57,Online Shopping,Net Banking,May
19-02-2025,Adidas,4470.83,Clothing,UPI,February
28-12-2025,Asus Store,108156.02,Electronics,Credit Card,December
11-04-2025,Dell Exclusive,84284.59,Electronics,Credit Card,April
12-06-2025,Lenskart,419,Online Shopping,Debit Card,June
17-09-2025,Nature's Basket,1918.32,Grocery,Net Banking,September
08-04-2025,Pizza Hut,1217.23,Food,Credit Card,April
21-10-2025,MakeMyTrip,11086.21,Travel,Net Banking,October
05-03-2025,Meesho,6917.49,Online Shopping,Net Banking,March
11-10-2025,Apollo Hospital,10258.92,Healthcare,Net Banking,October
10-06-2025,Nike,2733.01,Clothing,UPI,June
25-03-2025,Samsung Store,67008.8,Electronics,Debit Card,March
19-05-2025,CloudNine,15379.7,Healthcare,Net Banking,May
14-11-2025,Yulu Bikes,1730.26,Transport,Net Banking,November
06-10-2025,ACT Fibernet,2910.85,Bills,Debit Card,October
05-07-2025,Max Fashion,5217.55,Clothing,Debit Card,July
12-07-2025,Netflix,564.46,Entertainment,Debit Card,July
20-01-2025,Sony Center,105215.65,Electronics,UPI,January
22-05-2025,Aster,16881.19,Healthcare,Credit Card,May
08-06-2025,ACT Fibernet,3627.36,Bills,Credit Card,June
08-09-2025,BMTC,1919.07,Transport,Net Banking,September
05-02-2025,TSRTC,121.76,Transport,Net Banking,February
22-02-2025,Mi Store,51524.42,Electronics,Debit Card,February
18-09-2025,Lenskart,6547.56,Online Shopping,Debit Card,September
18-07-2025,Aha,652.63,Entertainment,Credit Card,July
19-06-2025,CloudNine,14173.33,Healthcare,Net Banking,June
30-04-2025,AirAsia,29496.39,Travel,Net Banking,April
27-03-2025,Nature's Basket,2413.93,Grocery,Credit Card,March
02-03-2025,Amazon,527.98,Online Shopping,Net Banking,March
28-07-2025,OnePlus,15506.19,Electronics,UPI,July
27-10-2025,Spotify,660.39,Entertainment,UPI,October
16-03-2025,Amazon Prime,300.61,Entertainment,Debit Card,March
29-09-2025,Amazon Prime,799.34,Entertainment,UPI,September
05-03-2025,TSRTC,1318.26,Transport,UPI,March
05-06-2025,Vodafone Idea,666.87,Bills,UPI,June
19-03-2025,SonyLiv,879.98,Entertainment,Debit Card,March
28-04-2025,HP World,33237.89,Electronics,Net Banking,April
28-07-2025,Kauvery,15274.5,Healthcare,UPI,July
04-05-2025,US Polo,6845.98,Clothing,UPI,May
01-06-2025,Myntra,14312.24,Online Shopping,Net Banking,June
06-07-2025,Amazon,19591.4,Online Shopping,Net Banking,July
12-07-2025,Yulu Bikes,1113.58,Transport,Net Banking,July
01-10-2025,Adidas,4599.32,Clothing,Debit Card,October
04-11-2025,Saravana Bhavan,211,Food,Credit Card,November
15-02-2025,Dell Exclusive,117703.22,Electronics,Net Banking,February
13-07-2025,Star Bazaar,3816.4,Grocery,Debit Card,July
07-07-2025,Burger King,522.09,Food,Net Banking,July
03-04-2025,Pantaloons,1373.11,Clothing,UPI,April
21-10-2025,Meesho,17194.79,Online Shopping,Credit Card,October
10-11-2025,RedBus,938.31,Transport,Net Banking,November
05-10-2025,Fortis,17494.66,Healthcare,Debit Card,October
20-01-2025,Asus Store,3905.52,Electronics,Debit Card,January
28-11-2025,Reliance Fresh,1580.79,Grocery,UPI,November
25-10-2025,Pepperfry,18983.63,Online Shopping,Net Banking,October
22-06-2025,Meesho,3655.88,Online Shopping,UPI,June
24-10-2025,CloudNine,4119.25,Healthcare,Credit Card,October
05-10-2025,Ola,469.14,Transport,Credit Card,October
30-11-2025,Sony Center,67007.22,Electronics,Debit Card,November
16-02-2025,A2B,264.33,Food,Credit Card,February
27-09-2025,Vodafone Idea,3693,Bills,Debit Card,September
22-02-2025,Booking.com,17318.24,Travel,Net Banking,February
09-03-2025,Pepperfry,2425.89,Online Shopping,Debit Card,March
16-10-2025,MakeMyTrip,12814.81,Travel,UPI,October
14-04-2025,Amazon,1258.97,Online Shopping,UPI,April
14-02-2025,Levis,6681.59,Clothing,Credit Card,February
30-11-2025,Pizza Hut,776.04,Food,Credit Card,November
12-12-2025,Subway,335.33,Food,UPI,December
18-02-2025,Goibibo,19052.11,Travel,Net Banking,February
27-05-2025,Amazon,2747.36,Online Shopping,Credit Card,May
15-11-2025,Tata Cliq,12271.23,Online Shopping,UPI,November
25-04-2025,Pizza Hut,320.8,Food,UPI,April
14-04-2025,Uber,948.11,Transport,Debit Card,April
08-08-2025,IRCTC,22040.26,Travel,Debit Card,August
19-07-2025,Nykaa,7791.9,Online Shopping,Credit Card,July
01-01-2025,BigBazaar,4302.17,Grocery,Credit Card,January
17-06-2025,Vodafone Idea,4873.18,Bills,Debit Card,June
08-04-2025,Saravana Bhavan,744.13,Food,Debit Card,April
20-09-2025,Uber,759.59,Transport,Credit Card,September
17-08-2025,RedBus,1730.38,Transport,Debit Card,August
23-04-2025,ACT Fibernet,3238.24,Bills,Credit Card,April
18-03-2025,Cream Stone,793.6,Food,Net Banking,March
01-08-2025,Asus Store,113485.54,Electronics,Net Banking,August
19-12-2025,Spotify,309.67,Entertainment,Debit Card,December
20-04-2025,Samsung Store,16937.44,Electronics,Debit Card,April
12-05-2025,Lenskart,15104.15,Online Shopping,Credit Card,May
25-10-2025,Puma,542.52,Clothing,Debit Card,October
20-12-2025,Spencers,4327.53,Grocery,Net Banking,December
16-10-2025,Booking.com,14296.62,Travel,Debit Card,October
27-04-2025,Samsung Store,126798.63,Electronics,Credit Card,April
04-11-2025,Vistara,8863.91,Travel,Debit Card,November
21-05-2025,Nilgiris,388.97,Grocery,Net Banking,May
10-07-2025,DMart,3754.16,Grocery,Net Banking,July
21-12-2025,OYO,2526.2,Travel,Debit Card,December
09-10-2025,Saravana Bhavan,574.92,Food,UPI,October
29-03-2025,JioMart,3745.45,Grocery,Credit Card,March
03-03-2025,PharmEasy,13050.96,Healthcare,UPI,March
20-02-2025,Water Board,682.45,Bills,Debit Card,February
06-01-2025,OnePlus,65207.52,Electronics,Net Banking,January
09-03-2025,H&M,6213.94,Clothing,UPI,March
05-11-2025,Pepperfry,18618.31,Online Shopping,Credit Card,November
05-03-2025,US Polo,3057.97,Clothing,Debit Card,March
12-05-2025,SonyLiv,822.41,Entertainment,Debit Card,May
20-08-2025,Nike,1851.12,Clothing,UPI,August
14-12-2025,Aha,873.54,Entertainment,Debit Card,December
19-09-2025,Amazon,954.55,Online Shopping,Net Banking,September
31-12-2025,Croma,124326.04,Electronics,Net Banking,December
25-12-2025,MedPlus,11681.99,Healthcare,Credit Card,December
21-07-2025,Amazon Prime,392.57,Entertainment,UPI,July
27-02-2025,BMTC,155.46,Transport,Net Banking,February
02-07-2025,OYO,22468.84,Travel,Net Banking,July
18-04-2025,Star Bazaar,2255.08,Grocery,Debit Card,April
24-11-2025,Myntra,19068.34,Online Shopping,Debit Card,November
27-04-2025,Apollo Hospital,1199.75,Healthcare,Debit Card,April
23-09-2025,Biba,3267.07,Clothing,Credit Card,September
13-07-2025,Jio Fiber,1873.11,Bills,Credit Card,July
11-06-2025,Amazon,7252.26,Online Shopping,Debit Card,June
20-11-2025,BigBazaar,1970.92,Grocery,Debit Card,November
08-11-2025,Zee5,806.04,Entertainment,Credit Card,November
20-03-2025,Tata Cliq,4866.22,Online Shopping,Credit Card,March
23-06-2025,Cream Stone,940.29,Food,Debit Card,June
09-02-2025,Burger King,756.43,Food,Debit Card,February
14-04-2025,Metro Rail,611.16,Transport,Credit Card,April
31-05-2025,Star Bazaar,4811.62,Grocery,Debit Card,May
04-12-2025,BSNL,2998.12,Bills,Net Banking,December
27-07-2025,MedPlus,6806.96,Healthcare,Net Banking,July
08-12-2025,H&M,4580.55,Clothing,Credit Card,December
13-06-2025,MakeMyTrip,1956.33,Travel,Debit Card,June
31-07-2025,Airtel,2305.06,Bills,Debit Card,July
24-05-2025,Spencers,3666.18,Grocery,UPI,May
04-04-2025,Nykaa,14695.2,Online Shopping,UPI,April
01-04-2025,Lenskart,8178.1,Online Shopping,Net Banking,April
24-06-2025,Booking.com,7870.47,Travel,Debit Card,June
20-09-2025,Pizza Hut,890.85,Food,Credit Card,September
25-03-2025,Uber,889.24,Transport,Credit Card,March
08-07-2025,Uber,427.19,Transport,Debit Card,July
03-04-2025,Burger King,186.05,Food,Debit Card,April
10-08-2025,Tata Cliq,3464.7,Online Shopping,Credit Card,August
07-06-2025,Vodafone Idea,324.03,Bills,Debit Card,June
09-11-2025,IRCTC,26008.58,Travel,Credit Card,November
13-07-2025,Biba,5995.41,Clothing,Debit Card,July
28-08-2025,Apple Music,143.94,Entertainment,Net Banking,August
22-12-2025,Cream Stone,140.1,Food,UPI,December
01-03-2025,Amazon Prime,817.05,Entertainment,Credit Card,March
15-05-2025,Taco Bell,357.9,Food,Debit Card,May
20-08-2025,Noise,132722.65,Electronics,Debit Card,August
12-06-2025,MakeMyTrip,15423.1,Travel,Debit Card,June
26-10-2025,SonyLiv,464.41,Entertainment,UPI,October
05-05-2025,Aster,6155.87,Healthcare,Net Banking,May
01-12-2025,KFC,1373.43,Food,UPI,December
18-08-2025,Barbeque Nation,608.77,Food,UPI,August
27-04-2025,BigBazaar,4677.27,Grocery,Credit Card,April
09-08-2025,Meru Cabs,405.34,Transport,Debit Card,August
09-04-2025,Pepperfry,10245.39,Online Shopping,Credit Card,April
30-10-2025,Allen Solly,1262.47,Clothing,Credit Card,October
26-02-2025,Gaana,802.99,Entertainment,Credit Card,February
13-04-2025,Meesho,15394.77,Online Shopping,UPI,April
30-10-2025,Gas Agency,4103.1,Bills,Net Banking,October
18-03-2025,Air India,1660.55,Travel,Debit Card,March
02-06-2025,Pepperfry,739.38,Online Shopping,Debit Card,June
18-02-2025,Netflix,862.61,Entertainment,Net Banking,February
27-03-2025,Meru Cabs,82.49,Transport,Debit Card,March
05-08-2025,US Polo,6709.24,Clothing,Credit Card,August
05-03-2025,Mi Store,63254.42,Electronics,Credit Card,March
24-11-2025,Cream Stone,1311.07,Food,UPI,November
09-12-2025,Gas Agency,5998.13,Bills,Credit Card,December
13-11-2025,Vodafone Idea,1254.93,Bills,Credit Card,November
02-02-2025,Tata Cliq,18403.79,Online Shopping,UPI,February
28-01-2025,Fortis,10339.69,Healthcare,Debit Card,January
07-03-2025,Apollo Pharmacy,16122.93,Healthcare,Debit Card,March
07-02-2025,Croma,100894.23,Electronics,Debit Card,February
19-11-2025,Water Board,1751.67,Bills,UPI,November
16-10-2025,IndiGo,3360.61,Travel,Credit Card,October
12-07-2025,Spencers,2948.82,Grocery,Debit Card,July
05-08-2025,Vistara,12735.95,Travel,UPI,August
04-04-2025,Paradise Biryani,1106.14,Food,UPI,April
15-02-2025,Ajio,15360.42,Online Shopping,Debit Card,February
28-08-2025,JioMart,2610.94,Grocery,Debit Card,August
09-03-2025,JioMart,1874.69,Grocery,Credit Card,March
12-02-2025,Meesho,6456.66,Online Shopping,UPI,February
05-12-2025,Vistara,14151.31,Travel,UPI,December
23-08-2025,HP World,55766.06,Electronics,Net Banking,August
03-06-2025,PharmEasy,432.33,Healthcare,Credit Card,June
04-11-2025,Jio Fiber,5228.92,Bills,UPI,November
18-11-2025,ACT Fibernet,1322.38,Bills,UPI,November
20-04-2025,Wrogn,966.17,Clothing,Net Banking,April
13-07-2025,Vistara,16321.32,Travel,Debit Card,July
04-04-2025,Flipkart,7616.68,Online Shopping,UPI,April
23-10-2025,Meesho,13613.98,Online Shopping,Credit Card,October
08-03-2025,Sony Center,134951.28,Electronics,Credit Card,March
18-05-2025,Amazon,7054.28,Online Shopping,Debit Card,May
29-03-2025,SonyLiv,405.33,Entertainment,Credit Card,March
08-05-2025,RedBus,1480.63,Transport,UPI,May
05-08-2025,JioMart,3578.31,Grocery,Net Banking,August
15-12-2025,Dell Exclusive,32808.58,Electronics,UPI,December
12-07-2025,Kauvery,12058.32,Healthcare,Debit Card,July
11-01-2025,Apollo Pharmacy,7458.71,Healthcare,Net Banking,January
25-06-2025,Levis,578.46,Clothing,Net Banking,June
09-03-2025,Uber,391.41,Transport,UPI,March
10-12-2025,Apollo Pharmacy,3821.78,Healthcare,Credit Card,December
22-02-2025,RedBus,1876.49,Transport,UPI,February
18-09-2025,MedPlus,18458.59,Healthcare,Debit Card,September
08-05-2025,Yulu Bikes,1472.28,Transport,Credit Card,May
29-06-2025,Vistara,23544.09,Travel,Net Banking,June
05-05-2025,Croma,30415.9,Electronics,Net Banking,May
21-01-2025,Mi Store,136182.19,Electronics,Credit Card,January
10-09-2025,IRCTC,28861.28,Travel,UPI,September
31-05-2025,Sony Center,142943.57,Electronics,Debit Card,May
14-12-2025,Subway,834.73,Food,Debit Card,December
10-08-2025,Samsung Store,100931.76,Electronics,Credit Card,August
02-08-2025,Myntra,10136.81,Online Shopping,UPI,August
01-10-2025,Amazon Prime,385,Entertainment,UPI,October
22-07-2025,Fortis,665.19,Healthcare,Net Banking,July
30-10-2025,Yulu Bikes,403.29,Transport,Debit Card,October
06-06-2025,Nike,7566.57,Clothing,UPI,June
21-01-2025,Paradise Biryani,892.06,Food,Net Banking,January
27-01-2025,Goibibo,12523.68,Travel,Credit Card,January
03-03-2025,ACT Fibernet,4731.56,Bills,Net Banking,March
22-02-2025,Amazon Prime,244.64,Entertainment,Debit Card,February
29-12-2025,Reliance Fresh,4339.7,Grocery,UPI,December
08-04-2025,Apollo Pharmacy,5331.9,Healthcare,Net Banking,April
13-07-2025,Fortis,9689.58,Healthcare,UPI,July
16-12-2025,Booking.com,4678.72,Travel,UPI,December
10-01-2025,Hotstar,495.23,Entertainment,Credit Card,January
14-04-2025,1mg,19545.38,Healthcare,Credit Card,April
30-08-2025,Spotify,851.85,Entertainment,UPI,August
29-06-2025,MakeMyTrip,21530.29,Travel,Net Banking,June
28-05-2025,PharmEasy,15154.34,Healthcare,UPI,May
01-05-2025,BigBazaar,4813.85,Grocery,UPI,May
22-06-2025,Pepperfry,16473.78,Online Shopping,Credit Card,June
13-04-2025,ACT Fibernet,4641.8,Bills,Debit Card,April
10-11-2025,Reliance Digital,91707.99,Electronics,Credit Card,November
19-10-2025,Amazon Prime,563.66,Entertainment,Net Banking,October
11-11-2025,Noise,48892.48,Electronics,UPI,November
04-09-2025,BigBazaar,1407.26,Grocery,UPI,September
12-06-2025,Netmeds,9009.2,Healthcare,Debit Card,June
29-03-2025,RedBus,1904.79,Transport,Net Banking,March
17-08-2025,Nilgiris,446.35,Grocery,Credit Card,August
02-10-2025,Zee5,325.83,Entertainment,Credit Card,October
28-02-2025,Booking.com,27013.48,Travel,UPI,February
15-11-2025,Spencers,3816.78,Grocery,Net Banking,November
25-10-2025,BSNL,2002.73,Bills,Credit Card,October
15-03-2025,Pepperfry,13207.5,Online Shopping,Credit Card,March
29-10-2025,Taco Bell,1180.17,Food,Credit Card,October
06-08-2025,Uber,274.07,Transport,Net Banking,August
27-05-2025,Taco Bell,125.37,Food,UPI,May
01-08-2025,Max Fashion,6668.56,Clothing,Debit Card,August
11-04-2025,Tata Cliq,10215.69,Online Shopping,Credit Card,April
10-08-2025,Amazon Prime,339.33,Entertainment,Credit Card,August
30-07-2025,Gaana,470.46,Entertainment,Net Banking,July
23-08-2025,IndiGo,9301.08,Travel,Net Banking,August
03-02-2025,Nature's Basket,2221.07,Grocery,Credit Card,February
01-11-2025,BSNL,4975.36,Bills,UPI,November
17-03-2025,Wrogn,6810.38,Clothing,Net Banking,March
23-08-2025,Boat Lifestyle,17072.16,Electronics,Credit Card,August
02-07-2025,Pizza Hut,1326.14,Food,Net Banking,July
11-09-2025,Meesho,3897.32,Online Shopping,Net Banking,September
10-07-2025,Burger King,478.33,Food,UPI,July
07-06-2025,Apollo Hospital,15540.75,Healthcare,Net Banking,June
14-04-2025,BigBazaar,1404.62,Grocery,Net Banking,April
21-04-2025,Myntra,17560,Online Shopping,Debit Card,April
16-05-2025,Jio Fiber,1334.24,Bills,UPI,May
08-06-2025,Apollo Pharmacy,14668.28,Healthcare,Debit Card,June
14-10-2025,MedPlus,16437.37,Healthcare,Credit Card,October
11-01-2025,Cream Stone,652.24,Food,Debit Card,January
21-05-2025,Gaana,669.84,Entertainment,UPI,May
30-10-2025,Dominos,746.21,Food,Credit Card,October
02-05-2025,Croma,86897.34,Electronics,Debit Card,May
09-11-2025,TSRTC,292.37,Transport,Credit Card,November
08-03-2025,Flipkart,3333.89,Online Shopping,Debit Card,March
25-01-2025,Myntra,580.44,Online Shopping,UPI,January
28-07-2025,Aha,887.18,Entertainment,Net Banking,July
06-06-2025,IndiGo,17322.07,Travel,UPI,June
19-06-2025,Meesho,8119.57,Online Shopping,Net Banking,June
02-12-2025,BigBazaar,3320.09,Grocery,UPI,December
21-03-2025,OYO,27294.62,Travel,Credit Card,March
27-08-2025,Levis,7336.07,Clothing,Debit Card,August
17-06-2025,Spotify,512.66,Entertainment,UPI,June
21-06-2025,Vodafone Idea,4768.5,Bills,Net Banking,June
20-05-2025,Saravana Bhavan,1104.4,Food,Debit Card,May
02-04-2025,Ola,659.95,Transport,Debit Card,April
06-02-2025,BSNL,793.98,Bills,Credit Card,February
15-03-2025,Hotstar,375.96,Entertainment,Net Banking,March
28-11-2025,YouTube Premium,557.41,Entertainment,Debit Card,November
03-01-2025,Vistara,5845.74,Travel,Net Banking,January
20-02-2025,IndiGo,3328.08,Travel,Credit Card,February
16-09-2025,Nature's Basket,370.03,Grocery,Net Banking,September
21-03-2025,Zara,4103.09,Clothing,Debit Card,March
27-12-2025,Lenskart,2163.08,Online Shopping,Credit Card,December
15-04-2025,Pantaloons,1810.31,Clothing,Debit Card,April
29-06-2025,Hotstar,517.82,Entertainment,Net Banking,June
21-05-2025,Adidas,3385.16,Clothing,Credit Card,May
04-07-2025,Spencers,4797.49,Grocery,UPI,July
24-01-2025,Nilgiris,1606.81,Grocery,Debit Card,January
17-07-2025,Subway,106.26,Food,UPI,July
26-12-2025,Amazon Prime,246.3,Entertainment,UPI,December
01-04-2025,AirAsia,3308.66,Travel,Net Banking,April
02-07-2025,H&M,4238.92,Clothing,UPI,July
24-09-2025,Saravana Bhavan,1125.54,Food,UPI,September
23-09-2025,Yulu Bikes,291.25,Transport,Net Banking,September
04-03-2025,Starbucks,124.3,Food,Credit Card,March
02-05-2025,Star Bazaar,399.03,Grocery,Debit Card,May
28-11-2025,RedBus,1549.59,Transport,UPI,November
17-06-2025,Yulu Bikes,54.11,Transport,UPI,June
26-02-2025,Pizza Hut,1366.52,Food,Credit Card,February
18-11-2025,IndiGo,27439.96,Travel,Debit Card,November
08-05-2025,Nature's Basket,4580.45,Grocery,UPI,May
12-04-2025,Meru Cabs,1436.44,Transport,Credit Card,April
12-01-2025,Dominos,1339.56,Food,UPI,January
13-11-2025,BSNL,5879.82,Bills,Debit Card,November
17-10-2025,Netmeds,4190.51,Healthcare,Net Banking,October
20-02-2025,Subway,739.52,Food,Credit Card,February
31-03-2025,Apollo Hospital,16472.43,Healthcare,Net Banking,March
26-06-2025,Nykaa,10097.65,Online Shopping,UPI,June
31-07-2025,BigBazaar,1509,Grocery,Debit Card,July
07-01-2025,Nike,3797.39,Clothing,Debit Card,January
04-10-2025,MakeMyTrip,22174.66,Travel,Net Banking,October
23-08-2025,Metro Rail,492.54,Transport,Credit Card,August
15-03-2025,Nilgiris,2386.36,Grocery,Credit Card,March
22-08-2025,MakeMyTrip,26414.15,Travel,Credit Card,August
05-10-2025,BigBazaar,3234.06,Grocery,Debit Card,October
01-03-2025,Spencers,686.25,Grocery,Credit Card,March
02-03-2025,Booking.com,1519.02,Travel,Debit Card,March
16-10-2025,Netflix,896.26,Entertainment,Net Banking,October
20-11-2025,Booking.com,9952.8,Travel,UPI,November
24-01-2025,Uber,1707.17,Transport,Credit Card,January
27-06-2025,Adidas,7175.04,Clothing,Debit Card,June
13-12-2025,Jio Fiber,656.18,Bills,Credit Card,December
17-02-2025,BigBazaar,1916.77,Grocery,Net Banking,February
27-05-2025,H&M,5934.89,Clothing,Net Banking,May
23-05-2025,Subway,637.43,Food,Credit Card,May
29-08-2025,Barbeque Nation,653.36,Food,Credit Card,August
03-12-2025,Asus Store,119952.17,Electronics,Net Banking,December
14-01-2025,Croma,35027.12,Electronics,Net Banking,January
15-06-2025,Fortis,13493.38,Healthcare,Debit Card,June
23-11-2025,BSNL,1904.9,Bills,UPI,November
22-07-2025,Netflix,263.07,Entertainment,Net Banking,July
15-09-2025,Chai Point,274.08,Food,Credit Card,September
13-07-2025,Samsung Store,122110.45,Electronics,Net Banking,July
22-02-2025,Air India,18607.4,Travel,Debit Card,February
30-12-2025,Hotstar,102.93,Entertainment,Credit Card,December
15-07-2025,Pepperfry,1558.67,Online Shopping,Credit Card,July
25-05-2025,Yatra,4962.18,Travel,Debit Card,May
19-05-2025,CCD,260.44,Food,UPI,May
15-11-2025,H&M,4074.32,Clothing,Credit Card,November
03-02-2025,McDonalds,280.15,Food,Credit Card,February
16-11-2025,Hotstar,868.53,Entertainment,UPI,November
23-09-2025,BSNL,3710.57,Bills,UPI,September
07-07-2025,Snapdeal,10840.15,Online Shopping,Debit Card,July
12-11-2025,Goibibo,11920.97,Travel,Debit Card,November
18-10-2025,YouTube Premium,433.19,Entertainment,Net Banking,October
04-05-2025,Flipkart,11401.06,Online Shopping,UPI,May
22-09-2025,McDonalds,514.5,Food,Credit Card,September
10-08-2025,Amazon Prime,435.6,Entertainment,Debit Card,August
12-11-2025,Cream Stone,220.74,Food,UPI,November
02-07-2025,ACT Fibernet,2252.4,Bills,UPI,July
13-03-2025,Wrogn,1904.94,Clothing,Credit Card,March
09-05-2025,Nilgiris,4940.52,Grocery,UPI,May
09-10-2025,CCD,610.36,Food,UPI,October
06-01-2025,Lenskart,13196.63,Online Shopping,Debit Card,January
27-10-2025,Puma,3495.41,Clothing,UPI,October
06-09-2025,1mg,19132.33,Healthcare,Credit Card,September
07-08-2025,Apple Store,51484.11,Electronics,Net Banking,August
21-04-2025,HP World,34101.57,Electronics,UPI,April
08-09-2025,Tata Cliq,3325.5,Online Shopping,UPI,September
19-08-2025,Flipkart,16525.58,Online Shopping,UPI,August
03-03-2025,Snapdeal,2925.07,Online Shopping,Net Banking,March
31-05-2025,Airtel,4957.8,Bills,Net Banking,May
10-03-2025,Vodafone Idea,1239.28,Bills,UPI,March
18-09-2025,Vodafone Idea,281.92,Bills,UPI,September
25-11-2025,BigBazaar,2329.7,Grocery,UPI,November
19-11-2025,YouTube Premium,505.05,Entertainment,UPI,November
09-01-2025,TNEB,4175.77,Bills,Credit Card,January
04-04-2025,Chai Point,789.54,Food,Credit Card,April
24-03-2025,ACT Fibernet,1935.93,Bills,UPI,March
20-01-2025,More Supermarket,4797,Grocery,Credit Card,January
03-09-2025,CloudNine,12695.44,Healthcare,Net Banking,September
28-08-2025,BigBazaar,1306.88,Grocery,UPI,August
22-01-2025,Apollo Pharmacy,19592.02,Healthcare,Debit Card,January
12-04-2025,BMTC,677.17,Transport,Debit Card,April
14-02-2025,MakeMyTrip,4021.7,Travel,Credit Card,February
17-08-2025,Levis,3246.05,Clothing,UPI,August
11-11-2025,Croma,113281.26,Electronics,UPI,November
19-05-2025,Pepperfry,16505.62,Online Shopping,Credit Card,May
19-12-2025,Lenskart,2489.7,Online Shopping,Credit Card,December
22-06-2025,Aha,293.27,Entertainment,UPI,June
02-01-2025,Air India,15810.41,Travel,Credit Card,January
03-02-2025,Apollo Hospital,387.95,Healthcare,UPI,February
17-09-2025,DMart,2768.78,Grocery,Debit Card,September
01-05-2025,Biba,4439.68,Clothing,Debit Card,May
31-12-2025,Pantaloons,3486.6,Clothing,Debit Card,December
12-08-2025,BMTC,1886.25,Transport,Credit Card,August
29-04-2025,Vistara,29246.06,Travel,Credit Card,April
26-10-2025,JioMart,953.31,Grocery,Net Banking,October
16-07-2025,Yulu Bikes,1292.61,Transport,UPI,July
24-02-2025,Netflix,232.39,Entertainment,Credit Card,February
04-09-2025,Cream Stone,665.41,Food,Net Banking,September
12-04-2025,Nykaa,18212.33,Online Shopping,Net Banking,April
01-06-2025,Pantaloons,7011.38,Clothing,UPI,June
26-12-2025,Croma,52970.55,Electronics,UPI,December
15-11-2025,RedBus,398.65,Transport,Credit Card,November
07-09-2025,Booking.com,21773.55,Travel,UPI,September
31-03-2025,Boat Lifestyle,144088.15,Electronics,Credit Card,March
07-01-2025,Nilgiris,3367.14,Grocery,Credit Card,January
03-01-2025,Spencers,1362.21,Grocery,UPI,January
01-09-2025,Gas Agency,5937.54,Bills,Credit Card,September
17-09-2025,Reliance Digital,88527.84,Electronics,Credit Card,September
07-12-2025,Apple Music,851.61,Entertainment,Debit Card,December
12-12-2025,Meesho,12541.41,Online Shopping,UPI,December
27-10-2025,Apple Store,69864.78,Electronics,UPI,October
24-08-2025,Subway,466.35,Food,Credit Card,August
02-10-2025,IndiGo,24875.08,Travel,Credit Card,October
25-09-2025,Aha,754.78,Entertainment,Net Banking,September
04-12-2025,Yatra,4802.36,Travel,Debit Card,December
14-08-2025,Vivo Store,4538.49,Electronics,Credit Card,August
21-10-2025,Pepperfry,7830.8,Online Shopping,Credit Card,October
21-04-2025,Dominos,368.04,Food,UPI,April
15-07-2025,HP World,142238.41,Electronics,Credit Card,July
17-04-2025,Booking.com,12012.27,Travel,UPI,April
11-11-2025,Water Board,4291.7,Bills,Debit Card,November
16-06-2025,Rapido,907.11,Transport,UPI,June
10-08-2025,More Supermarket,1480.16,Grocery,Debit Card,August
27-01-2025,TSRTC,138.44,Transport,UPI,January
06-01-2025,Rapido,1628.81,Transport,UPI,January
04-09-2025,ACT Fibernet,1077.08,Bills,UPI,September
02-02-2025,Spencers,4747.96,Grocery,Net Banking,February
20-04-2025,BSNL,2964.74,Bills,Net Banking,April
28-09-2025,Uber,337.38,Transport,UPI,September
27-05-2025,US Polo,1782.95,Clothing,Credit Card,May
27-09-2025,Ola,963.89,Transport,Debit Card,September
20-01-2025,Samsung Store,60867.5,Electronics,Net Banking,January
16-12-2025,Jio Fiber,1020.02,Bills,UPI,December
11-09-2025,Gaana,989.62,Entertainment,Net Banking,September
14-03-2025,McDonalds,1026.65,Food,Credit Card,March
23-01-2025,OnePlus,141702.11,Electronics,Debit Card,January
27-03-2025,Cream Stone,466.15,Food,Credit Card,March
27-01-2025,Woodland,6932.98,Clothing,Net Banking,January
30-03-2025,IndiGo,7685.02,Travel,Credit Card,March
16-03-2025,Subway,651.4,Food,Net Banking,March
05-10-2025,Rapido,979.84,Transport,Net Banking,October
26-08-2025,Burger King,192.99,Food,Debit Card,August
09-06-2025,Apollo Pharmacy,14384.11,Healthcare,Debit Card,June
06-02-2025,Metro Rail,452.66,Transport,Credit Card,February
24-01-2025,Gaana,167.48,Entertainment,Debit Card,January
21-11-2025,More Supermarket,1544.45,Grocery,Credit Card,November
11-05-2025,Amazon Prime,251.79,Entertainment,Debit Card,May
04-10-2025,Reliance Fresh,3723.46,Grocery,Credit Card,October
02-12-2025,Aster,4217.92,Healthcare,Debit Card,December
15-01-2025,Yatra,21066.76,Travel,Debit Card,January
11-07-2025,Hotstar,970.11,Entertainment,Net Banking,July
28-04-2025,AirAsia,17877.83,Travel,Net Banking,April
17-06-2025,Rapido,1858.28,Transport,Credit Card,June
19-11-2025,Air India,3599.75,Travel,UPI,November
18-06-2025,Vodafone Idea,703.37,Bills,Net Banking,June
05-03-2025,Apple Store,34711.89,Electronics,Net Banking,March
26-09-2025,DMart,3222.32,Grocery,Debit Card,September
11-01-2025,Samsung Store,149113.6,Electronics,Net Banking,January
30-07-2025,Sony Center,106154.47,Electronics,UPI,July
08-12-2025,SonyLiv,387.63,Entertainment,Debit Card,December
03-04-2025,Pepperfry,11694.18,Online Shopping,Net Banking,April
08-11-2025,MedPlus,10772.9,Healthcare,Net Banking,November
17-07-2025,Nykaa,17263.74,Online Shopping,Net Banking,July
19-09-2025,Goibibo,23676.89,Travel,Credit Card,September
02-12-2025,Max Fashion,4285.52,Clothing,Net Banking,December
20-03-2025,Vistara,26974.48,Travel,Net Banking,March
05-08-2025,Barbeque Nation,493.66,Food,UPI,August
26-12-2025,Vodafone Idea,527.19,Bills,Debit Card,December
21-04-2025,PharmEasy,7262.52,Healthcare,UPI,April
20-06-2025,Dell Exclusive,10234.61,Electronics,UPI,June
01-09-2025,US Polo,5037.46,Clothing,UPI,September
02-09-2025,JioMart,2706.64,Grocery,Debit Card,September
20-01-2025,Booking.com,2232.34,Travel,UPI,January
05-12-2025,Spotify,861.94,Entertainment,Debit Card,December
26-04-2025,Burger King,691.83,Food,Credit Card,April
07-11-2025,OnePlus,47463.97,Electronics,Debit Card,November
25-06-2025,Water Board,4399.24,Bills,UPI,June
23-01-2025,Dell Exclusive,37042.87,Electronics,UPI,January
27-04-2025,Pepperfry,17899.65,Online Shopping,Credit Card,April
14-12-2025,Noise,120560.9,Electronics,Net Banking,December
13-08-2025,Air India,29906.37,Travel,UPI,August
14-03-2025,Metro Rail,168.41,Transport,Credit Card,March
14-07-2025,BSNL,880.16,Bills,UPI,July
15-01-2025,Yulu Bikes,77.25,Transport,UPI,January
03-04-2025,Netmeds,9441.02,Healthcare,UPI,April
15-05-2025,CloudNine,14280.56,Healthcare,Debit Card,May
27-06-2025,BSNL,4746.45,Bills,UPI,June
03-10-2025,BigBazaar,1687.56,Grocery,Credit Card,October
30-09-2025,Zara,1686.13,Clothing,Debit Card,September
18-09-2025,Aster,6278.96,Healthcare,Credit Card,September
27-01-2025,Airtel,542.76,Bills,Debit Card,January
02-11-2025,Taco Bell,150.79,Food,Debit Card,November
20-09-2025,Subway,230.44,Food,Net Banking,September
07-06-2025,YouTube Premium,534.3,Entertainment,Debit Card,June
24-08-2025,Saravana Bhavan,835.5,Food,Debit Card,August
16-12-2025,Zee5,455.09,Entertainment,Credit Card,December
13-04-2025,SonyLiv,814.41,Entertainment,Net Banking,April
23-08-2025,Wrogn,2683.55,Clothing,Debit Card,August
29-05-2025,Air India,7414.07,Travel,UPI,May
11-09-2025,OYO,4912.14,Travel,UPI,September
01-07-2025,Allen Solly,4142.69,Clothing,Credit Card,July
28-05-2025,Nykaa,17596.36,Online Shopping,Net Banking,May
30-03-2025,Amazon,18415.14,Online Shopping,Net Banking,March
02-09-2025,Max Fashion,5714.65,Clothing,Debit Card,September
22-08-2025,BSNL,3922.35,Bills,UPI,August
21-08-2025,AirAsia,19231.26,Travel,Debit Card,August
27-10-2025,Samsung Store,114562.9,Electronics,Credit Card,October
05-12-2025,Meesho,2131.87,Online Shopping,Net Banking,December
14-11-2025,Vodafone Idea,4328.55,Bills,Net Banking,November
05-01-2025,Myntra,6247.98,Online Shopping,Credit Card,January
06-02-2025,BigBazaar,4832.11,Grocery,UPI,February
18-06-2025,Apple Music,599.46,Entertainment,Credit Card,June
02-05-2025,Allen Solly,1986.61,Clothing,Net Banking,May
11-02-2025,Gas Agency,5797.84,Bills,UPI,February
06-07-2025,RedBus,994.53,Transport,Debit Card,July
27-05-2025,Max Fashion,2066.83,Clothing,Net Banking,May
03-08-2025,DMart,3970.15,Grocery,Credit Card,August
04-02-2025,HP World,145008.11,Electronics,Net Banking,February
19-05-2025,Apple Music,468.07,Entertainment,Credit Card,May
08-05-2025,Apollo Hospital,5930.81,Healthcare,Debit Card,May
08-10-2025,Cream Stone,397.8,Food,UPI,October
08-11-2025,Noise,123317.58,Electronics,Credit Card,November
28-02-2025,1mg,17506.31,Healthcare,Debit Card,February
05-07-2025,KFC,1394.93,Food,UPI,July
02-02-2025,Biba,1944.82,Clothing,Net Banking,February
29-05-2025,Flipkart,7653.66,Online Shopping,Net Banking,May
14-01-2025,PharmEasy,13392.33,Healthcare,Debit Card,January
07-03-2025,IndiGo,3876.57,Travel,Net Banking,March
16-11-2025,OYO,13344.24,Travel,Credit Card,November
08-04-2025,Fortis,18706.94,Healthcare,Net Banking,April
03-04-2025,Vistara,7238.15,Travel,UPI,April
08-01-2025,Amazon,7245.63,Online Shopping,Net Banking,January
03-08-2025,Burger King,825.7,Food,Net Banking,August
10-02-2025,Property Tax Online,3524.27,Bills,Debit Card,February
02-09-2025,Ajio,19087.25,Online Shopping,Credit Card,September
04-10-2025,Airtel,4935.02,Bills,UPI,October
06-01-2025,Gaana,924.88,Entertainment,Net Banking,January
27-03-2025,Rapido,280.65,Transport,Debit Card,March
30-12-2025,Barbeque Nation,1139.21,Food,UPI,December
26-01-2025,Airtel,4444.5,Bills,Debit Card,January
20-08-2025,Levis,7840.93,Clothing,Debit Card,August
28-01-2025,Jio Fiber,499.75,Bills,Net Banking,January
15-12-2025,Biba,2956.87,Clothing,Debit Card,December
08-11-2025,Nykaa,6814.9,Online Shopping,Credit Card,November
12-07-2025,Kauvery,724.92,Healthcare,Net Banking,July
22-08-2025,IndiGo,21341.75,Travel,Net Banking,August
01-01-2025,CloudNine,17662.65,Healthcare,Net Banking,January
07-04-2025,HP World,133048.53,Electronics,Debit Card,April
08-07-2025,CloudNine,15727.34,Healthcare,Debit Card,July
02-07-2025,Noise,98284.28,Electronics,Net Banking,July
10-08-2025,1mg,5748.93,Healthcare,Credit Card,August
19-10-2025,US Polo,5871.57,Clothing,Debit Card,October
27-05-2025,Vodafone Idea,4494.59,Bills,Credit Card,May
08-04-2025,Water Board,5901.46,Bills,Debit Card,April
24-07-2025,KFC,575.63,Food,Credit Card,July
20-10-2025,JioMart,3524.49,Grocery,Credit Card,October
27-03-2025,TNEB,2631.01,Bills,Debit Card,March
12-06-2025,ACT Fibernet,4964.08,Bills,UPI,June
11-07-2025,BSNL,2637.13,Bills,Debit Card,July
22-03-2025,Biba,6567.31,Clothing,UPI,March
24-06-2025,Apollo Pharmacy,4933.99,Healthcare,Credit Card,June
31-03-2025,HP World,119774.25,Electronics,Net Banking,March
17-03-2025,IRCTC,27699.45,Travel,UPI,March
05-11-2025,Saravana Bhavan,274.08,Food,Credit Card,November
22-02-2025,JioMart,3772.43,Grocery,UPI,February
17-07-2025,HP World,25577.05,Electronics,UPI,July
23-12-2025,Property Tax Online,217.2,Bills,Net Banking,December
11-04-2025,Biba,3070.09,Clothing,Debit Card,April
06-03-2025,Ajio,18560.12,Online Shopping,Debit Card,March
17-01-2025,TSRTC,1655.54,Transport,Credit Card,January
02-09-2025,Noise,79404.26,Electronics,UPI,September
26-06-2025,Lenskart,14353.27,Online Shopping,Net Banking,June
23-08-2025,Spencers,3028.58,Grocery,Net Banking,August
28-11-2025,Aster,2816.8,Healthcare,Net Banking,November
09-07-2025,Samsung Store,143910.77,Electronics,Net Banking,July
26-11-2025,Reliance Fresh,1603.62,Grocery,UPI,November
19-11-2025,Air India,3135.92,Travel,Credit Card,November
26-12-2025,Taco Bell,674.73,Food,Credit Card,December
28-10-2025,Apollo Pharmacy,1296.4,Healthcare,Debit Card,October
12-03-2025,Air India,28470.79,Travel,Debit Card,March
09-01-2025,Paradise Biryani,483.17,Food,UPI,January
10-06-2025,Nykaa,18078.03,Online Shopping,Credit Card,June
18-03-2025,OnePlus,146735.98,Electronics,UPI,March
01-07-2025,Aster,276.78,Healthcare,Net Banking,July
29-07-2025,Saravana Bhavan,1261.82,Food,UPI,July
24-08-2025,Airtel,4471.2,Bills,Debit Card,August
26-05-2025,BMTC,66.43,Transport,Net Banking,May
07-12-2025,Apollo Pharmacy,5452.85,Healthcare,Credit Card,December
05-06-2025,Dell Exclusive,43375.53,Electronics,UPI,June
22-01-2025,Dominos,663.04,Food,Net Banking,January
05-12-2025,Barbeque Nation,748.13,Food,Credit Card,December
29-08-2025,Apple Music,809.96,Entertainment,UPI,August
05-08-2025,BMTC,698.7,Transport,UPI,August
29-08-2025,TNEB,422.31,Bills,Net Banking,August
24-02-2025,Myntra,4248.89,Online Shopping,UPI,February
18-05-2025,Vivo Store,69143.95,Electronics,UPI,May
14-12-2025,BMTC,378.39,Transport,Credit Card,December
07-02-2025,A2B,315.65,Food,Credit Card,February
28-01-2025,Myntra,5350.06,Online Shopping,Debit Card,January
05-05-2025,BigBazaar,314.65,Grocery,Credit Card,May
03-11-2025,Myntra,8903.04,Online Shopping,UPI,November
07-05-2025,Reliance Digital,140838.53,Electronics,UPI,May
18-07-2025,Yatra,14668.51,Travel,Net Banking,July
13-06-2025,MedPlus,5348.35,Healthcare,UPI,June
22-10-2025,DMart,497.85,Grocery,UPI,October
25-08-2025,Reliance Digital,44489.53,Electronics,Net Banking,August
11-10-2025,Biba,1991.76,Clothing,Credit Card,October
07-08-2025,Boat Lifestyle,71015.98,Electronics,UPI,August
05-11-2025,Fortis,19237.79,Healthcare,Credit Card,November
16-12-2025,Dominos,482.55,Food,Net Banking,December
21-06-2025,Apple Music,376.58,Entertainment,Credit Card,June
25-01-2025,Metro Rail,1897.52,Transport,Debit Card,January
31-05-2025,Dominos,1374.35,Food,Debit Card,May
08-12-2025,Samsung Store,94511.16,Electronics,Credit Card,December
10-07-2025,Amazon Prime,712.81,Entertainment,Net Banking,July
03-05-2025,Zee5,310.35,Entertainment,UPI,May
26-11-2025,Subway,559.88,Food,Net Banking,November
24-08-2025,Vivo Store,95066.9,Electronics,Credit Card,August
03-06-2025,1mg,15906.96,Healthcare,UPI,June
29-06-2025,Spotify,890.13,Entertainment,Credit Card,June
15-09-2025,Spencers,4280.42,Grocery,Debit Card,September
12-02-2025,Asus Store,19218.71,Electronics,Net Banking,February
08-06-2025,Noise,49119.01,Electronics,UPI,June
05-10-2025,Max Fashion,6435.08,Clothing,UPI,October
30-03-2025,Aster,14902.82,Healthcare,UPI,March
10-02-2025,IRCTC,9336.2,Travel,Net Banking,February
25-11-2025,AirAsia,12580.06,Travel,Debit Card,November
04-11-2025,Apollo Pharmacy,19851.76,Healthcare,Credit Card,November
17-06-2025,Puma,5547.4,Clothing,Credit Card,June
06-02-2025,Airtel,405.59,Bills,Credit Card,February
15-10-2025,Booking.com,19665.82,Travel,Debit Card,October
20-05-2025,DMart,1101.03,Grocery,Debit Card,May
15-05-2025,RedBus,1507.47,Transport,Credit Card,May
20-03-2025,YouTube Premium,111.49,Entertainment,Net Banking,March
27-02-2025,ACT Fibernet,890.96,Bills,UPI,February
18-12-2025,Pepperfry,5604.69,Online Shopping,Debit Card,December
24-01-2025,More Supermarket,3818.78,Grocery,Credit Card,January
14-06-2025,Reliance Digital,69180.43,Electronics,Debit Card,June
29-07-2025,Flipkart,5195.02,Online Shopping,Net Banking,July
26-04-2025,Chai Point,395.26,Food,UPI,April
24-08-2025,Spencers,2790.2,Grocery,Debit Card,August
26-05-2025,Ajio,14158.96,Online Shopping,Net Banking,May
17-05-2025,HP World,141844.68,Electronics,UPI,May
10-10-2025,Tata Cliq,539.36,Online Shopping,UPI,October
29-07-2025,A2B,277.94,Food,UPI,July
11-08-2025,Pepperfry,14887.16,Online Shopping,Debit Card,August
09-05-2025,Zara,2076.81,Clothing,Credit Card,May
29-09-2025,Water Board,5333.09,Bills,Credit Card,September
26-06-2025,RedBus,943.21,Transport,Debit Card,June
15-05-2025,Amazon,2224.2,Online Shopping,UPI,May
07-11-2025,Amazon Prime,204.7,Entertainment,Net Banking,November
24-02-2025,H&M,3783.07,Clothing,Credit Card,February
03-09-2025,Nature's Basket,1889.3,Grocery,Net Banking,September
15-08-2025,Snapdeal,19497.19,Online Shopping,Debit Card,August
27-09-2025,Rapido,228.81,Transport,Debit Card,September
27-09-2025,Gas Agency,5157.62,Bills,Credit Card,September
18-02-2025,Cream Stone,1056.93,Food,Debit Card,February
17-02-2025,Air India,14802.7,Travel,Debit Card,February
01-09-2025,Lenskart,9416.72,Online Shopping,Net Banking,September
16-01-2025,PharmEasy,1725.8,Healthcare,Credit Card,January
24-10-2025,Amazon,5331.64,Online Shopping,Debit Card,October
31-05-2025,Netflix,313.6,Entertainment,UPI,May
18-06-2025,Vodafone Idea,691,Bills,Net Banking,June
01-12-2025,Airtel,5066.79,Bills,Debit Card,December
26-12-2025,TSRTC,766.43,Transport,Debit Card,December
11-06-2025,Netflix,647.68,Entertainment,Debit Card,June
13-12-2025,MakeMyTrip,19674.72,Travel,Debit Card,December
11-05-2025,OnePlus,45489.94,Electronics,Net Banking,May
28-03-2025,Chai Point,331.11,Food,Credit Card,March
10-04-2025,Pepperfry,9926.96,Online Shopping,Net Banking,April
22-08-2025,Meru Cabs,895.62,Transport,UPI,August
08-11-2025,BSNL,3956.82,Bills,UPI,November
30-03-2025,Jio Fiber,5398.66,Bills,Debit Card,March
12-04-2025,Spotify,248.75,Entertainment,Debit Card,April
21-10-2025,CloudNine,7516.25,Healthcare,Net Banking,October
23-06-2025,TSRTC,498.36,Transport,UPI,June
22-10-2025,CCD,799.04,Food,Credit Card,October
31-12-2025,Booking.com,15182.05,Travel,Debit Card,December
07-08-2025,Yulu Bikes,1953.54,Transport,UPI,August
31-05-2025,Nilgiris,4783.06,Grocery,UPI,May
05-07-2025,Dell Exclusive,140455.49,Electronics,Credit Card,July
27-10-2025,Cream Stone,796.01,Food,UPI,October
10-06-2025,MakeMyTrip,14469.33,Travel,Credit Card,June
15-01-2025,Amazon,7774.24,Online Shopping,Net Banking,January
24-03-2025,BMTC,1660.05,Transport,Debit Card,March
11-12-2025,Nykaa,12615.03,Online Shopping,UPI,December
11-01-2025,Adidas,4506.61,Clothing,Net Banking,January
24-12-2025,Reliance Fresh,1869.46,Grocery,Debit Card,December
24-08-2025,BMTC,1019.39,Transport,Debit Card,August
21-02-2025,Samsung Store,110070.13,Electronics,Net Banking,February
08-06-2025,Wrogn,4179.72,Clothing,Credit Card,June
26-04-2025,HP World,52458.14,Electronics,UPI,April
11-06-2025,Jio Fiber,1387.62,Bills,Debit Card,June
06-03-2025,Allen Solly,3437.12,Clothing,Credit Card,March
18-08-2025,Lenskart,13723.55,Online Shopping,Net Banking,August
14-01-2025,Amazon,7916.15,Online Shopping,UPI,January
02-01-2025,Star Bazaar,4235.13,Grocery,Credit Card,January
20-04-2025,More Supermarket,4413.21,Grocery,Credit Card,April
09-06-2025,Pepperfry,13284.4,Online Shopping,Debit Card,June
11-09-2025,Nike,1944.32,Clothing,UPI,September
03-08-2025,Ola,1181.36,Transport,Credit Card,August
27-06-2025,US Polo,6087.2,Clothing,Net Banking,June
03-10-2025,More Supermarket,831.87,Grocery,Debit Card,October
15-05-2025,Goibibo,6758.59,Travel,Net Banking,May
23-11-2025,KFC,1135.69,Food,Credit Card,November
25-09-2025,Croma,113294.3,Electronics,Credit Card,September
17-08-2025,RedBus,393.03,Transport,Credit Card,August
13-01-2025,McDonalds,1017.64,Food,UPI,January
08-09-2025,AirAsia,20569.42,Travel,Debit Card,September
28-03-2025,Adidas,2528.34,Clothing,Debit Card,March
12-04-2025,Star Bazaar,4341.93,Grocery,Debit Card,April
14-10-2025,Netflix,643.95,Entertainment,UPI,October
28-11-2025,Netflix,209.94,Entertainment,Debit Card,November
14-06-2025,ACT Fibernet,5015.72,Bills,UPI,June
11-11-2025,Adidas,3888.67,Clothing,Net Banking,November
03-01-2025,Yulu Bikes,597.81,Transport,Credit Card,January
19-05-2025,ACT Fibernet,2598.53,Bills,Credit Card,May
22-12-2025,IRCTC,26347.43,Travel,Credit Card,December
13-05-2025,More Supermarket,1839.22,Grocery,Credit Card,May
15-09-2025,Yulu Bikes,1317.18,Transport,Net Banking,September
09-02-2025,MedPlus,15844.52,Healthcare,Net Banking,February
31-03-2025,Samsung Store,136702.8,Electronics,Debit Card,March
13-01-2025,Vistara,28673.41,Travel,UPI,January
23-03-2025,Aster,18849.52,Healthcare,Debit Card,March
29-06-2025,CloudNine,10837.32,Healthcare,Net Banking,June
09-01-2025,Aha,876.32,Entertainment,Net Banking,January
03-12-2025,Chai Point,140.39,Food,Debit Card,December
02-02-2025,Apollo Pharmacy,14027.72,Healthcare,Net Banking,February
02-10-2025,Goibibo,3993.48,Travel,Credit Card,October
25-10-2025,OYO,22555.05,Travel,Net Banking,October
01-04-2025,Amazon Prime,372.8,Entertainment,Credit Card,April
20-06-2025,Nature's Basket,2052.43,Grocery,UPI,June
29-05-2025,Nature's Basket,2839.15,Grocery,UPI,May
28-04-2025,Dell Exclusive,76287.81,Electronics,Debit Card,April
16-09-2025,Apollo Hospital,8372.26,Healthcare,Debit Card,September
12-07-2025,Max Fashion,514.33,Clothing,UPI,July
25-08-2025,Samsung Store,90186.36,Electronics,UPI,August
03-03-2025,PharmEasy,13743.93,Healthcare,Debit Card,March
14-06-2025,Apple Music,677.52,Entertainment,Credit Card,June
08-07-2025,Spencers,1137.32,Grocery,Debit Card,July
05-04-2025,PharmEasy,2799.15,Healthcare,Debit Card,April
23-07-2025,Sony Center,80819.09,Electronics,Net Banking,July
17-10-2025,Zara,1943.06,Clothing,Credit Card,October
29-05-2025,Reliance Digital,19732.17,Electronics,UPI,May
30-10-2025,Ajio,13664.51,Online Shopping,Credit Card,October
16-02-2025,US Polo,7206.91,Clothing,Credit Card,February
23-05-2025,Apollo Hospital,2178.48,Healthcare,UPI,May
31-07-2025,BMTC,906.71,Transport,Credit Card,July
11-01-2025,Woodland,6028.14,Clothing,Credit Card,January
08-01-2025,Zee5,496.67,Entertainment,Credit Card,January
12-09-2025,DMart,1853.31,Grocery,Credit Card,September
04-02-2025,1mg,11064.92,Healthcare,UPI,February
13-07-2025,Ajio,491.01,Online Shopping,Credit Card,July
11-04-2025,More Supermarket,909.92,Grocery,UPI,April
21-02-2025,Meru Cabs,1636.4,Transport,Net Banking,February
05-07-2025,Burger King,497.69,Food,Credit Card,July
21-12-2025,Property Tax Online,1770.33,Bills,Debit Card,December
25-07-2025,Meru Cabs,773.1,Transport,Debit Card,July
29-06-2025,Nike,2179.35,Clothing,Debit Card,June
29-01-2025,Apollo Pharmacy,1140.03,Healthcare,UPI,January
24-10-2025,Max Fashion,6752.39,Clothing,Credit Card,October
16-10-2025,Wrogn,7455.07,Clothing,UPI,October
04-07-2025,DMart,4135.07,Grocery,Net Banking,July
22-04-2025,Uber,116.35,Transport,Credit Card,April
04-02-2025,Meesho,8484.9,Online Shopping,Credit Card,February
28-02-2025,DMart,4823.54,Grocery,Credit Card,February
15-01-2025,Chai Point,1287.3,Food,Debit Card,January
08-12-2025,Amazon,6182.72,Online Shopping,UPI,December
29-09-2025,Pantaloons,1554.38,Clothing,Credit Card,September
28-05-2025,DMart,3646.85,Grocery,Net Banking,May
23-01-2025,CCD,1131.08,Food,Debit Card,January
05-07-2025,CloudNine,4093.75,Healthcare,Credit Card,July
06-06-2025,Water Board,3152.5,Bills,UPI,June
28-07-2025,Biba,2893.94,Clothing,Debit Card,July
25-02-2025,MakeMyTrip,21145.29,Travel,Debit Card,February
23-02-2025,Gas Agency,1962.62,Bills,Net Banking,February
26-12-2025,Lenskart,3963.87,Online Shopping,Net Banking,December
22-11-2025,Rapido,1751.8,Transport,Debit Card,November
22-11-2025,Spotify,778.29,Entertainment,UPI,November
03-10-2025,MedPlus,12928.7,Healthcare,UPI,October
24-01-2025,Taco Bell,384,Food,UPI,January
03-01-2025,Fortis,1484.72,Healthcare,Credit Card,January
30-03-2025,Snapdeal,9763.1,Online Shopping,Debit Card,March
30-12-2025,TNEB,1314.22,Bills,Debit Card,December
06-05-2025,Noise,10879.73,Electronics,Credit Card,May
09-09-2025,Vistara,4182.97,Travel,UPI,September
07-06-2025,BMTC,617.7,Transport,Credit Card,June
17-08-2025,Spotify,490.42,Entertainment,Net Banking,August
19-11-2025,Nykaa,7607.1,Online Shopping,Net Banking,November
28-08-2025,Star Bazaar,1578.72,Grocery,Net Banking,August
08-08-2025,Meru Cabs,784.22,Transport,Net Banking,August
20-10-2025,IRCTC,3217.19,Travel,Debit Card,October
27-05-2025,Zee5,501.74,Entertainment,Net Banking,May
12-10-2025,IRCTC,21553.14,Travel,Debit Card,October
24-04-2025,IndiGo,11264.19,Travel,Debit Card,April
07-03-2025,Levis,2109.88,Clothing,Debit Card,March
10-01-2025,Metro Rail,108.55,Transport,Credit Card,January
14-01-2025,Nykaa,4271.25,Online Shopping,Debit Card,January
28-12-2025,Airtel,3022.25,Bills,Credit Card,December
22-10-2025,Goibibo,6679.6,Travel,Credit Card,October
02-06-2025,McDonalds,306.22,Food,Credit Card,June
02-05-2025,Rapido,1897.85,Transport,Debit Card,May
09-04-2025,Booking.com,2582.11,Travel,UPI,April
02-02-2025,Yatra,1945.69,Travel,Debit Card,February
07-08-2025,HP World,115263.6,Electronics,UPI,August
16-02-2025,Allen Solly,2219.97,Clothing,UPI,February
30-01-2025,JioMart,2768.52,Grocery,Credit Card,January
18-01-2025,Dell Exclusive,70295.55,Electronics,Debit Card,January
04-05-2025,YouTube Premium,985.46,Entertainment,UPI,May
14-12-2025,Gaana,445.83,Entertainment,UPI,December
29-05-2025,Netmeds,19115.07,Healthcare,Net Banking,May
30-12-2025,Nature's Basket,1892.28,Grocery,Credit Card,December
29-08-2025,Airtel,2398.95,Bills,Net Banking,August
22-10-2025,Max Fashion,6234.9,Clothing,Debit Card,October
22-09-2025,Star Bazaar,608.49,Grocery,Debit Card,September
12-09-2025,A2B,1269.41,Food,Net Banking,September
18-01-2025,Biba,7312.79,Clothing,UPI,January
11-04-2025,Allen Solly,6724.87,Clothing,Net Banking,April
08-08-2025,Goibibo,11530.76,Travel,Credit Card,August
30-04-2025,Airtel,2992.03,Bills,Net Banking,April
22-01-2025,Puma,4725.53,Clothing,Credit Card,January
23-10-2025,OnePlus,20640.24,Electronics,Credit Card,October
12-06-2025,Meru Cabs,918.14,Transport,Net Banking,June
09-05-2025,IRCTC,24537.98,Travel,UPI,May
08-08-2025,Apollo Pharmacy,19169.17,Healthcare,Debit Card,August
28-11-2025,Star Bazaar,1510.01,Grocery,Net Banking,November
21-11-2025,Gas Agency,5388.53,Bills,Credit Card,November
23-12-2025,Gaana,966.47,Entertainment,Debit Card,December
06-04-2025,Goibibo,17641.79,Travel,Credit Card,April
01-11-2025,JioMart,4395.87,Grocery,UPI,November
24-09-2025,CloudNine,3719.11,Healthcare,Net Banking,September
07-01-2025,Water Board,5926.49,Bills,UPI,January
20-10-2025,Boat Lifestyle,84652.94,Electronics,UPI,October
29-09-2025,Meru Cabs,1058.67,Transport,UPI,September
30-12-2025,Apollo Pharmacy,14038.21,Healthcare,Net Banking,December
07-10-2025,Noise,108094.21,Electronics,UPI,October
08-08-2025,US Polo,4709.38,Clothing,Debit Card,August
31-10-2025,Pizza Hut,1336.58,Food,Credit Card,October
22-01-2025,Pepperfry,2989.25,Online Shopping,Debit Card,January
18-08-2025,Amazon Prime,496.25,Entertainment,UPI,August
12-10-2025,Subway,464.4,Food,Credit Card,October
20-02-2025,MedPlus,2744.05,Healthcare,Debit Card,February
05-12-2025,SonyLiv,868.18,Entertainment,Net Banking,December
19-02-2025,TNEB,4302.6,Bills,Credit Card,February
28-12-2025,Star Bazaar,1759.93,Grocery,UPI,December
09-05-2025,US Polo,759.5,Clothing,Net Banking,May
07-06-2025,Amazon Prime,779.34,Entertainment,Debit Card,June
26-02-2025,Barbeque Nation,1227.42,Food,Net Banking,February
02-06-2025,Hotstar,510.26,Entertainment,Debit Card,June
08-05-2025,AirAsia,22805.46,Travel,UPI,May
15-10-2025,AirAsia,8765.67,Travel,Debit Card,October
22-04-2025,Paradise Biryani,801.72,Food,Debit Card,April
20-09-2025,Nilgiris,1406.33,Grocery,UPI,September
20-01-2025,Air India,5952.1,Travel,Credit Card,January
11-02-2025,Apollo Hospital,16681.98,Healthcare,Net Banking,February
20-10-2025,Netflix,686.43,Entertainment,Debit Card,October
26-06-2025,Aha,470.93,Entertainment,Credit Card,June
08-12-2025,Kauvery,5932.64,Healthcare,Credit Card,December
08-07-2025,Metro Rail,297.21,Transport,UPI,July
21-12-2025,Samsung Store,17321.1,Electronics,UPI,December
14-05-2025,BMTC,1982.19,Transport,Debit Card,May
31-01-2025,Allen Solly,4396.8,Clothing,Net Banking,January
13-12-2025,YouTube Premium,702.17,Entertainment,UPI,December
11-05-2025,Ajio,2962.18,Online Shopping,UPI,May
27-10-2025,ACT Fibernet,5125.96,Bills,Credit Card,October
30-06-2025,Hotstar,986.05,Entertainment,Debit Card,June
30-01-2025,Taco Bell,1403.73,Food,Net Banking,January
14-03-2025,Sony Center,83348.78,Electronics,UPI,March
11-09-2025,Tata Cliq,7523.44,Online Shopping,Net Banking,September
30-05-2025,CloudNine,1597.44,Healthcare,Credit Card,May
23-05-2025,BMTC,704.99,Transport,UPI,May
09-09-2025,IndiGo,20443.98,Travel,UPI,September
28-07-2025,Tata Cliq,838.07,Online Shopping,UPI,July
25-12-2025,Flipkart,2781.65,Online Shopping,UPI,December
26-04-2025,JioMart,1373.63,Grocery,UPI,April
12-01-2025,Spotify,728.33,Entertainment,Credit Card,January
04-07-2025,CloudNine,10120.42,Healthcare,UPI,July
01-01-2025,Cream Stone,284.41,Food,Debit Card,January
18-02-2025,Pepperfry,14478.56,Online Shopping,Debit Card,February
05-08-2025,Taco Bell,1323.23,Food,Credit Card,August
17-08-2025,Airtel,5565.33,Bills,Credit Card,August
08-08-2025,RedBus,1828.95,Transport,UPI,August
21-04-2025,Sony Center,13850.43,Electronics,Credit Card,April
06-05-2025,Asus Store,84106.92,Electronics,Credit Card,May
21-03-2025,Reliance Digital,16504.01,Electronics,UPI,March
24-12-2025,Dominos,826.72,Food,Net Banking,December
02-02-2025,Star Bazaar,4272.6,Grocery,Credit Card,February
10-03-2025,RedBus,914.33,Transport,UPI,March
03-09-2025,Starbucks,809.7,Food,UPI,September
27-03-2025,Hotstar,628.57,Entertainment,Credit Card,March
26-03-2025,Yulu Bikes,896.34,Transport,Debit Card,March
17-02-2025,Nykaa,6777.73,Online Shopping,Debit Card,February
05-02-2025,Zee5,281.8,Entertainment,Net Banking,February
27-12-2025,Water Board,1290.62,Bills,Credit Card,December
15-12-2025,OnePlus,81131.72,Electronics,UPI,December
16-06-2025,More Supermarket,357.4,Grocery,Credit Card,June
16-12-2025,Kauvery,5616.2,Healthcare,Debit Card,December
20-02-2025,Apple Music,711.43,Entertainment,Debit Card,February
07-04-2025,Booking.com,1922.4,Travel,Debit Card,April
09-11-2025,Adidas,1745.8,Clothing,Credit Card,November
20-02-2025,Hotstar,153.64,Entertainment,UPI,February
29-12-2025,Zara,533.34,Clothing,Net Banking,December
14-01-2025,Woodland,6265.63,Clothing,Credit Card,January
29-05-2025,Boat Lifestyle,48970.62,Electronics,Net Banking,May
01-11-2025,Vivo Store,101981.92,Electronics,Net Banking,November
14-10-2025,Netflix,183.62,Entertainment,Net Banking,October
03-01-2025,Apollo Pharmacy,2631.3,Healthcare,Net Banking,January
05-03-2025,Apple Store,117559.6,Electronics,Debit Card,March
21-04-2025,Noise,144976.97,Electronics,UPI,April
19-05-2025,JioMart,4116.06,Grocery,Debit Card,May
05-06-2025,HP World,4362.92,Electronics,Net Banking,June
12-09-2025,Uber,205.94,Transport,UPI,September
24-03-2025,IndiGo,19470.74,Travel,Credit Card,March
15-09-2025,Gaana,921.1,Entertainment,Net Banking,September
20-01-2025,Starbucks,955.61,Food,Debit Card,January
05-04-2025,Yatra,15334.83,Travel,UPI,April
16-05-2025,Yatra,27289.83,Travel,UPI,May
30-12-2025,Gaana,249.52,Entertainment,Credit Card,December
17-11-2025,Apple Music,413.32,Entertainment,Credit Card,November
09-05-2025,Pizza Hut,174.37,Food,Credit Card,May
02-07-2025,Vodafone Idea,3972.2,Bills,UPI,July
08-07-2025,Biba,7257.52,Clothing,UPI,July
16-12-2025,Nykaa,6093.44,Online Shopping,Debit Card,December
17-05-2025,Metro Rail,1685.31,Transport,Net Banking,May
16-01-2025,Zee5,716.63,Entertainment,Net Banking,January
12-02-2025,TNEB,3171.52,Bills,Credit Card,February
19-11-2025,IndiGo,11439.56,Travel,UPI,November
19-02-2025,OnePlus,20558.66,Electronics,Credit Card,February
08-07-2025,MakeMyTrip,3959.15,Travel,Net Banking,July
04-10-2025,Fortis,3905.2,Healthcare,Credit Card,October
13-11-2025,Vodafone Idea,3300.38,Bills,Credit Card,November
30-05-2025,CloudNine,8504.76,Healthcare,Credit Card,May
08-12-2025,Meesho,12720.51,Online Shopping,Debit Card,December
28-06-2025,IndiGo,9889.33,Travel,UPI,June
09-03-2025,Fortis,7935.36,Healthcare,Debit Card,March
25-06-2025,Nature's Basket,2172.82,Grocery,Net Banking,June
29-03-2025,Spencers,4099.11,Grocery,UPI,March
14-02-2025,Paradise Biryani,817.54,Food,UPI,February
26-03-2025,DMart,4298.09,Grocery,Net Banking,March
11-11-2025,Yatra,6725.91,Travel,Debit Card,November
27-10-2025,Ajio,9975.53,Online Shopping,Credit Card,October
20-10-2025,Reliance Fresh,3906.33,Grocery,UPI,October
14-01-2025,Gas Agency,616.08,Bills,Debit Card,January
24-12-2025,KFC,1244.48,Food,Credit Card,December
03-04-2025,Lenskart,12302.47,Online Shopping,Credit Card,April
29-11-2025,Yatra,3359.21,Travel,Debit Card,November
19-02-2025,Apollo Hospital,17695.87,Healthcare,Debit Card,February
28-06-2025,Apple Store,28957.72,Electronics,UPI,June
04-01-2025,Netmeds,18244.2,Healthcare,Credit Card,January
11-10-2025,Yatra,18819.86,Travel,UPI,October
03-11-2025,Adidas,3260.49,Clothing,Credit Card,November
10-11-2025,Vodafone Idea,2414.34,Bills,UPI,November
17-10-2025,BigBazaar,3576.87,Grocery,Net Banking,October
07-07-2025,Vivo Store,109273.86,Electronics,Debit Card,July
30-08-2025,JioMart,4939.24,Grocery,Net Banking,August
07-07-2025,Yulu Bikes,405.13,Transport,Debit Card,July
23-11-2025,BSNL,4529.83,Bills,Credit Card,November
30-03-2025,Pizza Hut,929.66,Food,Credit Card,March
20-03-2025,Ajio,13375.83,Online Shopping,Credit Card,March
18-01-2025,1mg,14683.48,Healthcare,UPI,January
10-02-2025,Tata Cliq,11717.81,Online Shopping,Credit Card,February
08-08-2025,Gas Agency,2198.18,Bills,Credit Card,August
12-04-2025,Gaana,707.6,Entertainment,Credit Card,April
20-10-2025,Ajio,12224.59,Online Shopping,UPI,October
05-04-2025,Vistara,3975.25,Travel,Net Banking,April
13-09-2025,Nilgiris,1672.23,Grocery,UPI,September
24-11-2025,Uber,1176.63,Transport,Debit Card,November
06-07-2025,TNEB,3182.63,Bills,Net Banking,July
17-09-2025,More Supermarket,1329.62,Grocery,Credit Card,September
09-01-2025,Rapido,1837.58,Transport,UPI,January
18-06-2025,Booking.com,3098.91,Travel,UPI,June
28-08-2025,PharmEasy,10129.39,Healthcare,Credit Card,August
21-02-2025,Zara,1376.3,Clothing,UPI,February
09-07-2025,Airtel,442.96,Bills,Credit Card,July
17-05-2025,Star Bazaar,2377.25,Grocery,UPI,May
02-08-2025,IndiGo,9702.17,Travel,Net Banking,August
18-03-2025,Jio Fiber,4919.21,Bills,Credit Card,March
17-03-2025,Amazon Prime,739.18,Entertainment,UPI,March
21-04-2025,Burger King,242.09,Food,Net Banking,April
23-08-2025,Myntra,2991.11,Online Shopping,Debit Card,August
08-08-2025,Pepperfry,11826.44,Online Shopping,Net Banking,August
10-12-2025,A2B,1386.13,Food,Net Banking,December
26-04-2025,Apollo Pharmacy,2891.65,Healthcare,Credit Card,April
13-10-2025,Dominos,1249.18,Food,Credit Card,October
04-08-2025,More Supermarket,534.64,Grocery,UPI,August
11-12-2025,A2B,1005.65,Food,Net Banking,December
23-12-2025,SonyLiv,691.29,Entertainment,Net Banking,December
08-12-2025,Woodland,3076.37,Clothing,Credit Card,December
08-05-2025,Nilgiris,4383.89,Grocery,UPI,May
25-05-2025,Apollo Hospital,739.48,Healthcare,UPI,May
01-07-2025,BSNL,5547.68,Bills,Credit Card,July
04-12-2025,US Polo,1175.37,Clothing,Net Banking,December
18-03-2025,BSNL,4488.51,Bills,Credit Card,March
19-09-2025,Nilgiris,2133.83,Grocery,Credit Card,September
17-03-2025,Croma,16594,Electronics,Debit Card,March
24-02-2025,CCD,643.22,Food,Credit Card,February
18-09-2025,Water Board,627.92,Bills,Net Banking,September
08-05-2025,Amazon Prime,829.98,Entertainment,UPI,May
24-10-2025,BigBazaar,2917.59,Grocery,Net Banking,October
03-07-2025,Apple Store,72953.28,Electronics,Credit Card,July
08-05-2025,Nykaa,7942.89,Online Shopping,UPI,May
22-05-2025,Flipkart,16727.62,Online Shopping,Credit Card,May
20-08-2025,Tata Cliq,8421.88,Online Shopping,Credit Card,August
17-02-2025,DMart,2066.03,Grocery,Net Banking,February
06-08-2025,Air India,20469.36,Travel,UPI,August
10-11-2025,DMart,789.55,Grocery,Debit Card,November
06-05-2025,MakeMyTrip,21463,Travel,Debit Card,May
01-12-2025,Taco Bell,522.86,Food,Debit Card,December
12-03-2025,Taco Bell,1104.21,Food,Credit Card,March
20-03-2025,SonyLiv,426.4,Entertainment,Debit Card,March
02-12-2025,McDonalds,498.78,Food,Net Banking,December
21-11-2025,IRCTC,25964.97,Travel,Debit Card,November
11-12-2025,Airtel,5553.49,Bills,Net Banking,December
06-01-2025,Croma,91112.19,Electronics,Debit Card,January
16-01-2025,OYO,2990.68,Travel,Credit Card,January
22-07-2025,Apple Music,631.37,Entertainment,Debit Card,July
27-10-2025,Amazon,11880.24,Online Shopping,Debit Card,October
29-01-2025,Ajio,4404.16,Online Shopping,Debit Card,January
28-05-2025,Cream Stone,328.01,Food,Net Banking,May
02-04-2025,Aha,138.13,Entertainment,UPI,April
11-12-2025,Ajio,5260.41,Online Shopping,Debit Card,December
21-09-2025,Nykaa,3257.94,Online Shopping,UPI,September
20-09-2025,Property Tax Online,2324.43,Bills,Net Banking,September
21-02-2025,Lenskart,16971.6,Online Shopping,Net Banking,February
19-05-2025,Subway,1222.84,Food,Debit Card,May
09-08-2025,Apple Music,499.41,Entertainment,Credit Card,August
04-10-2025,Nilgiris,718.71,Grocery,Credit Card,October
30-03-2025,Pepperfry,5690.16,Online Shopping,Debit Card,March
18-07-2025,Pizza Hut,297.58,Food,Net Banking,July
23-12-2025,Yulu Bikes,827.96,Transport,Credit Card,December
27-01-2025,JioMart,1462.23,Grocery,UPI,January
17-04-2025,JioMart,3778.41,Grocery,Credit Card,April
28-12-2025,TNEB,4438.48,Bills,Debit Card,December
27-08-2025,Booking.com,24831.54,Travel,Net Banking,August
10-10-2025,JioMart,3115.42,Grocery,UPI,October
09-03-2025,Vivo Store,63376.59,Electronics,Net Banking,March
01-05-2025,Snapdeal,18832.83,Online Shopping,Net Banking,May
12-08-2025,Vivo Store,99170.46,Electronics,Debit Card,August
19-07-2025,H&M,3782.01,Clothing,UPI,July
09-01-2025,Pepperfry,3701.78,Online Shopping,Net Banking,January
21-06-2025,Netmeds,19357.71,Healthcare,Net Banking,June
03-11-2025,Burger King,212.43,Food,Credit Card,November
10-03-2025,TSRTC,751.02,Transport,Net Banking,March
15-04-2025,Boat Lifestyle,68623.3,Electronics,Credit Card,April
16-11-2025,Pantaloons,5357.58,Clothing,UPI,November
27-12-2025,Saravana Bhavan,483.23,Food,Credit Card,December
09-06-2025,Flipkart,4825.61,Online Shopping,Credit Card,June
05-03-2025,Nilgiris,4807.08,Grocery,Credit Card,March
04-10-2025,Tata Cliq,11378.25,Online Shopping,Debit Card,October
18-05-2025,Airtel,969.68,Bills,Net Banking,May
07-08-2025,Burger King,512.89,Food,UPI,August
26-12-2025,PharmEasy,1171.38,Healthcare,Credit Card,December
10-11-2025,Pepperfry,18994.29,Online Shopping,Net Banking,November
17-02-2025,Samsung Store,70919.57,Electronics,Credit Card,February
12-08-2025,Dominos,659.55,Food,UPI,August
04-12-2025,Zee5,603.26,Entertainment,Net Banking,December
19-12-2025,OYO,5912.56,Travel,Net Banking,December
25-10-2025,Saravana Bhavan,1336.94,Food,Net Banking,October
12-10-2025,Allen Solly,3047.62,Clothing,UPI,October
26-08-2025,IndiGo,3983.34,Travel,Credit Card,August
03-02-2025,ACT Fibernet,3168.23,Bills,Credit Card,February
14-07-2025,HP World,108452.24,Electronics,UPI,July
31-01-2025,Yulu Bikes,1727.78,Transport,Debit Card,January
03-03-2025,BMTC,275.5,Transport,Net Banking,March
27-12-2025,More Supermarket,857.34,Grocery,Debit Card,December
09-06-2025,Dominos,1236.4,Food,Debit Card,June
23-12-2025,Rapido,649.59,Transport,Credit Card,December
25-11-2025,Pepperfry,19791.74,Online Shopping,Credit Card,November
25-10-2025,AirAsia,29817.3,Travel,UPI,October
14-06-2025,SonyLiv,155.59,Entertainment,UPI,June
05-08-2025,CloudNine,13087.49,Healthcare,Debit Card,August
18-02-2025,Reliance Fresh,4718.87,Grocery,Net Banking,February
14-03-2025,MakeMyTrip,10106.87,Travel,Debit Card,March
08-01-2025,Biba,5125.54,Clothing,UPI,January
11-06-2025,More Supermarket,2111.08,Grocery,Net Banking,June
22-11-2025,Adidas,5570.73,Clothing,UPI,November
04-02-2025,IndiGo,25679.52,Travel,UPI,February
29-01-2025,BSNL,613.3,Bills,Net Banking,January
26-09-2025,Hotstar,957.14,Entertainment,UPI,September
02-09-2025,Myntra,7073.38,Online Shopping,UPI,September
07-10-2025,Yulu Bikes,391.78,Transport,Credit Card,October
23-04-2025,Apollo Hospital,15832.68,Healthcare,Debit Card,April
11-11-2025,Aha,99.83,Entertainment,Debit Card,November
27-12-2025,Gaana,616.47,Entertainment,Debit Card,December
01-03-2025,BigBazaar,4644.64,Grocery,Debit Card,March
25-09-2025,Vodafone Idea,2179.98,Bills,Debit Card,September
26-02-2025,Amazon Prime,501.86,Entertainment,Credit Card,February
01-07-2025,Snapdeal,11676.07,Online Shopping,Net Banking,July
27-05-2025,Vistara,11372.87,Travel,Credit Card,May
20-03-2025,Ajio,16290.41,Online Shopping,Credit Card,March
19-01-2025,Meru Cabs,918.39,Transport,Debit Card,January
05-06-2025,Amazon Prime,927.43,Entertainment,UPI,June
30-04-2025,IndiGo,4190.37,Travel,UPI,April
23-05-2025,Meesho,669.3,Online Shopping,Debit Card,May
02-07-2025,Amazon Prime,750.88,Entertainment,Debit Card,July
21-09-2025,YouTube Premium,180.49,Entertainment,Credit Card,September
17-01-2025,PharmEasy,8062.42,Healthcare,UPI,January
21-09-2025,Flipkart,3324.83,Online Shopping,UPI,September
29-10-2025,Taco Bell,633.56,Food,Credit Card,October
09-09-2025,Yatra,1308.81,Travel,Credit Card,September
26-12-2025,Netmeds,4422.02,Healthcare,Credit Card,December
02-06-2025,Nature's Basket,2644.27,Grocery,Net Banking,June
08-11-2025,AirAsia,19294.43,Travel,Credit Card,November
17-06-2025,Saravana Bhavan,242,Food,Debit Card,June
26-05-2025,Subway,1109.76,Food,Debit Card,May
27-01-2025,IndiGo,4228.14,Travel,Credit Card,January
24-09-2025,Mi Store,142587.66,Electronics,UPI,September
22-09-2025,Adidas,3705.34,Clothing,Net Banking,September
23-07-2025,SonyLiv,151.86,Entertainment,Net Banking,July
06-11-2025,Flipkart,10972.07,Online Shopping,Net Banking,November
30-11-2025,RedBus,470.1,Transport,Net Banking,November
26-04-2025,MedPlus,13032.47,Healthcare,Debit Card,April
01-11-2025,YouTube Premium,758.92,Entertainment,Credit Card,November
29-05-2025,Tata Cliq,14037.3,Online Shopping,Credit Card,May
02-01-2025,IndiGo,1310.56,Travel,Net Banking,January
31-03-2025,Pepperfry,13619.07,Online Shopping,Debit Card,March
23-11-2025,TSRTC,911.19,Transport,Debit Card,November
01-10-2025,Myntra,4060.4,Online Shopping,Credit Card,October
24-07-2025,AirAsia,14670.27,Travel,UPI,July
16-09-2025,Levis,6362.18,Clothing,Credit Card,September
09-08-2025,RedBus,1726.39,Transport,Credit Card,August
09-06-2025,PharmEasy,1503.4,Healthcare,Net Banking,June
19-10-2025,Pantaloons,4013.75,Clothing,UPI,October
31-10-2025,Amazon Prime,948.58,Entertainment,Credit Card,October
28-01-2025,MakeMyTrip,18182.37,Travel,Credit Card,January
13-12-2025,Nature's Basket,3951.44,Grocery,Net Banking,December
22-08-2025,Netflix,318.35,Entertainment,Credit Card,August
11-06-2025,RedBus,1337.91,Transport,Credit Card,June
25-07-2025,Netflix,411.54,Entertainment,Credit Card,July
16-07-2025,Dominos,1173.15,Food,Debit Card,July
07-01-2025,1mg,5915.31,Healthcare,Credit Card,January
25-09-2025,RedBus,647.8,Transport,Credit Card,September
01-03-2025,KFC,1391.99,Food,Debit Card,March
16-06-2025,KFC,716.57,Food,Credit Card,June
23-06-2025,Asus Store,51012.52,Electronics,Credit Card,June
23-06-2025,CCD,647.45,Food,Credit Card,June
24-03-2025,Tata Cliq,1790.8,Online Shopping,Credit Card,March
28-12-2025,IRCTC,11938.91,Travel,UPI,December
04-09-2025,A2B,923.34,Food,Credit Card,September
19-07-2025,BSNL,2466.57,Bills,Net Banking,July
01-08-2025,MakeMyTrip,711.42,Travel,Debit Card,August
12-07-2025,Gas Agency,3114.58,Bills,Net Banking,July
30-10-2025,Nykaa,5289.31,Online Shopping,Net Banking,October
14-12-2025,Aha,575.62,Entertainment,Net Banking,December
01-03-2025,Star Bazaar,2596.25,Grocery,Debit Card,March
23-05-2025,Apple Music,463.83,Entertainment,Net Banking,May
26-02-2025,Zara,7724.55,Clothing,UPI,February
10-08-2025,Yulu Bikes,497.37,Transport,Net Banking,August
08-12-2025,A2B,533.28,Food,Net Banking,December
22-04-2025,TNEB,3094.6,Bills,Debit Card,April
16-01-2025,Amazon,16163.41,Online Shopping,Debit Card,January
08-03-2025,IRCTC,28156.44,Travel,UPI,March
12-06-2025,Uber,858.21,Transport,Net Banking,June
25-07-2025,Boat Lifestyle,41879.08,Electronics,Credit Card,July
29-04-2025,Apollo Pharmacy,17508.96,Healthcare,Credit Card,April
28-02-2025,Dell Exclusive,44535.67,Electronics,Credit Card,February
12-06-2025,Burger King,1482.48,Food,Credit Card,June
08-12-2025,Apollo Pharmacy,5179.58,Healthcare,UPI,December
15-05-2025,JioMart,3888.14,Grocery,Credit Card,May
30-06-2025,Taco Bell,485.5,Food,Credit Card,June
12-03-2025,MakeMyTrip,17031.73,Travel,Net Banking,March
16-07-2025,Reliance Fresh,3531.18,Grocery,Debit Card,July
20-04-2025,TNEB,5773.77,Bills,Debit Card,April
09-09-2025,Yatra,15370.31,Travel,Net Banking,September
20-03-2025,Max Fashion,7865.01,Clothing,UPI,March
07-03-2025,Gaana,771.64,Entertainment,UPI,March
13-11-2025,Croma,86050.58,Electronics,UPI,November
26-07-2025,Vodafone Idea,2488.2,Bills,Net Banking,July
05-02-2025,Nykaa,15289.18,Online Shopping,UPI,February
27-07-2025,Aster,14374.2,Healthcare,Net Banking,July
20-08-2025,TSRTC,552.84,Transport,UPI,August
28-02-2025,Subway,584.77,Food,Debit Card,February
24-08-2025,Biba,3984.7,Clothing,Credit Card,August
18-09-2025,Barbeque Nation,225.83,Food,UPI,September
05-03-2025,Lenskart,12167.39,Online Shopping,Net Banking,March
08-07-2025,1mg,4706.32,Healthcare,Credit Card,July
10-12-2025,Apollo Hospital,4280.45,Healthcare,Net Banking,December
31-05-2025,CloudNine,13688.77,Healthcare,Credit Card,May
20-12-2025,YouTube Premium,952.79,Entertainment,Debit Card,December
15-12-2025,Vivo Store,114052.4,Electronics,Credit Card,December
29-08-2025,Fortis,16563.55,Healthcare,Net Banking,August
03-10-2025,BMTC,341.51,Transport,Credit Card,October
23-02-2025,Metro Rail,1380.2,Transport,Debit Card,February
20-10-2025,SonyLiv,454.06,Entertainment,Credit Card,October
07-06-2025,Apple Music,864.11,Entertainment,UPI,June
12-08-2025,Woodland,6462.69,Clothing,Debit Card,August
19-12-2025,AirAsia,27975.54,Travel,Net Banking,December
10-02-2025,Airtel,2083.94,Bills,Credit Card,February
10-10-2025,Rapido,1659.59,Transport,UPI,October
09-10-2025,Netmeds,14081.65,Healthcare,UPI,October
30-12-2025,Max Fashion,7719.07,Clothing,UPI,December
21-12-2025,Gaana,514.7,Entertainment,Net Banking,December
02-07-2025,AirAsia,25965.32,Travel,Net Banking,July
09-12-2025,Hotstar,331.5,Entertainment,Credit Card,December
17-02-2025,MedPlus,9109.9,Healthcare,Debit Card,February
03-07-2025,Vodafone Idea,1980.93,Bills,Credit Card,July
29-12-2025,Asus Store,28844.76,Electronics,Debit Card,December
20-02-2025,CCD,1216.66,Food,Net Banking,February
14-11-2025,Tata Cliq,12249.5,Online Shopping,Net Banking,November
22-02-2025,IRCTC,28407.42,Travel,Debit Card,February
27-05-2025,A2B,430.59,Food,Debit Card,May
10-03-2025,Boat Lifestyle,72988.29,Electronics,UPI,March
06-02-2025,Ola,237.18,Transport,UPI,February
06-04-2025,Netflix,307.22,Entertainment,Debit Card,April
17-10-2025,Pepperfry,6589.03,Online Shopping,Debit Card,October
12-02-2025,Starbucks,733.84,Food,Debit Card,February
16-06-2025,Flipkart,13686.78,Online Shopping,Net Banking,June
08-05-2025,Apollo Pharmacy,3853.02,Healthcare,Net Banking,May
16-12-2025,Starbucks,1342.17,Food,Debit Card,December
18-05-2025,Pizza Hut,675.19,Food,Net Banking,May
20-05-2025,Water Board,4197.89,Bills,Credit Card,May
12-03-2025,RedBus,1044.41,Transport,UPI,March
19-10-2025,A2B,376.89,Food,Credit Card,October
24-07-2025,Gas Agency,3522.02,Bills,UPI,July
24-01-2025,Flipkart,19236.46,Online Shopping,Debit Card,January
01-01-2025,Aha,241.25,Entertainment,UPI,January
12-03-2025,Metro Rail,908.94,Transport,Debit Card,March
14-10-2025,Fortis,10531.94,Healthcare,Credit Card,October
08-12-2025,Jio Fiber,243.95,Bills,Credit Card,December
29-01-2025,Meru Cabs,1981.27,Transport,Credit Card,January
02-05-2025,MedPlus,12835.69,Healthcare,Net Banking,May
19-02-2025,BSNL,3019.68,Bills,UPI,February
27-08-2025,Taco Bell,754.31,Food,Net Banking,August
26-05-2025,H&M,2357.37,Clothing,Credit Card,May
13-04-2025,US Polo,3734.99,Clothing,Debit Card,April
31-12-2025,Spotify,103.51,Entertainment,UPI,December
10-03-2025,Cream Stone,497.17,Food,UPI,March
04-07-2025,Apollo Pharmacy,16457.98,Healthcare,Credit Card,July
21-07-2025,JioMart,2272.22,Grocery,UPI,July
28-04-2025,Levis,1619.54,Clothing,Credit Card,April
10-02-2025,Ola,481.64,Transport,Credit Card,February
15-06-2025,CCD,1347.75,Food,UPI,June
19-09-2025,YouTube Premium,915.46,Entertainment,Credit Card,September
07-08-2025,Woodland,5579.89,Clothing,Credit Card,August
18-11-2025,RedBus,433.62,Transport,UPI,November
20-08-2025,Tata Cliq,11302.02,Online Shopping,Debit Card,August
06-02-2025,Myntra,17133.19,Online Shopping,Debit Card,February
15-04-2025,Subway,548.69,Food,Credit Card,April
01-06-2025,Airtel,2221.56,Bills,UPI,June
22-07-2025,Flipkart,4922.32,Online Shopping,UPI,July
08-04-2025,Biba,4972.83,Clothing,UPI,April
16-11-2025,Sony Center,51855.47,Electronics,Credit Card,November
01-05-2025,Flipkart,1474.18,Online Shopping,Credit Card,May
13-07-2025,BigBazaar,1314.67,Grocery,Debit Card,July
21-12-2025,Dell Exclusive,105066.91,Electronics,UPI,December
26-07-2025,Nilgiris,2453.61,Grocery,UPI,July
14-03-2025,Airtel,2522.7,Bills,Net Banking,March
08-05-2025,Ola,87.36,Transport,Credit Card,May
12-09-2025,Gas Agency,5965.42,Bills,Debit Card,September
04-04-2025,Zee5,670.11,Entertainment,Credit Card,April
17-02-2025,Vodafone Idea,1857.65,Bills,UPI,February
25-06-2025,Ajio,18324.08,Online Shopping,Credit Card,June
12-06-2025,BigBazaar,3499.51,Grocery,Credit Card,June
20-02-2025,Myntra,2699.49,Online Shopping,Credit Card,February
17-03-2025,Nature's Basket,608.18,Grocery,Debit Card,March
27-03-2025,Aster,8630.26,Healthcare,UPI,March
20-04-2025,Spencers,3647.32,Grocery,Debit Card,April
28-06-2025,Chai Point,693.82,Food,Debit Card,June
08-08-2025,Spotify,286.64,Entertainment,Net Banking,August
08-03-2025,RedBus,149.49,Transport,Debit Card,March
16-05-2025,Burger King,121.11,Food,UPI,May
14-09-2025,Nykaa,5006.92,Online Shopping,UPI,September
06-09-2025,TSRTC,1367.59,Transport,Net Banking,September
17-09-2025,Sony Center,74144.84,Electronics,Credit Card,September
26-07-2025,Flipkart,17805.48,Online Shopping,Net Banking,July
02-11-2025,Gaana,466.87,Entertainment,UPI,November
24-01-2025,Asus Store,114658.74,Electronics,Credit Card,January
21-11-2025,Boat Lifestyle,63126.18,Electronics,Credit Card,November
22-07-2025,DMart,4520.89,Grocery,Net Banking,July
28-05-2025,Pantaloons,3711.92,Clothing,Credit Card,May
22-10-2025,Uber,1814,Transport,Debit Card,October
17-05-2025,Zee5,725.04,Entertainment,Debit Card,May
04-03-2025,MedPlus,10656.21,Healthcare,Net Banking,March
01-11-2025,MedPlus,5480.15,Healthcare,Net Banking,November
14-09-2025,IRCTC,8686.28,Travel,Net Banking,September
10-04-2025,JioMart,2911.82,Grocery,UPI,April
15-01-2025,Cream Stone,1095.79,Food,Debit Card,January
17-10-2025,MedPlus,2470.24,Healthcare,Credit Card,October
23-03-2025,Paradise Biryani,1381.26,Food,Credit Card,March
12-10-2025,Meesho,878.42,Online Shopping,Net Banking,October
28-07-2025,Cream Stone,1201.6,Food,Debit Card,July
17-10-2025,Star Bazaar,1838.04,Grocery,Debit Card,October
10-01-2025,Zara,3897.33,Clothing,Credit Card,January
25-05-2025,Meru Cabs,123.67,Transport,UPI,May
27-08-2025,Uber,905.47,Transport,Debit Card,August
07-07-2025,ACT Fibernet,4835.37,Bills,Debit Card,July
08-07-2025,Allen Solly,2347.76,Clothing,Net Banking,July
19-12-2025,YouTube Premium,475.91,Entertainment,Debit Card,December
28-03-2025,Allen Solly,5577.84,Clothing,UPI,March
07-05-2025,CloudNine,14464.14,Healthcare,Credit Card,May
11-02-2025,Yulu Bikes,1852.26,Transport,UPI,February
31-12-2025,AirAsia,21195.5,Travel,UPI,December
23-02-2025,Reliance Digital,47672.43,Electronics,UPI,February
09-02-2025,Meesho,18826.29,Online Shopping,Credit Card,February
07-12-2025,Booking.com,1904.74,Travel,Debit Card,December
03-10-2025,MakeMyTrip,14597.06,Travel,Credit Card,October
22-05-2025,Amazon Prime,834.88,Entertainment,UPI,May
02-09-2025,HP World,130859.65,Electronics,Debit Card,September
09-09-2025,Nature's Basket,664.81,Grocery,Net Banking,September
24-08-2025,MakeMyTrip,2757.21,Travel,Credit Card,August
28-11-2025,Amazon,3248.68,Online Shopping,UPI,November
29-03-2025,Fortis,9827.99,Healthcare,Net Banking,March
06-12-2025,Lenskart,783.38,Online Shopping,Net Banking,December
20-11-2025,Fortis,3969.19,Healthcare,Net Banking,November
08-03-2025,Meru Cabs,268.15,Transport,UPI,March
21-10-2025,Water Board,1456.52,Bills,Credit Card,October
19-06-2025,Paradise Biryani,1378.25,Food,UPI,June
14-07-2025,Saravana Bhavan,215.36,Food,Credit Card,July
26-09-2025,Reliance Digital,65943.25,Electronics,UPI,September
29-11-2025,Uber,607.47,Transport,Net Banking,November
05-02-2025,Snapdeal,6507.75,Online Shopping,UPI,February
12-05-2025,Flipkart,13904.33,Online Shopping,UPI,May
20-04-2025,Netflix,796.72,Entertainment,Credit Card,April
01-02-2025,More Supermarket,4205.24,Grocery,Credit Card,February
26-03-2025,RedBus,1747.46,Transport,UPI,March
12-06-2025,1mg,19131.44,Healthcare,UPI,June
11-05-2025,Netflix,438.34,Entertainment,Debit Card,May
18-05-2025,Vodafone Idea,337.62,Bills,Net Banking,May
24-04-2025,IRCTC,21291.42,Travel,Debit Card,April
04-04-2025,IRCTC,1519.58,Travel,Credit Card,April
24-06-2025,Spotify,221.53,Entertainment,Credit Card,June
17-05-2025,Meru Cabs,250.15,Transport,Credit Card,May
17-03-2025,Spencers,4383.09,Grocery,UPI,March
07-08-2025,Subway,853.88,Food,Debit Card,August
30-03-2025,Tata Cliq,15375.04,Online Shopping,Net Banking,March
01-12-2025,Noise,97430.82,Electronics,Credit Card,December
01-03-2025,IRCTC,2496.95,Travel,Credit Card,March
09-05-2025,Air India,11557.57,Travel,Credit Card,May
11-07-2025,Goibibo,17366.05,Travel,Net Banking,July
26-03-2025,Goibibo,10062.4,Travel,Net Banking,March
12-05-2025,Reliance Fresh,3311.14,Grocery,Net Banking,May
30-08-2025,Airtel,2483.13,Bills,Credit Card,August
26-07-2025,Boat Lifestyle,53150.81,Electronics,Credit Card,July
26-06-2025,Levis,847.61,Clothing,Net Banking,June
10-04-2025,BigBazaar,448.72,Grocery,Credit Card,April
26-03-2025,Vistara,23383.94,Travel,Net Banking,March
30-06-2025,Netflix,841.24,Entertainment,Credit Card,June
01-03-2025,Netflix,869.52,Entertainment,UPI,March
20-12-2025,PharmEasy,11288.62,Healthcare,Net Banking,December
04-07-2025,Burger King,104.99,Food,Debit Card,July
03-12-2025,Amazon,14206.76,Online Shopping,Debit Card,December
21-04-2025,Goibibo,22087.93,Travel,Credit Card,April
10-09-2025,IRCTC,4831.09,Travel,UPI,September
28-06-2025,Puma,6807.54,Clothing,UPI,June
16-01-2025,Netflix,963.96,Entertainment,UPI,January
19-03-2025,Ajio,9612.2,Online Shopping,Credit Card,March
22-12-2025,Gaana,510.6,Entertainment,Net Banking,December
10-02-2025,Property Tax Online,1757.04,Bills,Net Banking,February
19-12-2025,Apollo Hospital,10807.71,Healthcare,Credit Card,December
03-09-2025,Nykaa,14126.42,Online Shopping,UPI,September
14-09-2025,AirAsia,21982.39,Travel,Net Banking,September
04-04-2025,Ola,1635.97,Transport,Debit Card,April
18-10-2025,CloudNine,16282.69,Healthcare,UPI,October
07-05-2025,IndiGo,12184.4,Travel,Credit Card,May
20-09-2025,BSNL,2991.84,Bills,Debit Card,September
08-01-2025,Meesho,9256.43,Online Shopping,UPI,January
06-03-2025,Dominos,657.5,Food,Credit Card,March
22-03-2025,Aster,9501.15,Healthcare,Credit Card,March
04-01-2025,Lenskart,8910.28,Online Shopping,Debit Card,January
29-06-2025,Tata Cliq,18813.02,Online Shopping,Credit Card,June
30-10-2025,Metro Rail,1090.93,Transport,Credit Card,October
28-04-2025,Myntra,2999.44,Online Shopping,UPI,April
26-03-2025,Gas Agency,4376.74,Bills,UPI,March
14-08-2025,TNEB,1016.78,Bills,Debit Card,August
07-12-2025,Nilgiris,2155.9,Grocery,UPI,December
12-10-2025,Amazon,11782.88,Online Shopping,UPI,October
25-09-2025,Kauvery,2179.5,Healthcare,UPI,September
23-05-2025,Apollo Pharmacy,9747.14,Healthcare,Net Banking,May
26-08-2025,Croma,101364.36,Electronics,Net Banking,August
13-11-2025,KFC,844.53,Food,Net Banking,November
15-01-2025,Vivo Store,68611.46,Electronics,Net Banking,January
01-04-2025,Cream Stone,719.47,Food,Debit Card,April
22-08-2025,Levis,5627.87,Clothing,Credit Card,August
08-05-2025,MakeMyTrip,12454.55,Travel,Credit Card,May
19-10-2025,BSNL,351.06,Bills,Net Banking,October
28-07-2025,Meesho,16544.33,Online Shopping,Debit Card,July
05-06-2025,Amazon,9108.43,Online Shopping,Credit Card,June
29-01-2025,Biba,7790.96,Clothing,Debit Card,January
11-07-2025,A2B,171.19,Food,Credit Card,July
28-11-2025,TNEB,2165.98,Bills,Debit Card,November
21-09-2025,Fortis,11799.17,Healthcare,Credit Card,September
14-03-2025,Zee5,653.83,Entertainment,Net Banking,March
27-01-2025,Nature's Basket,2888.22,Grocery,UPI,January
01-09-2025,Adidas,4188.29,Clothing,Net Banking,September
25-06-2025,OnePlus,123907,Electronics,UPI,June
09-07-2025,Gaana,956.55,Entertainment,UPI,July
03-08-2025,ACT Fibernet,2486.97,Bills,Credit Card,August
26-05-2025,Booking.com,28995.33,Travel,Net Banking,May
16-05-2025,Reliance Fresh,4372.86,Grocery,Net Banking,May
02-08-2025,CCD,235.14,Food,Credit Card,August
23-12-2025,RedBus,1299.33,Transport,Net Banking,December
12-02-2025,BMTC,1510.59,Transport,Net Banking,February
08-02-2025,Zee5,169.38,Entertainment,Credit Card,February
16-03-2025,Netmeds,11556.73,Healthcare,Credit Card,March
21-08-2025,Apple Music,206.22,Entertainment,Credit Card,August
15-01-2025,Metro Rail,1318.26,Transport,Net Banking,January
20-11-2025,Gaana,984.79,Entertainment,Net Banking,November
12-07-2025,Aster,2898.85,Healthcare,Debit Card,July
12-07-2025,Amazon,6885.28,Online Shopping,Net Banking,July
26-10-2025,Nykaa,9014.08,Online Shopping,Credit Card,October
13-01-2025,Flipkart,19775.63,Online Shopping,Net Banking,January
22-07-2025,Property Tax Online,404.24,Bills,Credit Card,July
27-04-2025,Vistara,29561.22,Travel,Credit Card,April
27-12-2025,Adidas,4040.04,Clothing,Debit Card,December
24-06-2025,Airtel,3855.81,Bills,Net Banking,June
25-12-2025,1mg,6234.55,Healthcare,Net Banking,December
23-08-2025,Kauvery,7270.59,Healthcare,Net Banking,August
13-02-2025,Paradise Biryani,141.29,Food,Credit Card,February
02-11-2025,Saravana Bhavan,668.41,Food,Net Banking,November
03-03-2025,Wrogn,5949.64,Clothing,UPI,March
25-03-2025,Reliance Fresh,1319.6,Grocery,UPI,March
27-06-2025,Burger King,1402.68,Food,UPI,June
23-03-2025,Netmeds,19353.19,Healthcare,Credit Card,March
05-03-2025,Spotify,495.55,Entertainment,Debit Card,March
03-09-2025,Allen Solly,6615.92,Clothing,Debit Card,September
11-03-2025,Pantaloons,7479.22,Clothing,Debit Card,March
14-06-2025,Yulu Bikes,729.75,Transport,Net Banking,June
15-01-2025,MakeMyTrip,29764.79,Travel,Credit Card,January
06-03-2025,Hotstar,732.77,Entertainment,Net Banking,March
13-06-2025,1mg,8048.87,Healthcare,Net Banking,June
12-09-2025,Max Fashion,5523.12,Clothing,Net Banking,September
07-10-2025,Reliance Fresh,1168.83,Grocery,UPI,October
12-10-2025,Aha,443.24,Entertainment,UPI,October
04-03-2025,Spotify,406.84,Entertainment,Credit Card,March
17-02-2025,Reliance Fresh,3602.97,Grocery,Net Banking,February
17-02-2025,ACT Fibernet,229.13,Bills,Debit Card,February
24-12-2025,A2B,242.25,Food,Net Banking,December
15-08-2025,Aha,185.22,Entertainment,Debit Card,August
27-04-2025,IRCTC,4503.95,Travel,Debit Card,April
08-04-2025,Snapdeal,6742.63,Online Shopping,Net Banking,April
08-11-2025,Croma,118447.57,Electronics,UPI,November
22-01-2025,OYO,13509.18,Travel,Net Banking,January
29-10-2025,JioMart,4801.98,Grocery,Net Banking,October
31-05-2025,Star Bazaar,615.58,Grocery,Debit Card,May
02-01-2025,Water Board,4973.64,Bills,Credit Card,January
20-05-2025,RedBus,145.72,Transport,UPI,May
28-10-2025,Snapdeal,13485.12,Online Shopping,UPI,October
10-10-2025,Puma,3533.77,Clothing,Credit Card,October
11-05-2025,Ajio,14732.43,Online Shopping,UPI,May
09-11-2025,Amazon,10861.5,Online Shopping,UPI,November
14-06-2025,Metro Rail,1837.43,Transport,Credit Card,June
10-11-2025,Saravana Bhavan,1322.92,Food,Credit Card,November
25-01-2025,Apollo Hospital,835.1,Healthcare,Credit Card,January
02-12-2025,Spotify,252.1,Entertainment,Credit Card,December
09-02-2025,Jio Fiber,5043.24,Bills,UPI,February
16-10-2025,Vistara,25232.68,Travel,Credit Card,October
17-03-2025,Levis,1046.61,Clothing,Debit Card,March
20-06-2025,Apollo Hospital,5708.51,Healthcare,UPI,June
26-04-2025,IRCTC,10001.9,Travel,Debit Card,April
02-05-2025,Dell Exclusive,105348.66,Electronics,UPI,May
18-10-2025,Aster,843.92,Healthcare,Debit Card,October
04-04-2025,Snapdeal,15264.17,Online Shopping,Debit Card,April
17-07-2025,Property Tax Online,2341.7,Bills,Debit Card,July
03-08-2025,Samsung Store,110245.4,Electronics,UPI,August
22-09-2025,Burger King,1436.2,Food,Debit Card,September
20-01-2025,Netmeds,11513.64,Healthcare,Net Banking,January
21-03-2025,Booking.com,10177.58,Travel,UPI,March
21-07-2025,Wrogn,2858.22,Clothing,Net Banking,July
31-01-2025,1mg,894.49,Healthcare,Net Banking,January
22-03-2025,Taco Bell,1147.84,Food,UPI,March
29-05-2025,Aha,947.52,Entertainment,Credit Card,May
13-04-2025,Aha,791.57,Entertainment,Credit Card,April
09-04-2025,Adidas,1595.21,Clothing,Debit Card,April
15-11-2025,Apollo Pharmacy,19854.49,Healthcare,Credit Card,November
15-09-2025,SonyLiv,99.29,Entertainment,Credit Card,September
12-04-2025,Asus Store,42805.02,Electronics,Credit Card,April
01-06-2025,Star Bazaar,2489.75,Grocery,UPI,June
12-08-2025,DMart,1783.43,Grocery,Net Banking,August
29-05-2025,Pantaloons,4875.57,Clothing,UPI,May
07-03-2025,Amazon,4072.49,Online Shopping,Credit Card,March
06-08-2025,Vodafone Idea,1667.63,Bills,UPI,August
21-10-2025,AirAsia,6264.29,Travel,Credit Card,October
23-09-2025,OYO,15438.54,Travel,Credit Card,September
20-11-2025,Lenskart,2063.14,Online Shopping,UPI,November
02-04-2025,Nature's Basket,869.15,Grocery,Credit Card,April
05-08-2025,Nature's Basket,3065.74,Grocery,UPI,August
07-11-2025,Ajio,19880.82,Online Shopping,Debit Card,November
04-06-2025,Aha,864.25,Entertainment,UPI,June
28-10-2025,Paradise Biryani,488.9,Food,Net Banking,October
09-05-2025,BSNL,3228.26,Bills,Debit Card,May
04-10-2025,H&M,5560.42,Clothing,Net Banking,October
13-07-2025,Metro Rail,1224.32,Transport,Debit Card,July
24-10-2025,Yulu Bikes,1888.03,Transport,Debit Card,October
23-12-2025,Star Bazaar,2616.98,Grocery,Net Banking,December
28-08-2025,Flipkart,10407.42,Online Shopping,Debit Card,August
11-01-2025,Sony Center,119718.87,Electronics,UPI,January
17-09-2025,Dominos,100.2,Food,UPI,September
07-10-2025,More Supermarket,931.41,Grocery,Credit Card,October
14-07-2025,Asus Store,137172.55,Electronics,Debit Card,July
14-10-2025,US Polo,2969.3,Clothing,Debit Card,October
09-08-2025,BMTC,233.91,Transport,Credit Card,August
02-02-2025,Yulu Bikes,1304.82,Transport,UPI,February
11-02-2025,Subway,291.13,Food,UPI,February
12-06-2025,A2B,721.77,Food,Debit Card,June
23-01-2025,Myntra,2826.55,Online Shopping,Net Banking,January
10-07-2025,Noise,89602.49,Electronics,Credit Card,July
07-03-2025,Hotstar,393,Entertainment,Debit Card,March
24-12-2025,Vodafone Idea,793.41,Bills,UPI,December
09-08-2025,Star Bazaar,1938.52,Grocery,Credit Card,August
11-08-2025,Rapido,261.82,Transport,UPI,August
05-09-2025,Apollo Pharmacy,17482.67,Healthcare,Debit Card,September
04-05-2025,Levis,5430.6,Clothing,Credit Card,May
22-05-2025,Property Tax Online,1792.9,Bills,Credit Card,May
18-10-2025,BSNL,5740.9,Bills,UPI,October
02-06-2025,Amazon,135.21,Online Shopping,Net Banking,June
12-09-2025,Sony Center,49786.22,Electronics,UPI,September
01-11-2025,Water Board,1593.99,Bills,Net Banking,November
06-05-2025,Gas Agency,2610.32,Bills,UPI,May
20-08-2025,Max Fashion,5396.55,Clothing,Net Banking,August
16-02-2025,Tata Cliq,11241.08,Online Shopping,Debit Card,February
03-12-2025,Ola,1250.99,Transport,Debit Card,December
16-05-2025,Amazon Prime,289.61,Entertainment,Net Banking,May
28-03-2025,Wrogn,6930.67,Clothing,Credit Card,March
30-07-2025,BMTC,1980.28,Transport,Debit Card,July
14-03-2025,Spotify,299.83,Entertainment,Debit Card,March
12-05-2025,JioMart,4057.55,Grocery,Net Banking,May
10-02-2025,Starbucks,1285.37,Food,Debit Card,February
27-02-2025,Goibibo,11894.23,Travel,Debit Card,February
26-04-2025,Fortis,15132.78,Healthcare,Credit Card,April
16-07-2025,ACT Fibernet,1605.74,Bills,Net Banking,July
11-12-2025,TNEB,4540.69,Bills,Net Banking,December
24-12-2025,Tata Cliq,5267.66,Online Shopping,Net Banking,December
19-01-2025,Zara,1519.45,Clothing,Credit Card,January
22-03-2025,Apollo Pharmacy,18718.63,Healthcare,UPI,March
27-06-2025,RedBus,141.32,Transport,Debit Card,June
25-08-2025,Mi Store,57404.96,Electronics,UPI,August
06-07-2025,Tata Cliq,11020.82,Online Shopping,UPI,July
06-04-2025,Spotify,284.27,Entertainment,Credit Card,April
07-05-2025,Puma,5874.85,Clothing,Credit Card,May
30-09-2025,IndiGo,6247.14,Travel,UPI,September
29-01-2025,AirAsia,6893.82,Travel,Credit Card,January
02-07-2025,SonyLiv,918.18,Entertainment,UPI,July
13-07-2025,Meru Cabs,1725.44,Transport,Credit Card,July
21-09-2025,Hotstar,228.81,Entertainment,Debit Card,September
29-09-2025,Samsung Store,25143.68,Electronics,Debit Card,September
05-05-2025,Reliance Fresh,2391.31,Grocery,Net Banking,May
05-04-2025,Dell Exclusive,127948.78,Electronics,Debit Card,April
20-09-2025,Airtel,4422.43,Bills,Net Banking,September
05-12-2025,Zara,6477.98,Clothing,Debit Card,December
23-04-2025,Vistara,9191.21,Travel,Debit Card,April
20-04-2025,HP World,132749.14,Electronics,Debit Card,April
13-02-2025,Spotify,172.47,Entertainment,UPI,February
16-08-2025,AirAsia,28812.73,Travel,Credit Card,August
15-02-2025,Hotstar,945.91,Entertainment,UPI,February
08-08-2025,Star Bazaar,3087.32,Grocery,Credit Card,August
27-11-2025,OnePlus,32231.86,Electronics,Credit Card,November
19-03-2025,Ola,649.09,Transport,UPI,March
18-08-2025,Zee5,977.96,Entertainment,Net Banking,August
31-01-2025,Property Tax Online,3803.05,Bills,Debit Card,January
16-07-2025,TNEB,3307.39,Bills,Net Banking,July
09-07-2025,OYO,1378.98,Travel,Debit Card,July
27-02-2025,Allen Solly,7845.25,Clothing,Net Banking,February
14-08-2025,McDonalds,1197.28,Food,Debit Card,August
14-04-2025,Spotify,809.46,Entertainment,Debit Card,April
07-03-2025,Samsung Store,143383.11,Electronics,UPI,March
29-09-2025,Gas Agency,3933.89,Bills,Debit Card,September
15-04-2025,Tata Cliq,12215.06,Online Shopping,Credit Card,April
11-06-2025,Myntra,7995.66,Online Shopping,Debit Card,June
21-08-2025,KFC,1206.71,Food,UPI,August
07-06-2025,Hotstar,294.94,Entertainment,UPI,June
20-05-2025,Wrogn,5342.56,Clothing,Debit Card,May
27-03-2025,Vodafone Idea,5570.97,Bills,Credit Card,March
27-05-2025,Meru Cabs,1371.59,Transport,Debit Card,May
08-10-2025,Ajio,14259.95,Online Shopping,UPI,October
21-09-2025,SonyLiv,715.2,Entertainment,Credit Card,September
17-12-2025,Water Board,3107.07,Bills,Credit Card,December
26-12-2025,Metro Rail,957.15,Transport,UPI,December
09-05-2025,1mg,8788.62,Healthcare,Credit Card,May
04-10-2025,Adidas,1732.18,Clothing,UPI,October
12-08-2025,Ajio,2607.62,Online Shopping,Debit Card,August
14-07-2025,A2B,555.8,Food,Debit Card,July
24-02-2025,Boat Lifestyle,29502.88,Electronics,Net Banking,February
03-10-2025,Water Board,2510.78,Bills,UPI,October
15-01-2025,Gaana,719.52,Entertainment,Net Banking,January
27-10-2025,Reliance Digital,133794.03,Electronics,Net Banking,October
20-10-2025,Water Board,2089.15,Bills,Net Banking,October
07-04-2025,Starbucks,1224.25,Food,Credit Card,April
25-10-2025,Nature's Basket,757.04,Grocery,Debit Card,October
26-10-2025,Max Fashion,3305.68,Clothing,Credit Card,October
09-01-2025,Booking.com,29587.72,Travel,Debit Card,January
24-05-2025,Air India,13708.54,Travel,Credit Card,May
07-06-2025,Fortis,18892.5,Healthcare,Net Banking,June
19-06-2025,1mg,11010.08,Healthcare,Debit Card,June
16-06-2025,ACT Fibernet,2191.31,Bills,UPI,June
13-09-2025,MedPlus,5490.71,Healthcare,Debit Card,September
06-04-2025,Adidas,5732.41,Clothing,Credit Card,April
13-01-2025,Myntra,14567.04,Online Shopping,Debit Card,January
30-10-2025,Amazon,2942.4,Online Shopping,Credit Card,October
16-11-2025,Star Bazaar,1089.15,Grocery,UPI,November
25-09-2025,SonyLiv,453.61,Entertainment,Debit Card,September
18-01-2025,Netflix,290.66,Entertainment,Net Banking,January
04-03-2025,DMart,4553.73,Grocery,UPI,March
11-12-2025,More Supermarket,1744.58,Grocery,UPI,December
23-05-2025,Samsung Store,94742.08,Electronics,Credit Card,May
19-12-2025,Subway,438.5,Food,Credit Card,December
16-11-2025,Subway,887.85,Food,Credit Card,November
14-01-2025,Apple Store,19100.71,Electronics,Net Banking,January
29-11-2025,Metro Rail,96.32,Transport,Credit Card,November
03-08-2025,Jio Fiber,2059.22,Bills,Credit Card,August
31-05-2025,More Supermarket,1693.46,Grocery,Net Banking,May
18-04-2025,Paradise Biryani,991.26,Food,Debit Card,April
19-08-2025,Nature's Basket,1025.13,Grocery,Debit Card,August
14-03-2025,Nilgiris,2188.11,Grocery,Debit Card,March
24-07-2025,Spotify,302.55,Entertainment,Debit Card,July
16-11-2025,Dell Exclusive,130987.84,Electronics,Net Banking,November
02-08-2025,CCD,1119.26,Food,Credit Card,August
01-10-2025,Kauvery,15684.14,Healthcare,Credit Card,October
05-04-2025,Nilgiris,448.83,Grocery,UPI,April
09-06-2025,Metro Rail,1404.44,Transport,UPI,June
06-10-2025,Yatra,22039.63,Travel,Net Banking,October
14-11-2025,MedPlus,649.9,Healthcare,UPI,November
07-12-2025,McDonalds,914.07,Food,UPI,December
30-11-2025,Levis,5470.35,Clothing,Net Banking,November
23-06-2025,SonyLiv,871.5,Entertainment,Credit Card,June
27-11-2025,KFC,1392.38,Food,Debit Card,November
01-08-2025,Yatra,22597.09,Travel,Debit Card,August
09-09-2025,Sony Center,143563.92,Electronics,Credit Card,September
28-07-2025,MakeMyTrip,7390.41,Travel,UPI,July
15-04-2025,Pantaloons,2986.52,Clothing,Debit Card,April
14-05-2025,Biba,3885.4,Clothing,Credit Card,May
04-08-2025,Nilgiris,2451.26,Grocery,Debit Card,August
24-05-2025,Star Bazaar,4195.59,Grocery,UPI,May
23-04-2025,Reliance Fresh,2012.91,Grocery,Debit Card,April
11-04-2025,Starbucks,1326.56,Food,Net Banking,April
04-04-2025,AirAsia,1191.05,Travel,Debit Card,April
05-06-2025,Asus Store,80206.6,Electronics,Net Banking,June
14-02-2025,Metro Rail,301.95,Transport,Net Banking,February
06-01-2025,Pantaloons,2578.14,Clothing,Credit Card,January
14-07-2025,JioMart,4291.75,Grocery,Credit Card,July
26-03-2025,Gas Agency,4014.34,Bills,UPI,March
21-05-2025,Samsung Store,67441.44,Electronics,Debit Card,May
01-10-2025,TSRTC,1276.02,Transport,Credit Card,October
07-04-2025,Fortis,13381.99,Healthcare,Net Banking,April
02-02-2025,Puma,3225.3,Clothing,Debit Card,February
07-10-2025,Goibibo,15919.14,Travel,UPI,October
15-06-2025,Woodland,5614.75,Clothing,Net Banking,June
29-04-2025,Star Bazaar,4647.47,Grocery,UPI,April
24-05-2025,Lenskart,14442.25,Online Shopping,Debit Card,May
06-01-2025,TNEB,5850.5,Bills,Debit Card,January
07-04-2025,TNEB,5440.12,Bills,Debit Card,April
13-06-2025,Yatra,27346.93,Travel,Credit Card,June
19-07-2025,PharmEasy,797.84,Healthcare,UPI,July
07-06-2025,US Polo,3949.99,Clothing,Debit Card,June
20-10-2025,Allen Solly,3984.58,Clothing,Net Banking,October
05-08-2025,Flipkart,535.02,Online Shopping,UPI,August
29-08-2025,Woodland,2453.91,Clothing,Credit Card,August
27-02-2025,Gas Agency,3851.15,Bills,Debit Card,February
06-03-2025,TSRTC,1114.15,Transport,Debit Card,March
31-08-2025,OnePlus,128008.08,Electronics,Net Banking,August
15-02-2025,Spencers,3113.72,Grocery,Debit Card,February
22-01-2025,Allen Solly,6414.95,Clothing,Credit Card,January
24-03-2025,Noise,93292.5,Electronics,Net Banking,March
15-02-2025,Woodland,4527.72,Clothing,Credit Card,February
10-01-2025,Barbeque Nation,1201.89,Food,Credit Card,January
11-09-2025,Netflix,375.7,Entertainment,UPI,September
01-05-2025,Apple Music,914.72,Entertainment,Net Banking,May
26-06-2025,Amazon,5070.61,Online Shopping,UPI,June
28-08-2025,Ola,910.98,Transport,Debit Card,August
16-09-2025,Meru Cabs,359.25,Transport,Debit Card,September
18-04-2025,Puma,6214.75,Clothing,UPI,April
21-03-2025,YouTube Premium,806.37,Entertainment,UPI,March
27-08-2025,Nykaa,11573.7,Online Shopping,UPI,August
14-04-2025,Subway,1405.52,Food,UPI,April
21-09-2025,MakeMyTrip,7606.01,Travel,Net Banking,September
21-02-2025,Dominos,679.31,Food,Credit Card,February
02-07-2025,Spencers,2340.75,Grocery,Credit Card,July
10-10-2025,DMart,789.93,Grocery,UPI,October
31-10-2025,Pizza Hut,552.54,Food,Debit Card,October
04-09-2025,H&M,2885.83,Clothing,Credit Card,September
21-08-2025,Nature's Basket,1690.22,Grocery,Net Banking,August
10-06-2025,Amazon Prime,650.89,Entertainment,Net Banking,June
18-09-2025,Air India,24299.24,Travel,UPI,September
30-01-2025,Flipkart,5517.67,Online Shopping,Debit Card,January
17-10-2025,DMart,2974.81,Grocery,UPI,October
28-01-2025,Booking.com,16741.49,Travel,Credit Card,January
04-06-2025,PharmEasy,229.14,Healthcare,Credit Card,June
08-12-2025,Starbucks,360.07,Food,Credit Card,December
17-10-2025,Mi Store,46022.92,Electronics,Credit Card,October
26-10-2025,1mg,8552.84,Healthcare,UPI,October
24-08-2025,Meru Cabs,1917.56,Transport,UPI,August
05-06-2025,Asus Store,134142.52,Electronics,UPI,June
18-05-2025,Nature's Basket,2715.73,Grocery,Credit Card,May
05-05-2025,Samsung Store,106995.32,Electronics,UPI,May
03-08-2025,IRCTC,18389.19,Travel,Credit Card,August
02-01-2025,Flipkart,2700.77,Online Shopping,UPI,January
18-03-2025,Meesho,5880.05,Online Shopping,Credit Card,March
22-11-2025,Wrogn,7689.12,Clothing,Credit Card,November
02-12-2025,Aha,675.36,Entertainment,UPI,December
24-08-2025,Barbeque Nation,1136.61,Food,Net Banking,August
23-04-2025,Starbucks,939,Food,Debit Card,April
24-07-2025,Adidas,4932.53,Clothing,Debit Card,July
11-03-2025,Property Tax Online,633.31,Bills,Net Banking,March
27-03-2025,Water Board,710.73,Bills,Debit Card,March
09-08-2025,MakeMyTrip,28281.93,Travel,UPI,August
02-06-2025,TSRTC,945.39,Transport,Debit Card,June
26-02-2025,Apple Music,910.35,Entertainment,Net Banking,February
07-06-2025,Biba,6106.68,Clothing,Debit Card,June
11-03-2025,OnePlus,58082.4,Electronics,Net Banking,March
05-04-2025,Wrogn,3495.48,Clothing,UPI,April
02-12-2025,Meru Cabs,1806.65,Transport,UPI,December
11-06-2025,Meru Cabs,642.97,Transport,Debit Card,June
22-07-2025,Kauvery,1333.9,Healthcare,Credit Card,July
21-10-2025,CloudNine,6178.82,Healthcare,Debit Card,October
21-08-2025,Chai Point,1177.39,Food,Debit Card,August
27-10-2025,HP World,68844.26,Electronics,Debit Card,October
02-11-2025,TNEB,2552.69,Bills,UPI,November
05-07-2025,Kauvery,8988.93,Healthcare,UPI,July
11-07-2025,Lenskart,10118.68,Online Shopping,UPI,July
01-04-2025,Dell Exclusive,25012.73,Electronics,Credit Card,April
28-06-2025,Tata Cliq,6711.09,Online Shopping,Debit Card,June
11-05-2025,Nilgiris,3780.41,Grocery,Credit Card,May
18-03-2025,A2B,374.7,Food,Credit Card,March
13-04-2025,IndiGo,23052.22,Travel,Debit Card,April
03-12-2025,Apple Store,27340.64,Electronics,UPI,December
10-03-2025,Nykaa,18138.91,Online Shopping,Credit Card,March
20-09-2025,Yulu Bikes,1748.52,Transport,Credit Card,September
25-05-2025,Yatra,22270.37,Travel,UPI,May
29-12-2025,RedBus,1498.38,Transport,Debit Card,December
13-02-2025,Dominos,146.93,Food,Debit Card,February
06-08-2025,Amazon,11031.92,Online Shopping,UPI,August
20-07-2025,Metro Rail,1750.08,Transport,UPI,July
28-06-2025,IRCTC,11354.25,Travel,Credit Card,June
17-02-2025,Gas Agency,540.24,Bills,Net Banking,February
11-06-2025,Vodafone Idea,3798.85,Bills,Credit Card,June
21-02-2025,Reliance Fresh,3047.69,Grocery,UPI,February
04-01-2025,IRCTC,28350.99,Travel,Debit Card,January
22-10-2025,Yulu Bikes,1974.27,Transport,Credit Card,October
25-08-2025,IRCTC,19840.12,Travel,Net Banking,August
05-03-2025,Aha,197.28,Entertainment,Debit Card,March
21-09-2025,Starbucks,333.7,Food,Debit Card,September
21-08-2025,BSNL,4121.98,Bills,Credit Card,August
27-03-2025,Spencers,3878.79,Grocery,Net Banking,March
18-11-2025,Levis,4822.19,Clothing,UPI,November
27-01-2025,Myntra,9511.15,Online Shopping,Net Banking,January
16-01-2025,CCD,719.32,Food,Net Banking,January
08-12-2025,DMart,3770.63,Grocery,Debit Card,December
14-01-2025,MedPlus,14126.09,Healthcare,Net Banking,January
30-06-2025,KFC,681.2,Food,Debit Card,June
24-12-2025,Aster,18005.06,Healthcare,Credit Card,December
08-03-2025,Amazon Prime,907.98,Entertainment,Debit Card,March
18-08-2025,Air India,29177.25,Travel,Debit Card,August
26-05-2025,Airtel,5028.51,Bills,Credit Card,May
17-05-2025,TNEB,389.29,Bills,Credit Card,May
12-08-2025,Dominos,1471.88,Food,UPI,August
05-11-2025,Flipkart,1155.26,Online Shopping,UPI,November
31-01-2025,TNEB,3894.81,Bills,Net Banking,January
10-09-2025,Max Fashion,5006.05,Clothing,Debit Card,September
03-02-2025,Wrogn,3060.63,Clothing,UPI,February
18-03-2025,Spotify,667.84,Entertainment,Net Banking,March
01-03-2025,KFC,1453.89,Food,Credit Card,March
04-10-2025,Levis,2647.99,Clothing,UPI,October
24-04-2025,Mi Store,32642.55,Electronics,Credit Card,April
19-10-2025,Meesho,8840.19,Online Shopping,UPI,October
05-07-2025,US Polo,634.33,Clothing,UPI,July
08-07-2025,Mi Store,84100.33,Electronics,Credit Card,July
17-11-2025,Spencers,4701.55,Grocery,Net Banking,November
23-10-2025,Airtel,2757.01,Bills,UPI,October
11-08-2025,YouTube Premium,729.35,Entertainment,Debit Card,August
24-11-2025,Yatra,6475.69,Travel,Debit Card,November
26-12-2025,Zara,2314.36,Clothing,Net Banking,December
18-12-2025,US Polo,1069.36,Clothing,Net Banking,December
31-03-2025,Samsung Store,115051.31,Electronics,Net Banking,March
19-10-2025,Netflix,710.9,Entertainment,Net Banking,October
14-08-2025,Meru Cabs,1256.77,Transport,Debit Card,August
25-08-2025,Amazon Prime,270.14,Entertainment,Credit Card,August
01-03-2025,SonyLiv,324.25,Entertainment,Debit Card,March
22-05-2025,Property Tax Online,1926.59,Bills,UPI,May
03-10-2025,A2B,1360.7,Food,Credit Card,October
02-12-2025,Goibibo,3926.27,Travel,Debit Card,December
12-11-2025,SonyLiv,965.61,Entertainment,Net Banking,November
29-07-2025,Tata Cliq,17164.71,Online Shopping,Credit Card,July
25-02-2025,Netmeds,10578.04,Healthcare,Debit Card,February
18-12-2025,Spencers,3079.5,Grocery,Credit Card,December
25-04-2025,IndiGo,11245.17,Travel,Net Banking,April
15-08-2025,CloudNine,17382.36,Healthcare,Net Banking,August
16-01-2025,Aster,9510.22,Healthcare,UPI,January
12-12-2025,YouTube Premium,228.77,Entertainment,Net Banking,December
23-01-2025,Apple Music,775.37,Entertainment,Credit Card,January
05-12-2025,Netflix,717.03,Entertainment,Debit Card,December
23-01-2025,Burger King,332.59,Food,Debit Card,January
10-09-2025,Mi Store,39680.65,Electronics,Debit Card,September
12-09-2025,Ola,959.78,Transport,UPI,September
30-07-2025,IRCTC,29448.66,Travel,Net Banking,July
27-04-2025,Hotstar,432.17,Entertainment,UPI,April
17-09-2025,Goibibo,5688.19,Travel,UPI,September
31-10-2025,OYO,8063.28,Travel,Net Banking,October
17-09-2025,Spencers,3845.15,Grocery,Net Banking,September
06-07-2025,Spotify,149.28,Entertainment,Debit Card,July
25-10-2025,DMart,1961.44,Grocery,Debit Card,October
14-03-2025,Meesho,1350.33,Online Shopping,Net Banking,March
23-10-2025,Wrogn,3961.5,Clothing,UPI,October
28-07-2025,Meesho,8231.37,Online Shopping,Debit Card,July
31-08-2025,CloudNine,1720.28,Healthcare,UPI,August
16-09-2025,Nike,4376.28,Clothing,Debit Card,September
24-09-2025,Apollo Pharmacy,6110.39,Healthcare,Credit Card,September
20-09-2025,Yatra,17524.48,Travel,Credit Card,September
29-01-2025,Hotstar,975.63,Entertainment,Debit Card,January
29-08-2025,Vivo Store,129057.63,Electronics,Debit Card,August
10-12-2025,JioMart,3214.13,Grocery,UPI,December
31-05-2025,Jio Fiber,1341.42,Bills,Debit Card,May
31-05-2025,Aha,582.85,Entertainment,UPI,May
16-05-2025,Tata Cliq,10241.62,Online Shopping,Debit Card,May
17-09-2025,ACT Fibernet,5937.1,Bills,Net Banking,September
21-04-2025,TNEB,395.48,Bills,Net Banking,April
26-09-2025,PharmEasy,12788.2,Healthcare,Debit Card,September
30-09-2025,Boat Lifestyle,103042.08,Electronics,Credit Card,September
15-03-2025,IndiGo,4589.48,Travel,UPI,March
05-07-2025,AirAsia,13126.58,Travel,UPI,July
07-10-2025,Hotstar,435.39,Entertainment,Debit Card,October
04-04-2025,KFC,1239.27,Food,UPI,April
30-10-2025,Yulu Bikes,1501.93,Transport,Credit Card,October
25-11-2025,YouTube Premium,287.73,Entertainment,Net Banking,November
23-09-2025,Woodland,7348.22,Clothing,UPI,September
18-02-2025,Spotify,944.8,Entertainment,Net Banking,February
12-12-2025,Spotify,902.01,Entertainment,UPI,December
28-03-2025,ACT Fibernet,2149.04,Bills,Debit Card,March
17-12-2025,Netflix,615.11,Entertainment,UPI,December
11-10-2025,Nike,2201.56,Clothing,Net Banking,October
12-12-2025,Biba,4672.94,Clothing,Credit Card,December
07-06-2025,Zara,3617.71,Clothing,Net Banking,June
02-08-2025,Gas Agency,1449.93,Bills,Credit Card,August
03-08-2025,Vistara,27349.37,Travel,Credit Card,August
05-11-2025,BSNL,4550.01,Bills,UPI,November
07-10-2025,Rapido,722.9,Transport,UPI,October
22-08-2025,Biba,4391.2,Clothing,Credit Card,August
13-06-2025,Netmeds,8358.76,Healthcare,Credit Card,June
01-10-2025,Metro Rail,338.36,Transport,Credit Card,October
25-10-2025,Samsung Store,33026.19,Electronics,Net Banking,October
26-06-2025,Airtel,3841.65,Bills,Debit Card,June
24-11-2025,Nilgiris,336.38,Grocery,UPI,November
30-06-2025,RedBus,1825.58,Transport,Debit Card,June
03-02-2025,Myntra,13487.56,Online Shopping,Credit Card,February
03-10-2025,Gas Agency,2273.43,Bills,Net Banking,October
18-07-2025,Pantaloons,5245.47,Clothing,Credit Card,July
28-01-2025,HP World,60784.59,Electronics,Net Banking,January
24-08-2025,Dominos,851.16,Food,Net Banking,August
23-10-2025,Dell Exclusive,19012.14,Electronics,Credit Card,October
07-10-2025,Subway,972.26,Food,Net Banking,October
24-01-2025,Jio Fiber,5108.85,Bills,UPI,January
08-08-2025,TNEB,2419.65,Bills,Credit Card,August
27-06-2025,Spencers,698.55,Grocery,Debit Card,June
23-09-2025,Reliance Fresh,4398.84,Grocery,Debit Card,September
15-04-2025,Nilgiris,1765.01,Grocery,Debit Card,April
01-09-2025,Nature's Basket,4970.44,Grocery,Net Banking,September
10-01-2025,Noise,112052.2,Electronics,Credit Card,January
26-02-2025,Dominos,864.84,Food,Debit Card,February
16-04-2025,Spencers,1317.12,Grocery,UPI,April
19-05-2025,Yulu Bikes,1117.57,Transport,Credit Card,May
24-01-2025,Apollo Pharmacy,15289.83,Healthcare,Net Banking,January
23-05-2025,Wrogn,2117.36,Clothing,Net Banking,May
17-09-2025,Vodafone Idea,714.19,Bills,Credit Card,September
24-03-2025,Apollo Pharmacy,455.8,Healthcare,Net Banking,March
23-07-2025,Property Tax Online,5484.78,Bills,Debit Card,July
04-03-2025,Vistara,22779.58,Travel,Debit Card,March
10-04-2025,Taco Bell,620.26,Food,Net Banking,April
13-03-2025,ACT Fibernet,724.43,Bills,Net Banking,March
26-05-2025,Vodafone Idea,4582.77,Bills,Net Banking,May
18-10-2025,Flipkart,17597.98,Online Shopping,UPI,October
05-11-2025,Samsung Store,137661.78,Electronics,Credit Card,November
06-08-2025,Ajio,19766.53,Online Shopping,Debit Card,August
02-02-2025,Water Board,2161.36,Bills,Net Banking,February
18-09-2025,Hotstar,574.87,Entertainment,Net Banking,September
20-07-2025,Vivo Store,84277.41,Electronics,UPI,July
22-05-2025,Hotstar,606.25,Entertainment,Net Banking,May
22-02-2025,Spotify,791.64,Entertainment,UPI,February
03-05-2025,US Polo,6101.45,Clothing,Net Banking,May
17-07-2025,DMart,3683.41,Grocery,Net Banking,July
26-01-2025,CloudNine,18704.37,Healthcare,UPI,January
27-01-2025,Nilgiris,4899.85,Grocery,Net Banking,January
03-02-2025,CCD,555.19,Food,UPI,February
03-08-2025,Zee5,675.56,Entertainment,Credit Card,August
19-05-2025,Vivo Store,12497.14,Electronics,Net Banking,May
29-09-2025,Adidas,6948.77,Clothing,Debit Card,September
16-07-2025,Snapdeal,8871.77,Online Shopping,Debit Card,July
28-09-2025,HP World,121885.3,Electronics,Debit Card,September
22-07-2025,CCD,151.77,Food,Net Banking,July
12-03-2025,Apple Music,915.86,Entertainment,Debit Card,March
13-11-2025,Air India,15201.23,Travel,Credit Card,November
31-03-2025,Vivo Store,10149.01,Electronics,Net Banking,March
26-12-2025,Starbucks,601.61,Food,UPI,December
25-04-2025,Noise,51474.25,Electronics,Credit Card,April
02-05-2025,Ola,562.72,Transport,Credit Card,May
06-03-2025,Apollo Hospital,6827.11,Healthcare,Credit Card,March
24-11-2025,MedPlus,13075.5,Healthcare,Debit Card,November
05-02-2025,JioMart,3448.32,Grocery,Credit Card,February
11-04-2025,Myntra,358.23,Online Shopping,Debit Card,April
28-12-2025,BigBazaar,2065.26,Grocery,Net Banking,December
24-09-2025,BMTC,1374.45,Transport,Debit Card,September
12-09-2025,MedPlus,16308.95,Healthcare,UPI,September
30-07-2025,Yulu Bikes,1971,Transport,Credit Card,July
20-09-2025,Nykaa,5203.4,Online Shopping,Net Banking,September
14-05-2025,Gaana,395.18,Entertainment,Net Banking,May
28-04-2025,Myntra,10041.72,Online Shopping,Net Banking,April
06-03-2025,More Supermarket,384.81,Grocery,Net Banking,March
05-05-2025,Netmeds,15761.07,Healthcare,Net Banking,May
01-09-2025,Apple Music,389.41,Entertainment,Debit Card,September
04-03-2025,Water Board,1886.78,Bills,UPI,March
12-09-2025,US Polo,5342.4,Clothing,Credit Card,September
06-06-2025,Myntra,6454.94,Online Shopping,Net Banking,June
04-12-2025,Apollo Pharmacy,12884.95,Healthcare,Net Banking,December
14-11-2025,Fortis,3157.72,Healthcare,Debit Card,November
23-12-2025,Sony Center,55959.46,Electronics,Credit Card,December
26-07-2025,CloudNine,16048.63,Healthcare,Debit Card,July
01-12-2025,Aha,255.9,Entertainment,UPI,December
06-11-2025,Puma,6537.36,Clothing,Credit Card,November
21-07-2025,Amazon,4345.86,Online Shopping,UPI,July
22-03-2025,JioMart,4704.47,Grocery,UPI,March
18-03-2025,Hotstar,891.72,Entertainment,Debit Card,March
29-12-2025,Reliance Fresh,1170.13,Grocery,Credit Card,December
18-06-2025,Gas Agency,2624.2,Bills,UPI,June
21-10-2025,OYO,9808.12,Travel,Net Banking,October
20-02-2025,BSNL,5969.56,Bills,Net Banking,February
11-04-2025,Aster,6936.53,Healthcare,Debit Card,April
12-09-2025,Reliance Fresh,2331.48,Grocery,Debit Card,September
23-12-2025,Metro Rail,1084.62,Transport,Debit Card,December
16-05-2025,TSRTC,421,Transport,UPI,May
13-02-2025,1mg,6211.7,Healthcare,Credit Card,February
27-05-2025,Aha,438.54,Entertainment,Net Banking,May
31-01-2025,Kauvery,18518.93,Healthcare,Net Banking,January
27-10-2025,Yatra,22236.88,Travel,Credit Card,October
09-02-2025,CloudNine,11084.01,Healthcare,UPI,February
10-09-2025,Levis,7890.44,Clothing,Credit Card,September
21-09-2025,1mg,17974.06,Healthcare,Credit Card,September
04-01-2025,H&M,1759.47,Clothing,UPI,January
12-11-2025,Apple Store,93216.76,Electronics,Debit Card,November
15-06-2025,More Supermarket,3731.28,Grocery,Credit Card,June
26-10-2025,Pepperfry,15439.66,Online Shopping,Net Banking,October
16-10-2025,Booking.com,19166.64,Travel,Credit Card,October
20-09-2025,Saravana Bhavan,1132,Food,Debit Card,September
07-12-2025,Lenskart,3927.65,Online Shopping,Credit Card,December
08-01-2025,Aha,813.43,Entertainment,Net Banking,January
29-05-2025,Yatra,28348.36,Travel,UPI,May
17-04-2025,Netflix,327.28,Entertainment,Credit Card,April
18-02-2025,Dell Exclusive,90004.42,Electronics,Net Banking,February
22-10-2025,Myntra,10841.03,Online Shopping,Credit Card,October
03-01-2025,Gas Agency,4214.64,Bills,UPI,January
03-08-2025,PharmEasy,17942.78,Healthcare,Credit Card,August
31-12-2025,Property Tax Online,5647.02,Bills,Credit Card,December
07-04-2025,Aster,16610.19,Healthcare,UPI,April
28-12-2025,DMart,738.25,Grocery,Net Banking,December
16-07-2025,BigBazaar,4937.79,Grocery,Net Banking,July
09-09-2025,Apple Music,455.14,Entertainment,UPI,September
23-02-2025,H&M,1597.91,Clothing,Net Banking,February
27-08-2025,Tata Cliq,17249.87,Online Shopping,Credit Card,August
29-11-2025,YouTube Premium,821.11,Entertainment,Debit Card,November
09-12-2025,Dominos,1206.95,Food,Debit Card,December
03-10-2025,Netmeds,14141.76,Healthcare,Credit Card,October
08-05-2025,BMTC,583.96,Transport,Debit Card,May
09-09-2025,OnePlus,6165.73,Electronics,Credit Card,September
16-06-2025,Saravana Bhavan,921.11,Food,Credit Card,June
15-03-2025,Meru Cabs,1792.86,Transport,Credit Card,March
07-12-2025,Aster,4771.37,Healthcare,Net Banking,December
26-08-2025,OnePlus,134559.88,Electronics,Debit Card,August
25-09-2025,RedBus,1782.49,Transport,Debit Card,September
25-12-2025,CloudNine,204.82,Healthcare,Net Banking,December
11-12-2025,Lenskart,4084.06,Online Shopping,UPI,December
15-09-2025,Cream Stone,498.23,Food,UPI,September
09-12-2025,Air India,1354,Travel,UPI,December
10-12-2025,HP World,61703.51,Electronics,Net Banking,December
11-06-2025,Booking.com,6719.84,Travel,Debit Card,June
27-03-2025,IndiGo,25222.45,Travel,UPI,March
17-11-2025,Wrogn,6432.09,Clothing,Credit Card,November
06-06-2025,A2B,1154.79,Food,Debit Card,June
02-07-2025,BigBazaar,2263.64,Grocery,Net Banking,July
27-12-2025,Adidas,2272.17,Clothing,Net Banking,December
10-09-2025,Spotify,143.72,Entertainment,Credit Card,September
17-03-2025,Reliance Fresh,470.23,Grocery,Debit Card,March
02-08-2025,Aster,3569.73,Healthcare,Net Banking,August
01-02-2025,Adidas,6630.05,Clothing,Debit Card,February
18-10-2025,Levis,3065.2,Clothing,Net Banking,October
26-05-2025,Vodafone Idea,3436.67,Bills,Credit Card,May
28-08-2025,Vistara,8413.62,Travel,Net Banking,August
16-11-2025,More Supermarket,1561.63,Grocery,UPI,November
13-02-2025,Zee5,820.47,Entertainment,Net Banking,February
06-02-2025,Water Board,4971.27,Bills,Net Banking,February
18-12-2025,Subway,1372.59,Food,Net Banking,December
31-08-2025,Flipkart,2831.57,Online Shopping,Debit Card,August
06-05-2025,Vodafone Idea,5916.5,Bills,UPI,May
27-10-2025,Yulu Bikes,1958.98,Transport,Debit Card,October
19-03-2025,Spencers,4237.61,Grocery,Credit Card,March
24-03-2025,Kauvery,5605.01,Healthcare,Credit Card,March
23-01-2025,Apollo Pharmacy,7142.88,Healthcare,Debit Card,January
18-10-2025,Nykaa,5413.49,Online Shopping,Net Banking,October
30-01-2025,IRCTC,25691.09,Travel,Debit Card,January
19-09-2025,Yatra,5651.49,Travel,Credit Card,September
01-07-2025,Reliance Digital,145154.61,Electronics,Credit Card,July
21-09-2025,US Polo,7777.67,Clothing,UPI,September
31-03-2025,Barbeque Nation,710.62,Food,Credit Card,March
23-09-2025,TSRTC,1378.37,Transport,Net Banking,September
11-07-2025,Burger King,706.15,Food,UPI,July
05-10-2025,AirAsia,20048.06,Travel,UPI,October
01-07-2025,Uber,408.46,Transport,Net Banking,July
09-02-2025,Netmeds,16471.19,Healthcare,UPI,February
22-06-2025,Nykaa,3101.85,Online Shopping,UPI,June
10-05-2025,Rapido,1550.44,Transport,Debit Card,May
22-09-2025,Vivo Store,28781.82,Electronics,UPI,September
02-09-2025,Vivo Store,60555.74,Electronics,Credit Card,September
16-01-2025,Pantaloons,5660.21,Clothing,UPI,January
02-05-2025,TNEB,1267.58,Bills,Debit Card,May
06-12-2025,Asus Store,98067.54,Electronics,UPI,December
26-09-2025,JioMart,1664.95,Grocery,Net Banking,September
07-01-2025,A2B,1100.17,Food,Credit Card,January
30-12-2025,Apollo Pharmacy,19710.87,Healthcare,Credit Card,December
31-10-2025,US Polo,6780.32,Clothing,Debit Card,October
29-08-2025,JioMart,234.85,Grocery,Debit Card,August
13-06-2025,Air India,8244.95,Travel,Credit Card,June
15-02-2025,BMTC,1079.33,Transport,UPI,February
26-07-2025,BMTC,1967.36,Transport,Net Banking,July
23-09-2025,Boat Lifestyle,23836.79,Electronics,Debit Card,September
19-06-2025,Star Bazaar,630.24,Grocery,Credit Card,June
16-05-2025,Snapdeal,3847.17,Online Shopping,UPI,May
08-03-2025,Vodafone Idea,4301.2,Bills,Credit Card,March
28-10-2025,TSRTC,1888.28,Transport,UPI,October
07-08-2025,RedBus,902.34,Transport,Net Banking,August
31-10-2025,Adidas,918.35,Clothing,UPI,October
06-07-2025,Uber,1261.43,Transport,Net Banking,July
02-02-2025,Wrogn,7851.53,Clothing,Net Banking,February
10-02-2025,IndiGo,6578.52,Travel,Debit Card,February
08-08-2025,CloudNine,3056.02,Healthcare,Debit Card,August
09-03-2025,Fortis,15705.09,Healthcare,UPI,March
07-03-2025,TNEB,1537.11,Bills,Credit Card,March
05-05-2025,US Polo,3035.4,Clothing,Net Banking,May
25-07-2025,IRCTC,25951.36,Travel,Credit Card,July
25-03-2025,Yulu Bikes,1944.14,Transport,UPI,March
03-06-2025,Saravana Bhavan,202.53,Food,UPI,June
27-06-2025,Rapido,635.27,Transport,Debit Card,June
16-08-2025,Uber,1730.7,Transport,Net Banking,August
30-12-2025,AirAsia,23907.58,Travel,UPI,December
26-04-2025,Booking.com,7881.71,Travel,UPI,April
04-12-2025,Boat Lifestyle,5188.31,Electronics,Net Banking,December
12-09-2025,Pepperfry,10015.24,Online Shopping,Net Banking,September
16-04-2025,PharmEasy,11542.52,Healthcare,Debit Card,April
24-05-2025,Ajio,14997.18,Online Shopping,Net Banking,May
23-08-2025,Gas Agency,3791.39,Bills,Debit Card,August
08-06-2025,Netflix,181.82,Entertainment,UPI,June
12-02-2025,Dell Exclusive,93964.84,Electronics,UPI,February
28-02-2025,Metro Rail,500.84,Transport,Credit Card,February
17-10-2025,McDonalds,1138.95,Food,Debit Card,October
21-01-2025,Spencers,2149.39,Grocery,Net Banking,January
08-05-2025,BigBazaar,559.4,Grocery,Debit Card,May
06-02-2025,Apollo Hospital,18029.64,Healthcare,Net Banking,February
08-04-2025,Meesho,2882.7,Online Shopping,Credit Card,April
22-10-2025,Subway,1388.78,Food,Credit Card,October
26-03-2025,Spencers,4380.87,Grocery,Debit Card,March
24-01-2025,Lenskart,12185.49,Online Shopping,Net Banking,January
16-03-2025,Wrogn,5812.05,Clothing,Credit Card,March
08-11-2025,Reliance Digital,134237.14,Electronics,Credit Card,November
17-03-2025,Vivo Store,118813.93,Electronics,Credit Card,March
20-08-2025,Apollo Hospital,11873.23,Healthcare,Debit Card,August
13-11-2025,Fortis,9419.57,Healthcare,Net Banking,November
09-02-2025,Reliance Digital,111656.5,Electronics,Net Banking,February
29-06-2025,OYO,2463.55,Travel,Debit Card,June
12-12-2025,Air India,8145.84,Travel,Credit Card,December
06-10-2025,Lenskart,3700.12,Online Shopping,Credit Card,October
02-05-2025,US Polo,1169.4,Clothing,UPI,May
04-03-2025,Apple Music,915.83,Entertainment,Credit Card,March
08-07-2025,Fortis,17855.46,Healthcare,Credit Card,July
11-01-2025,IRCTC,20708.49,Travel,Net Banking,January
12-05-2025,Wrogn,7326.9,Clothing,Credit Card,May
27-08-2025,Asus Store,113397.91,Electronics,Net Banking,August
13-11-2025,Asus Store,64662.26,Electronics,Debit Card,November
17-06-2025,Levis,4318.17,Clothing,Debit Card,June
16-07-2025,Metro Rail,296.09,Transport,Net Banking,July
22-07-2025,Metro Rail,731.96,Transport,Net Banking,July
14-01-2025,Starbucks,911.22,Food,Credit Card,January
25-04-2025,CloudNine,2732.77,Healthcare,Debit Card,April
28-08-2025,Sony Center,124338.93,Electronics,Net Banking,August
12-12-2025,Fortis,18743.14,Healthcare,UPI,December
11-01-2025,AirAsia,14884.4,Travel,Net Banking,January
23-03-2025,US Polo,7972.54,Clothing,Debit Card,March
25-05-2025,Lenskart,19998.58,Online Shopping,Credit Card,May
14-07-2025,IRCTC,6151.16,Travel,Net Banking,July
20-02-2025,Amazon Prime,972.35,Entertainment,Credit Card,February
23-03-2025,MedPlus,19507.27,Healthcare,Credit Card,March
27-05-2025,Hotstar,169.06,Entertainment,Net Banking,May
30-05-2025,KFC,475.37,Food,UPI,May
19-12-2025,Puma,1823.94,Clothing,UPI,December
06-05-2025,H&M,6038.05,Clothing,Debit Card,May
02-08-2025,Rapido,330.81,Transport,Credit Card,August
14-03-2025,Property Tax Online,3602.04,Bills,Credit Card,March
02-06-2025,Nykaa,14741.2,Online Shopping,Net Banking,June
01-06-2025,AirAsia,20685.12,Travel,Net Banking,June
18-02-2025,Flipkart,5469.17,Online Shopping,Credit Card,February
23-02-2025,Spencers,4069.94,Grocery,UPI,February
27-04-2025,Meru Cabs,1558.49,Transport,Credit Card,April
11-11-2025,Nike,2669.31,Clothing,Net Banking,November
23-03-2025,Netflix,435.63,Entertainment,Credit Card,March
31-10-2025,MedPlus,7575,Healthcare,Credit Card,October
26-11-2025,TNEB,488.88,Bills,Debit Card,November
14-05-2025,Uber,1106.72,Transport,Debit Card,May
27-04-2025,MakeMyTrip,25726.22,Travel,UPI,April
12-09-2025,IRCTC,4581.37,Travel,Net Banking,September
16-03-2025,Amazon Prime,813.52,Entertainment,Debit Card,March
01-08-2025,Lenskart,7034.19,Online Shopping,Debit Card,August
29-12-2025,Myntra,18968.34,Online Shopping,UPI,December
25-02-2025,PharmEasy,9071.62,Healthcare,Debit Card,February
18-08-2025,ACT Fibernet,3295.42,Bills,UPI,August
09-03-2025,MedPlus,18023.35,Healthcare,Net Banking,March
11-06-2025,Property Tax Online,5776.58,Bills,UPI,June
03-11-2025,Water Board,5778.28,Bills,Credit Card,November
09-04-2025,Jio Fiber,2092.96,Bills,Net Banking,April
25-01-2025,Dell Exclusive,47531.86,Electronics,Net Banking,January
09-09-2025,Reliance Fresh,3091.96,Grocery,Credit Card,September
15-12-2025,Ola,753.37,Transport,Debit Card,December
09-12-2025,Allen Solly,7527.88,Clothing,Net Banking,December
27-06-2025,Mi Store,24977.79,Electronics,Credit Card,June
29-03-2025,Starbucks,762.48,Food,UPI,March
07-01-2025,Nature's Basket,2131.26,Grocery,UPI,January
25-09-2025,Booking.com,14852.11,Travel,UPI,September
08-09-2025,Netmeds,5143.21,Healthcare,Net Banking,September
09-09-2025,Mi Store,109718.08,Electronics,Net Banking,September
20-06-2025,Nature's Basket,4721.67,Grocery,Debit Card,June
15-06-2025,Aster,14353.34,Healthcare,UPI,June
10-10-2025,CCD,358.25,Food,UPI,October
28-06-2025,Noise,134473.05,Electronics,UPI,June
22-04-2025,1mg,15255.24,Healthcare,Credit Card,April
05-11-2025,Aster,12539.87,Healthcare,UPI,November
06-06-2025,Lenskart,16490.94,Online Shopping,Debit Card,June
11-07-2025,Flipkart,12217.77,Online Shopping,Debit Card,July
04-11-2025,Nilgiris,845.9,Grocery,Debit Card,November
14-06-2025,Yulu Bikes,1689.01,Transport,Credit Card,June
06-04-2025,Water Board,4610.75,Bills,Debit Card,April
24-03-2025,Sony Center,82404.31,Electronics,Net Banking,March
01-10-2025,BMTC,89.58,Transport,Debit Card,October
29-05-2025,IndiGo,1031.77,Travel,Credit Card,May
13-10-2025,IRCTC,8676.83,Travel,Net Banking,October
01-12-2025,Vodafone Idea,5706.91,Bills,UPI,December
11-01-2025,YouTube Premium,138.26,Entertainment,UPI,January
30-11-2025,Croma,88491.56,Electronics,UPI,November
28-07-2025,Spotify,473.71,Entertainment,Net Banking,July
30-05-2025,McDonalds,837.56,Food,Credit Card,May
24-11-2025,BMTC,1156.63,Transport,Net Banking,November
07-05-2025,SonyLiv,636.3,Entertainment,UPI,May
15-06-2025,Woodland,1036.96,Clothing,Net Banking,June
09-11-2025,Noise,129745.54,Electronics,Credit Card,November
29-08-2025,OnePlus,149807.19,Electronics,Debit Card,August
25-08-2025,Tata Cliq,18951.51,Online Shopping,UPI,August
12-12-2025,Saravana Bhavan,741.06,Food,Net Banking,December
26-07-2025,TSRTC,1269.91,Transport,Credit Card,July
02-12-2025,Zee5,779.95,Entertainment,UPI,December
16-10-2025,SonyLiv,251.69,Entertainment,Debit Card,October
23-08-2025,Lenskart,9629.62,Online Shopping,UPI,August
20-07-2025,Meru Cabs,758.23,Transport,Net Banking,July
10-09-2025,Amazon,12260.48,Online Shopping,Net Banking,September
22-09-2025,Pepperfry,9213.84,Online Shopping,Debit Card,September
24-09-2025,Zee5,884.87,Entertainment,UPI,September
14-11-2025,Star Bazaar,1689.47,Grocery,Credit Card,November
23-10-2025,Fortis,19041.19,Healthcare,Debit Card,October
10-06-2025,Metro Rail,1948.37,Transport,UPI,June
08-05-2025,Nature's Basket,3159.21,Grocery,UPI,May
16-07-2025,Boat Lifestyle,98231.05,Electronics,Credit Card,July
22-04-2025,Amazon Prime,926.79,Entertainment,Credit Card,April
23-10-2025,Reliance Digital,44198.72,Electronics,Debit Card,October
27-11-2025,Yatra,10773.49,Travel,Debit Card,November
16-05-2025,Meru Cabs,61.22,Transport,UPI,May
15-06-2025,OnePlus,125739.8,Electronics,UPI,June
10-09-2025,SonyLiv,407.32,Entertainment,Debit Card,September
08-08-2025,Netmeds,15673.02,Healthcare,Net Banking,August
16-11-2025,Cream Stone,654.92,Food,Net Banking,November
28-04-2025,Metro Rail,1783.19,Transport,UPI,April
14-07-2025,H&M,1242.66,Clothing,Credit Card,July
29-08-2025,Vodafone Idea,2776.47,Bills,UPI,August
17-12-2025,Asus Store,18811.93,Electronics,Net Banking,December
14-09-2025,Zara,7344.28,Clothing,Debit Card,September
06-12-2025,Ola,1618.54,Transport,Net Banking,December
18-04-2025,IRCTC,7342.38,Travel,Credit Card,April
04-09-2025,1mg,2953.06,Healthcare,Net Banking,September
22-12-2025,More Supermarket,1429.96,Grocery,Debit Card,December
14-09-2025,Ola,1527.78,Transport,Debit Card,September
11-03-2025,Burger King,1259.99,Food,Net Banking,March
25-05-2025,Amazon,16910.3,Online Shopping,UPI,May
22-06-2025,HP World,89433.45,Electronics,Debit Card,June
11-10-2025,PharmEasy,11195.07,Healthcare,UPI,October
01-05-2025,Yatra,9964.33,Travel,Net Banking,May
24-10-2025,Aha,915.96,Entertainment,Credit Card,October
09-03-2025,BSNL,4097.87,Bills,Debit Card,March
26-01-2025,Pepperfry,18890.05,Online Shopping,UPI,January
10-10-2025,Pizza Hut,1018.93,Food,Credit Card,October
09-04-2025,MedPlus,19451.26,Healthcare,UPI,April
25-11-2025,Sony Center,17028.6,Electronics,UPI,November
19-07-2025,Ajio,4276.61,Online Shopping,Net Banking,July
08-12-2025,Pepperfry,14041.65,Online Shopping,Net Banking,December
16-09-2025,Vivo Store,68964.88,Electronics,Net Banking,September
26-12-2025,CCD,904.19,Food,Net Banking,December
07-08-2025,Dell Exclusive,148322.3,Electronics,Credit Card,August
01-06-2025,Booking.com,6850.96,Travel,Credit Card,June
09-10-2025,Woodland,4460.11,Clothing,Debit Card,October
17-11-2025,Ajio,343.12,Online Shopping,UPI,November
14-12-2025,IRCTC,7561.16,Travel,UPI,December
03-01-2025,Nike,1227.97,Clothing,Credit Card,January
04-10-2025,Yulu Bikes,1615.47,Transport,Net Banking,October
01-12-2025,Metro Rail,1414.38,Transport,Debit Card,December
21-08-2025,Uber,1031.67,Transport,Credit Card,August
27-06-2025,Star Bazaar,2994.68,Grocery,Net Banking,June
02-07-2025,Hotstar,994.09,Entertainment,UPI,July
25-02-2025,Hotstar,148.69,Entertainment,Net Banking,February
21-09-2025,Nature's Basket,2680.36,Grocery,Debit Card,September
11-04-2025,Aster,3378.14,Healthcare,UPI,April
29-06-2025,Pepperfry,15312.87,Online Shopping,UPI,June
06-05-2025,Apple Store,108225.16,Electronics,Net Banking,May
30-07-2025,Amazon,709.72,Online Shopping,Credit Card,July
02-11-2025,Vivo Store,27778.16,Electronics,Debit Card,November
09-10-2025,Snapdeal,19028.78,Online Shopping,Credit Card,October
09-01-2025,IndiGo,1305.74,Travel,Debit Card,January
08-06-2025,Sony Center,88595.97,Electronics,Credit Card,June
23-08-2025,Yatra,1084.12,Travel,Credit Card,August
31-08-2025,Pepperfry,13391.29,Online Shopping,Debit Card,August
06-10-2025,Saravana Bhavan,1346.46,Food,Credit Card,October
23-02-2025,Property Tax Online,5957.43,Bills,UPI,February
28-12-2025,Nilgiris,1922.29,Grocery,Debit Card,December
21-12-2025,Sony Center,23026.81,Electronics,Credit Card,December
07-01-2025,Apple Music,377.91,Entertainment,Net Banking,January
07-07-2025,Meru Cabs,1554.12,Transport,Net Banking,July
23-06-2025,Rapido,1222.82,Transport,Credit Card,June
03-06-2025,Asus Store,111891.45,Electronics,Credit Card,June
10-04-2025,TNEB,3760.52,Bills,Net Banking,April
15-09-2025,Property Tax Online,2904.84,Bills,Credit Card,September
26-02-2025,Reliance Fresh,4439.42,Grocery,UPI,February
02-03-2025,Aster,8167.18,Healthcare,UPI,March
04-03-2025,Adidas,5222.41,Clothing,Net Banking,March
13-04-2025,Metro Rail,596.59,Transport,Net Banking,April
08-05-2025,Vistara,18148.08,Travel,Debit Card,May
21-06-2025,Jio Fiber,1248.11,Bills,Net Banking,June
05-04-2025,Cream Stone,544.14,Food,Net Banking,April
27-02-2025,Asus Store,148528,Electronics,Debit Card,February
12-07-2025,Aha,268.65,Entertainment,Credit Card,July
31-05-2025,KFC,791.41,Food,Credit Card,May
28-08-2025,Apollo Hospital,12949.56,Healthcare,UPI,August
08-09-2025,1mg,19890.8,Healthcare,Debit Card,September
16-05-2025,Tata Cliq,3437.43,Online Shopping,Net Banking,May
09-05-2025,Croma,46229.06,Electronics,Debit Card,May
28-02-2025,Paradise Biryani,665.88,Food,UPI,February
10-11-2025,Airtel,4554.71,Bills,Debit Card,November
26-08-2025,McDonalds,1339.1,Food,Debit Card,August
26-04-2025,Asus Store,138433.54,Electronics,UPI,April
07-12-2025,OnePlus,79444.26,Electronics,UPI,December
18-03-2025,Nilgiris,3714.96,Grocery,UPI,March
29-08-2025,Aha,169.05,Entertainment,Debit Card,August
15-04-2025,Jio Fiber,3422.69,Bills,UPI,April
11-08-2025,JioMart,2046.07,Grocery,Credit Card,August
24-03-2025,MedPlus,14254.49,Healthcare,Debit Card,March
07-07-2025,Booking.com,29793.73,Travel,Net Banking,July
20-09-2025,PharmEasy,7736.13,Healthcare,Net Banking,September
15-11-2025,Aha,532.71,Entertainment,Debit Card,November
29-01-2025,Yulu Bikes,1298.64,Transport,Debit Card,January
26-08-2025,Starbucks,1409.08,Food,Credit Card,August
13-12-2025,OYO,16425.74,Travel,Debit Card,December
02-03-2025,Apple Music,744.99,Entertainment,Net Banking,March
07-05-2025,Max Fashion,3694.7,Clothing,Credit Card,May
30-09-2025,JioMart,3887.21,Grocery,Net Banking,September
04-05-2025,Pepperfry,7346.53,Online Shopping,UPI,May
07-07-2025,OYO,4124.99,Travel,Credit Card,July
10-02-2025,Nykaa,4287.96,Online Shopping,Debit Card,February
29-07-2025,Apple Music,293.12,Entertainment,UPI,July
29-09-2025,Spencers,1287.27,Grocery,Credit Card,September
05-03-2025,Biba,3613.79,Clothing,Credit Card,March
25-08-2025,PharmEasy,4283.52,Healthcare,Net Banking,August
20-03-2025,YouTube Premium,150.36,Entertainment,Debit Card,March
15-11-2025,Yatra,29064.49,Travel,Net Banking,November
01-10-2025,BSNL,1511,Bills,Net Banking,October
03-06-2025,Apple Music,732.61,Entertainment,Debit Card,June
25-01-2025,Spencers,1623.39,Grocery,UPI,January
27-03-2025,CloudNine,19583.83,Healthcare,Net Banking,March
26-08-2025,Pizza Hut,776.27,Food,Credit Card,August
24-08-2025,Amazon Prime,284.19,Entertainment,Debit Card,August
08-01-2025,Pantaloons,1785.27,Clothing,Credit Card,January
18-03-2025,Reliance Digital,97571.08,Electronics,Net Banking,March
18-07-2025,Lenskart,3152.56,Online Shopping,Credit Card,July
03-06-2025,MakeMyTrip,21890.91,Travel,Net Banking,June
16-01-2025,Spencers,2009.72,Grocery,Credit Card,January
07-12-2025,Netflix,820.05,Entertainment,Debit Card,December
30-12-2025,Uber,774.38,Transport,Credit Card,December
11-03-2025,Zee5,587.03,Entertainment,UPI,March
02-08-2025,TNEB,1045.71,Bills,Credit Card,August
22-10-2025,H&M,4157.41,Clothing,Debit Card,October
21-11-2025,Nature's Basket,566.56,Grocery,Credit Card,November
18-02-2025,AirAsia,22624.32,Travel,UPI,February
01-01-2025,Uber,214.49,Transport,Net Banking,January
27-10-2025,Saravana Bhavan,1284.29,Food,Net Banking,October
22-09-2025,Cream Stone,711.9,Food,Net Banking,September
26-04-2025,Aster,15635.28,Healthcare,UPI,April
21-09-2025,YouTube Premium,792.65,Entertainment,UPI,September
28-08-2025,More Supermarket,810.68,Grocery,Debit Card,August
16-10-2025,AirAsia,5134.31,Travel,Credit Card,October
28-09-2025,Allen Solly,5399.46,Clothing,Net Banking,September
25-02-2025,MakeMyTrip,608.24,Travel,Net Banking,February
16-06-2025,OnePlus,120953.82,Electronics,UPI,June
09-08-2025,A2B,385.85,Food,UPI,August
04-10-2025,Amazon,2061.06,Online Shopping,Credit Card,October
22-06-2025,IRCTC,18935.2,Travel,Net Banking,June
05-05-2025,Kauvery,9296.76,Healthcare,Credit Card,May
30-03-2025,Subway,707.13,Food,Debit Card,March
20-04-2025,Chai Point,1027.58,Food,Credit Card,April
03-02-2025,Goibibo,9181.19,Travel,UPI,February
15-05-2025,RedBus,901.03,Transport,Net Banking,May
06-07-2025,BSNL,4997.44,Bills,Debit Card,July
28-02-2025,Air India,27192.7,Travel,UPI,February
13-06-2025,Meru Cabs,625.66,Transport,Net Banking,June
05-09-2025,SonyLiv,923.61,Entertainment,Credit Card,September
16-09-2025,CloudNine,8277.85,Healthcare,Net Banking,September
05-06-2025,Mi Store,128851.64,Electronics,Credit Card,June
26-02-2025,JioMart,2936.8,Grocery,Debit Card,February
08-06-2025,More Supermarket,1607.71,Grocery,UPI,June
22-12-2025,Reliance Fresh,3132.89,Grocery,Credit Card,December
28-03-2025,Tata Cliq,19090.44,Online Shopping,Net Banking,March
22-12-2025,Nature's Basket,2547.22,Grocery,Net Banking,December
21-01-2025,Myntra,3421.72,Online Shopping,UPI,January
24-07-2025,Airtel,3924.57,Bills,Debit Card,July
18-06-2025,BSNL,3451.3,Bills,Credit Card,June
28-06-2025,Nature's Basket,4380.02,Grocery,Net Banking,June
12-10-2025,Spencers,1707.01,Grocery,Net Banking,October
14-07-2025,Adidas,5193.14,Clothing,Debit Card,July
02-12-2025,CCD,141.4,Food,Credit Card,December
30-08-2025,Barbeque Nation,1211.82,Food,Debit Card,August
19-03-2025,Subway,1020.85,Food,Net Banking,March
08-02-2025,Metro Rail,153.98,Transport,Credit Card,February
29-09-2025,Amazon Prime,257.64,Entertainment,Credit Card,September
17-07-2025,IRCTC,7579.13,Travel,Debit Card,July
03-06-2025,Gaana,137.93,Entertainment,Net Banking,June
01-07-2025,Pizza Hut,786.29,Food,UPI,July
14-02-2025,Water Board,2229.23,Bills,UPI,February
16-11-2025,Saravana Bhavan,1193.94,Food,Net Banking,November
16-07-2025,Kauvery,19486.47,Healthcare,Net Banking,July
30-04-2025,Meesho,9739.79,Online Shopping,UPI,April
24-09-2025,Metro Rail,1417.2,Transport,Net Banking,September
06-02-2025,Max Fashion,690.85,Clothing,Debit Card,February
06-03-2025,Ajio,15695.48,Online Shopping,Debit Card,March
25-10-2025,Flipkart,6022.22,Online Shopping,Net Banking,October
14-11-2025,Booking.com,24078.41,Travel,UPI,November
25-10-2025,Taco Bell,441.24,Food,Credit Card,October
16-05-2025,Netmeds,15438.07,Healthcare,UPI,May
01-02-2025,1mg,6670.6,Healthcare,Net Banking,February
10-08-2025,Spencers,2296.78,Grocery,Credit Card,August
03-08-2025,Reliance Fresh,1263.07,Grocery,Credit Card,August
01-01-2025,Aha,312.62,Entertainment,Credit Card,January
13-04-2025,Netflix,789.41,Entertainment,Net Banking,April
24-06-2025,Reliance Digital,88781.75,Electronics,Debit Card,June
24-12-2025,YouTube Premium,169.5,Entertainment,Credit Card,December
26-06-2025,JioMart,463.23,Grocery,Net Banking,June
02-04-2025,OYO,12974.23,Travel,Net Banking,April
01-12-2025,Yatra,29241.51,Travel,Debit Card,December
23-07-2025,Yulu Bikes,493.63,Transport,Net Banking,July
24-05-2025,PharmEasy,8364.08,Healthcare,Credit Card,May
15-07-2025,Jio Fiber,2986.52,Bills,Net Banking,July
11-05-2025,Pepperfry,9485.66,Online Shopping,Net Banking,May
05-07-2025,Tata Cliq,910.01,Online Shopping,UPI,July
05-04-2025,IndiGo,9251.44,Travel,Net Banking,April
14-06-2025,Vodafone Idea,950.86,Bills,Credit Card,June
25-02-2025,Kauvery,19329.11,Healthcare,Debit Card,February
03-02-2025,Myntra,3207.13,Online Shopping,Debit Card,February
20-11-2025,Max Fashion,1452.01,Clothing,UPI,November
15-03-2025,Goibibo,13262.02,Travel,Net Banking,March
14-10-2025,Apollo Hospital,7322.86,Healthcare,Credit Card,October
17-06-2025,Woodland,4565.83,Clothing,Net Banking,June
12-07-2025,Netmeds,14456.73,Healthcare,UPI,July
23-12-2025,Barbeque Nation,989.79,Food,UPI,December
06-09-2025,Snapdeal,19131.32,Online Shopping,Credit Card,September
20-05-2025,Puma,5214.33,Clothing,Debit Card,May
09-11-2025,Lenskart,12146.67,Online Shopping,Debit Card,November
22-12-2025,Mi Store,5029.2,Electronics,Credit Card,December
19-05-2025,YouTube Premium,555.94,Entertainment,Net Banking,May
19-07-2025,SonyLiv,625.41,Entertainment,Net Banking,July
10-01-2025,Jio Fiber,1669.09,Bills,UPI,January
16-07-2025,Saravana Bhavan,1315.33,Food,UPI,July
26-12-2025,Uber,675.08,Transport,UPI,December
08-01-2025,Kauvery,9668.49,Healthcare,UPI,January
27-06-2025,Max Fashion,4205.84,Clothing,Credit Card,June
13-11-2025,Ajio,18968.51,Online Shopping,UPI,November
05-09-2025,Pizza Hut,1440.95,Food,Debit Card,September
29-07-2025,Subway,1419.34,Food,UPI,July
03-07-2025,MakeMyTrip,10914.3,Travel,Net Banking,July
29-08-2025,IRCTC,29460.09,Travel,UPI,August
08-05-2025,Woodland,6473.68,Clothing,UPI,May
19-10-2025,Apollo Pharmacy,7259.05,Healthcare,Net Banking,October
05-08-2025,Wrogn,852.92,Clothing,Debit Card,August
16-05-2025,Apollo Hospital,6945.11,Healthcare,Net Banking,May
18-09-2025,YouTube Premium,668.14,Entertainment,Net Banking,September
02-05-2025,Yulu Bikes,111.19,Transport,UPI,May
11-12-2025,YouTube Premium,792.68,Entertainment,Net Banking,December
03-04-2025,HP World,54775.62,Electronics,UPI,April
21-01-2025,Metro Rail,107.73,Transport,Net Banking,January
25-04-2025,DMart,1361.33,Grocery,Net Banking,April
12-09-2025,Spotify,857.91,Entertainment,Credit Card,September
10-06-2025,Yulu Bikes,668.02,Transport,Debit Card,June
11-09-2025,Vistara,27502.48,Travel,Net Banking,September
16-03-2025,Water Board,3063.92,Bills,Net Banking,March
21-09-2025,Jio Fiber,804.03,Bills,UPI,September
08-10-2025,Metro Rail,1345.63,Transport,Debit Card,October
08-07-2025,OYO,21392.93,Travel,Credit Card,July
07-04-2025,Hotstar,295.81,Entertainment,Credit Card,April
13-07-2025,IRCTC,3339.88,Travel,Net Banking,July
12-04-2025,More Supermarket,613.59,Grocery,Debit Card,April
09-03-2025,Biba,6870.53,Clothing,Net Banking,March
15-04-2025,CCD,422.77,Food,Debit Card,April
14-11-2025,Reliance Fresh,3668.97,Grocery,Net Banking,November
04-11-2025,Apple Store,121152.14,Electronics,Debit Card,November
18-07-2025,Gaana,513.32,Entertainment,Debit Card,July
18-10-2025,AirAsia,14117.42,Travel,Debit Card,October
13-03-2025,Rapido,1028.29,Transport,Credit Card,March
24-10-2025,Pizza Hut,136.18,Food,UPI,October
12-05-2025,Metro Rail,670.08,Transport,UPI,May
18-10-2025,Pepperfry,883.4,Online Shopping,Credit Card,October
27-11-2025,Uber,1541.25,Transport,UPI,November
16-10-2025,Airtel,1359.11,Bills,Net Banking,October
06-06-2025,Biba,2384.89,Clothing,Net Banking,June
20-09-2025,Fortis,19392.1,Healthcare,UPI,September
30-04-2025,Property Tax Online,4676.99,Bills,Credit Card,April
07-08-2025,Amazon Prime,625.55,Entertainment,UPI,August
25-11-2025,Barbeque Nation,317.88,Food,Net Banking,November
17-07-2025,Starbucks,1349.21,Food,Debit Card,July
16-09-2025,Mi Store,9409.13,Electronics,UPI,September
23-01-2025,Yulu Bikes,1655.63,Transport,Credit Card,January
21-02-2025,Meru Cabs,367.99,Transport,UPI,February
05-07-2025,Ajio,12190.15,Online Shopping,UPI,July
31-12-2025,Booking.com,4400.96,Travel,Credit Card,December
20-10-2025,BSNL,578.03,Bills,UPI,October
25-02-2025,Apple Music,553.89,Entertainment,Debit Card,February
15-10-2025,Reliance Fresh,1099.13,Grocery,Net Banking,October
19-05-2025,Star Bazaar,3951.56,Grocery,UPI,May
27-12-2025,Starbucks,1153.68,Food,UPI,December
24-05-2025,MedPlus,16585.3,Healthcare,UPI,May
10-07-2025,TNEB,518.77,Bills,Credit Card,July
21-03-2025,Yatra,12453.98,Travel,Debit Card,March
08-08-2025,Netflix,846.32,Entertainment,Net Banking,August
24-03-2025,Reliance Digital,123021.28,Electronics,UPI,March
25-03-2025,Vodafone Idea,1686.56,Bills,Debit Card,March
30-07-2025,RedBus,1823.09,Transport,Credit Card,July
24-03-2025,Yatra,20032.25,Travel,Credit Card,March
09-08-2025,Air India,21884.87,Travel,Net Banking,August
05-09-2025,Croma,55415.99,Electronics,Credit Card,September
20-03-2025,Woodland,1663.07,Clothing,Net Banking,March
09-01-2025,Tata Cliq,2990.69,Online Shopping,Net Banking,January
02-10-2025,DMart,1266.45,Grocery,Credit Card,October
31-08-2025,PharmEasy,1731.01,Healthcare,Debit Card,August
11-11-2025,Metro Rail,1889.08,Transport,UPI,November
27-01-2025,Netmeds,4936.52,Healthcare,Credit Card,January
02-08-2025,Dell Exclusive,40166.13,Electronics,Debit Card,August
29-05-2025,SonyLiv,938.95,Entertainment,UPI,May
27-03-2025,Rapido,1907.37,Transport,Net Banking,March
23-06-2025,Aster,2650.14,Healthcare,Debit Card,June
25-08-2025,OYO,22715.54,Travel,Credit Card,August
30-08-2025,Adidas,6636.12,Clothing,Net Banking,August
10-02-2025,Biba,643.57,Clothing,Credit Card,February
26-12-2025,More Supermarket,2915.88,Grocery,Net Banking,December
27-09-2025,Flipkart,2124.98,Online Shopping,Credit Card,September
26-12-2025,SonyLiv,131.94,Entertainment,UPI,December
21-04-2025,Allen Solly,1332.73,Clothing,Debit Card,April
15-06-2025,Rapido,1944.47,Transport,UPI,June
18-12-2025,Aha,651.18,Entertainment,Debit Card,December
06-05-2025,Subway,100.6,Food,Net Banking,May
07-02-2025,IRCTC,14669.39,Travel,UPI,February
08-02-2025,YouTube Premium,159.63,Entertainment,Net Banking,February
24-06-2025,Lenskart,15966.03,Online Shopping,Credit Card,June
08-10-2025,Uber,1408.74,Transport,UPI,October
31-12-2025,Spencers,207.76,Grocery,Debit Card,December
27-09-2025,PharmEasy,188.55,Healthcare,Credit Card,September
18-03-2025,TNEB,4372.43,Bills,Net Banking,March
17-03-2025,Vodafone Idea,1644.86,Bills,UPI,March
09-03-2025,Amazon,4178.62,Online Shopping,UPI,March
15-02-2025,Adidas,7379.04,Clothing,UPI,February
16-09-2025,Vodafone Idea,4874.2,Bills,Credit Card,September
01-07-2025,Air India,4755.72,Travel,Credit Card,July
15-03-2025,Jio Fiber,5899.91,Bills,Credit Card,March
12-10-2025,Pantaloons,3803.1,Clothing,Credit Card,October
04-05-2025,Biba,2380.37,Clothing,Debit Card,May
04-02-2025,Zee5,976.84,Entertainment,UPI,February
23-07-2025,Ajio,12931.48,Online Shopping,Net Banking,July
17-08-2025,AirAsia,18646.22,Travel,UPI,August
06-12-2025,Reliance Digital,45247.01,Electronics,Debit Card,December
28-01-2025,CloudNine,9416.16,Healthcare,UPI,January
27-06-2025,Woodland,7597.02,Clothing,Debit Card,June
20-12-2025,Myntra,2552.57,Online Shopping,Net Banking,December
17-04-2025,Apple Store,45607.63,Electronics,Debit Card,April
06-10-2025,Ola,1686.03,Transport,UPI,October
28-02-2025,Ajio,15084.49,Online Shopping,UPI,February
14-09-2025,Samsung Store,94308.41,Electronics,Net Banking,September
12-07-2025,Starbucks,1237.26,Food,Credit Card,July
15-10-2025,DMart,3114.78,Grocery,Debit Card,October
13-10-2025,Apple Music,310.72,Entertainment,UPI,October
21-12-2025,Saravana Bhavan,561.1,Food,Credit Card,December
10-10-2025,Vodafone Idea,703.29,Bills,UPI,October
28-07-2025,Flipkart,3912.86,Online Shopping,UPI,July
28-03-2025,TNEB,5290.36,Bills,Credit Card,March
01-03-2025,Boat Lifestyle,31193.55,Electronics,Net Banking,March
24-09-2025,Tata Cliq,3877.02,Online Shopping,Credit Card,September
16-09-2025,YouTube Premium,151.63,Entertainment,Net Banking,September
25-06-2025,Gaana,829.77,Entertainment,UPI,June
16-09-2025,Star Bazaar,4213.22,Grocery,Debit Card,September
29-07-2025,Gaana,183.9,Entertainment,UPI,July
17-12-2025,Yulu Bikes,508.52,Transport,Debit Card,December
07-03-2025,TSRTC,1996.41,Transport,Credit Card,March
09-02-2025,Hotstar,922.3,Entertainment,Credit Card,February
19-03-2025,Fortis,7085.08,Healthcare,Credit Card,March
15-05-2025,Property Tax Online,1938.68,Bills,UPI,May
14-07-2025,BigBazaar,2875.38,Grocery,Credit Card,July
04-02-2025,KFC,1153.64,Food,Credit Card,February
14-09-2025,Sony Center,14177.44,Electronics,Net Banking,September
25-09-2025,Croma,77822.93,Electronics,Debit Card,September
23-10-2025,Amazon,5876.37,Online Shopping,UPI,October
22-06-2025,Jio Fiber,2586.7,Bills,UPI,June
30-07-2025,MakeMyTrip,27903.66,Travel,Credit Card,July
30-12-2025,SonyLiv,166.01,Entertainment,Net Banking,December
25-08-2025,OYO,18518.03,Travel,Net Banking,August
04-10-2025,Starbucks,831.16,Food,Debit Card,October
15-08-2025,Taco Bell,494.28,Food,Net Banking,August
10-03-2025,Asus Store,120546.32,Electronics,Credit Card,March
09-08-2025,Hotstar,381.15,Entertainment,Net Banking,August
24-10-2025,Barbeque Nation,486.86,Food,Credit Card,October
15-01-2025,YouTube Premium,757.57,Entertainment,Credit Card,January
19-03-2025,JioMart,2962.05,Grocery,UPI,March
22-05-2025,ACT Fibernet,3647.6,Bills,Credit Card,May
01-11-2025,Gas Agency,5916.43,Bills,Credit Card,November
09-09-2025,Max Fashion,6198.09,Clothing,Debit Card,September
31-12-2025,OYO,13812.92,Travel,Debit Card,December
06-06-2025,BigBazaar,716.13,Grocery,Credit Card,June
08-02-2025,Saravana Bhavan,1177.64,Food,Credit Card,February
28-03-2025,HP World,92425.17,Electronics,UPI,March
13-09-2025,Star Bazaar,4550.27,Grocery,Credit Card,September
16-10-2025,1mg,9261.35,Healthcare,UPI,October
28-02-2025,DMart,1874.67,Grocery,Net Banking,February
11-10-2025,OYO,22636.62,Travel,Credit Card,October
04-06-2025,Amazon,6033.58,Online Shopping,UPI,June
11-01-2025,Nature's Basket,4408.14,Grocery,Net Banking,January
25-09-2025,Goibibo,19209.41,Travel,Debit Card,September
21-12-2025,CCD,1075.9,Food,Credit Card,December
11-02-2025,Air India,15467.13,Travel,Debit Card,February
16-04-2025,Metro Rail,874.88,Transport,Net Banking,April
09-07-2025,Cream Stone,307.99,Food,Debit Card,July
04-06-2025,Airtel,3609.1,Bills,Credit Card,June
31-10-2025,Nike,1900.53,Clothing,Debit Card,October
26-01-2025,Air India,6154.26,Travel,Credit Card,January
16-03-2025,JioMart,382.49,Grocery,Debit Card,March
23-04-2025,Flipkart,1042.45,Online Shopping,Credit Card,April
24-11-2025,Vivo Store,131294.82,Electronics,UPI,November
21-01-2025,Aster,16579.35,Healthcare,Credit Card,January
29-04-2025,Tata Cliq,670.23,Online Shopping,Debit Card,April
09-06-2025,Meru Cabs,938.22,Transport,Net Banking,June
13-06-2025,Spotify,190.64,Entertainment,UPI,June
07-11-2025,Meesho,9577.91,Online Shopping,Debit Card,November
17-06-2025,MakeMyTrip,23456.98,Travel,Debit Card,June
09-12-2025,Kauvery,11814.99,Healthcare,Debit Card,December
04-08-2025,IRCTC,20612.82,Travel,Net Banking,August
20-04-2025,Max Fashion,5712.73,Clothing,Credit Card,April
09-04-2025,Ajio,18604.06,Online Shopping,UPI,April
14-09-2025,Subway,1271.86,Food,UPI,September
29-07-2025,Kauvery,7158.58,Healthcare,Credit Card,July
17-02-2025,Meru Cabs,1175.04,Transport,Debit Card,February
09-08-2025,RedBus,189.39,Transport,Debit Card,August
04-10-2025,Spencers,3583.56,Grocery,Debit Card,October
25-10-2025,Woodland,3622.92,Clothing,Net Banking,October
30-10-2025,Nykaa,11109.14,Online Shopping,UPI,October
20-04-2025,JioMart,3834.72,Grocery,Debit Card,April
26-08-2025,Dell Exclusive,75286.09,Electronics,Credit Card,August
01-01-2025,Rapido,1428.32,Transport,Debit Card,January
12-10-2025,Water Board,4244.44,Bills,Net Banking,October
14-11-2025,Pizza Hut,626.46,Food,Net Banking,November
17-11-2025,Booking.com,24175.46,Travel,UPI,November
16-09-2025,Pizza Hut,1402.54,Food,Net Banking,September
29-12-2025,Jio Fiber,1541.91,Bills,Net Banking,December
11-01-2025,TNEB,3437.82,Bills,UPI,January
08-04-2025,Kauvery,18388.08,Healthcare,UPI,April
08-05-2025,Samsung Store,67800.02,Electronics,Net Banking,May
25-09-2025,Saravana Bhavan,663.93,Food,UPI,September
27-05-2025,Tata Cliq,4127.73,Online Shopping,Net Banking,May
06-07-2025,Property Tax Online,1353.32,Bills,Credit Card,July
11-06-2025,Lenskart,1755.89,Online Shopping,Credit Card,June
16-03-2025,Rapido,119.67,Transport,UPI,March
04-07-2025,Barbeque Nation,1361.8,Food,Net Banking,July
06-01-2025,Reliance Fresh,3096.88,Grocery,Credit Card,January
21-09-2025,Ajio,16538.27,Online Shopping,Net Banking,September
01-07-2025,Spotify,707.35,Entertainment,Net Banking,July
11-05-2025,Samsung Store,28612.1,Electronics,Net Banking,May
16-12-2025,Samsung Store,65165.12,Electronics,Debit Card,December
11-01-2025,H&M,1109.73,Clothing,Net Banking,January
24-04-2025,Kauvery,18542.17,Healthcare,Credit Card,April
04-03-2025,IRCTC,6078.19,Travel,Net Banking,March
31-10-2025,CCD,900.73,Food,Net Banking,October
06-05-2025,Hotstar,623.11,Entertainment,Credit Card,May
05-07-2025,Puma,7087.1,Clothing,UPI,July
05-09-2025,AirAsia,11361.09,Travel,Debit Card,September
07-01-2025,Snapdeal,12342.2,Online Shopping,Net Banking,January
20-11-2025,Max Fashion,4191.03,Clothing,UPI,November
16-03-2025,Max Fashion,3116.65,Clothing,Debit Card,March
25-11-2025,Taco Bell,329.5,Food,Debit Card,November
04-02-2025,Asus Store,79899.92,Electronics,Debit Card,February
08-10-2025,CCD,1133.08,Food,Net Banking,October
28-08-2025,Apple Music,961.23,Entertainment,UPI,August
01-04-2025,Uber,500.09,Transport,Net Banking,April
29-11-2025,Netflix,873.93,Entertainment,Debit Card,November
24-03-2025,Aha,897.78,Entertainment,Net Banking,March
29-03-2025,Reliance Digital,141229.13,Electronics,UPI,March
24-12-2025,YouTube Premium,590.46,Entertainment,Debit Card,December
27-04-2025,ACT Fibernet,836.11,Bills,Credit Card,April
13-08-2025,JioMart,2453.83,Grocery,Debit Card,August
27-09-2025,CloudNine,9554.31,Healthcare,Net Banking,September
21-11-2025,Amazon,14760.41,Online Shopping,UPI,November
11-02-2025,Levis,7586.09,Clothing,Credit Card,February
15-09-2025,HP World,91024.07,Electronics,Credit Card,September
27-06-2025,Flipkart,2532.62,Online Shopping,UPI,June
13-11-2025,1mg,13045.28,Healthcare,Credit Card,November
04-09-2025,IndiGo,11234.61,Travel,Credit Card,September
23-03-2025,Max Fashion,1288.64,Clothing,UPI,March
24-12-2025,Samsung Store,106358.79,Electronics,UPI,December
09-09-2025,Asus Store,76796.3,Electronics,UPI,September
04-11-2025,HP World,51438.9,Electronics,Credit Card,November
12-12-2025,Yatra,23699.21,Travel,Net Banking,December
21-06-2025,Nykaa,16570.51,Online Shopping,Debit Card,June
10-02-2025,Netflix,228.46,Entertainment,Debit Card,February
02-05-2025,Pizza Hut,1186.31,Food,UPI,May
22-07-2025,Netflix,279.18,Entertainment,Credit Card,July
03-06-2025,Star Bazaar,4203.64,Grocery,Net Banking,June
31-07-2025,MakeMyTrip,26018.06,Travel,UPI,July
23-12-2025,TSRTC,310.96,Transport,Credit Card,December
21-01-2025,DMart,549.18,Grocery,Credit Card,January
24-01-2025,BMTC,628.58,Transport,UPI,January
07-01-2025,DMart,2621.3,Grocery,Net Banking,January
01-05-2025,Spotify,708.44,Entertainment,Credit Card,May
26-08-2025,SonyLiv,534.64,Entertainment,Net Banking,August
19-07-2025,Apollo Pharmacy,1544.61,Healthcare,UPI,July
17-12-2025,Woodland,1343.65,Clothing,Credit Card,December
21-10-2025,TSRTC,1222.28,Transport,Credit Card,October
08-06-2025,H&M,2579.45,Clothing,Credit Card,June
11-05-2025,Nike,2049.36,Clothing,Net Banking,May
15-05-2025,Aha,454.69,Entertainment,Debit Card,May
14-08-2025,Amazon,17944.06,Online Shopping,Credit Card,August
19-02-2025,ACT Fibernet,5153.24,Bills,Credit Card,February
17-08-2025,Rapido,59.48,Transport,Net Banking,August
21-12-2025,Star Bazaar,3804.53,Grocery,Debit Card,December
29-06-2025,Kauvery,9302.16,Healthcare,Credit Card,June
10-01-2025,Nilgiris,217.85,Grocery,Credit Card,January
16-08-2025,US Polo,7821.25,Clothing,Debit Card,August
22-12-2025,Noise,37044.58,Electronics,UPI,December
06-04-2025,Yulu Bikes,1617.91,Transport,UPI,April
03-02-2025,Croma,59673.32,Electronics,Net Banking,February
05-08-2025,Aster,4100.19,Healthcare,UPI,August
19-11-2025,Air India,23389.28,Travel,Debit Card,November
09-08-2025,Jio Fiber,2856.12,Bills,Net Banking,August
12-01-2025,TSRTC,1738.11,Transport,Credit Card,January
14-03-2025,Sony Center,4561.05,Electronics,UPI,March
29-11-2025,Nature's Basket,4983.8,Grocery,Debit Card,November
23-01-2025,OnePlus,121238.54,Electronics,Debit Card,January
13-08-2025,Netflix,536.68,Entertainment,Credit Card,August
20-01-2025,Fortis,1634.73,Healthcare,UPI,January
10-03-2025,Myntra,17349.03,Online Shopping,Net Banking,March
28-10-2025,AirAsia,8771.47,Travel,Net Banking,October
03-03-2025,Ola,1363.23,Transport,Debit Card,March
18-05-2025,Paradise Biryani,909.83,Food,Net Banking,May
22-01-2025,TSRTC,1552.91,Transport,UPI,January
09-10-2025,Apple Music,516.14,Entertainment,Net Banking,October
04-03-2025,ACT Fibernet,330.22,Bills,UPI,March
01-06-2025,Nilgiris,2879.31,Grocery,UPI,June
19-05-2025,Allen Solly,4157.38,Clothing,UPI,May
02-05-2025,Meesho,15898.66,Online Shopping,Net Banking,May
08-10-2025,Vodafone Idea,5746.74,Bills,Debit Card,October
14-12-2025,Jio Fiber,3602.34,Bills,Net Banking,December
05-06-2025,OYO,17056.07,Travel,Net Banking,June
07-06-2025,Burger King,781.4,Food,Debit Card,June
08-08-2025,Dell Exclusive,91964.11,Electronics,Credit Card,August
06-02-2025,Adidas,3177.24,Clothing,Debit Card,February
26-07-2025,HP World,58886.97,Electronics,Debit Card,July
22-10-2025,Meru Cabs,549.35,Transport,Net Banking,October
11-04-2025,Yatra,26509.57,Travel,Credit Card,April
20-03-2025,Nike,1048.46,Clothing,UPI,March
12-06-2025,RedBus,1516.84,Transport,Debit Card,June
19-04-2025,Amazon Prime,562.79,Entertainment,Net Banking,April
24-10-2025,Kauvery,4897.9,Healthcare,Net Banking,October
08-07-2025,PharmEasy,11789.7,Healthcare,Net Banking,July
20-06-2025,Saravana Bhavan,1113.9,Food,Net Banking,June
27-11-2025,Yulu Bikes,1446.97,Transport,UPI,November
19-06-2025,BMTC,531.53,Transport,Credit Card,June
03-11-2025,Nykaa,17021.38,Online Shopping,Net Banking,November
17-06-2025,Asus Store,71571.52,Electronics,Debit Card,June
20-05-2025,KFC,568.46,Food,Credit Card,May
07-12-2025,Vivo Store,94017.51,Electronics,Debit Card,December
18-11-2025,Pepperfry,12278.68,Online Shopping,UPI,November
22-03-2025,Cream Stone,251.09,Food,Net Banking,March
20-09-2025,Aha,470.16,Entertainment,Debit Card,September
08-12-2025,MakeMyTrip,10212.35,Travel,Net Banking,December
08-07-2025,Aster,18414.59,Healthcare,Net Banking,July
10-12-2025,Vodafone Idea,1373.64,Bills,Credit Card,December
17-03-2025,H&M,2830.56,Clothing,Credit Card,March
02-02-2025,Property Tax Online,4016.36,Bills,Net Banking,February
07-07-2025,Goibibo,1328.46,Travel,Net Banking,July
05-10-2025,Amazon Prime,560.99,Entertainment,UPI,October
03-09-2025,More Supermarket,1506.04,Grocery,Debit Card,September
20-04-2025,Kauvery,2633.15,Healthcare,Credit Card,April
04-05-2025,Hotstar,262.03,Entertainment,UPI,May
11-10-2025,Cream Stone,577.18,Food,Debit Card,October
20-05-2025,Goibibo,786.46,Travel,UPI,May
02-02-2025,IndiGo,13358.19,Travel,Debit Card,February
28-02-2025,Biba,6397.39,Clothing,Net Banking,February
06-09-2025,Netmeds,7147.86,Healthcare,Net Banking,September
27-09-2025,Zara,973.48,Clothing,UPI,September
18-03-2025,JioMart,2687.39,Grocery,Net Banking,March
02-12-2025,OYO,26373.99,Travel,Credit Card,December
25-12-2025,Meesho,14623.56,Online Shopping,Net Banking,December
15-06-2025,More Supermarket,1404.16,Grocery,Net Banking,June
31-03-2025,Gas Agency,4519.94,Bills,UPI,March
18-12-2025,Dominos,369.19,Food,UPI,December
28-03-2025,RedBus,1854.51,Transport,UPI,March
03-10-2025,Spotify,903.12,Entertainment,UPI,October
20-06-2025,Uber,1029.23,Transport,UPI,June
18-01-2025,BigBazaar,2979.82,Grocery,Credit Card,January
02-05-2025,Meru Cabs,1992.3,Transport,Debit Card,May
06-09-2025,Reliance Fresh,1744.76,Grocery,Debit Card,September
08-11-2025,Star Bazaar,1809.78,Grocery,Net Banking,November
07-09-2025,BMTC,1100.93,Transport,Debit Card,September
05-06-2025,Flipkart,6929.14,Online Shopping,Credit Card,June
16-07-2025,Chai Point,970.37,Food,Net Banking,July
21-07-2025,Croma,29804.41,Electronics,UPI,July
29-05-2025,Kauvery,13216.84,Healthcare,Credit Card,May
25-02-2025,Property Tax Online,2581.9,Bills,Net Banking,February
04-01-2025,IRCTC,24646.35,Travel,Credit Card,January
20-03-2025,Nilgiris,3557.42,Grocery,Net Banking,March
31-01-2025,Burger King,297.27,Food,Credit Card,January
12-09-2025,Apollo Pharmacy,7612.94,Healthcare,Debit Card,September
15-05-2025,IRCTC,19563.72,Travel,UPI,May
05-04-2025,Vistara,18127.17,Travel,Credit Card,April
28-01-2025,RedBus,1863.66,Transport,Credit Card,January
25-03-2025,JioMart,824.85,Grocery,UPI,March
10-01-2025,Wrogn,2994.24,Clothing,Debit Card,January
21-09-2025,Apollo Pharmacy,3886.4,Healthcare,Debit Card,September
13-11-2025,Reliance Digital,94624.55,Electronics,UPI,November
11-06-2025,Asus Store,96888.6,Electronics,Net Banking,June
09-11-2025,Water Board,4641.14,Bills,UPI,November
08-08-2025,Taco Bell,1215.74,Food,UPI,August
06-01-2025,BMTC,1913.96,Transport,UPI,January
06-09-2025,Ola,1021.77,Transport,Debit Card,September
05-06-2025,Goibibo,3150.81,Travel,Debit Card,June
05-02-2025,PharmEasy,4960.4,Healthcare,Net Banking,February
22-02-2025,OnePlus,89493.87,Electronics,Debit Card,February
27-12-2025,Samsung Store,30397.9,Electronics,Debit Card,December
13-11-2025,MedPlus,15819.89,Healthcare,UPI,November
09-10-2025,Pepperfry,5406.02,Online Shopping,Net Banking,October
02-05-2025,TNEB,396.58,Bills,UPI,May
11-11-2025,Nykaa,18250.04,Online Shopping,Credit Card,November
07-01-2025,SonyLiv,986.17,Entertainment,UPI,January
23-01-2025,Burger King,804.6,Food,Debit Card,January
12-08-2025,Booking.com,17551.18,Travel,Net Banking,August
05-02-2025,Jio Fiber,1763.77,Bills,Credit Card,February
27-07-2025,More Supermarket,3592.27,Grocery,UPI,July
08-09-2025,Water Board,5542.57,Bills,Credit Card,September
25-04-2025,Subway,881.17,Food,Net Banking,April
11-10-2025,Flipkart,11547.52,Online Shopping,UPI,October
07-01-2025,BSNL,4468.07,Bills,Net Banking,January
12-09-2025,Rapido,73.7,Transport,UPI,September
15-06-2025,Kauvery,10872.93,Healthcare,Credit Card,June
11-05-2025,Burger King,795.54,Food,UPI,May
06-08-2025,Apollo Hospital,18502.66,Healthcare,Debit Card,August
19-05-2025,Rapido,1281.97,Transport,Debit Card,May
15-01-2025,Apollo Pharmacy,18916,Healthcare,Credit Card,January
26-02-2025,Aster,19956.88,Healthcare,Net Banking,February
17-02-2025,Apple Store,111714.93,Electronics,Credit Card,February
14-01-2025,TSRTC,506.18,Transport,Credit Card,January
17-01-2025,Rapido,503.5,Transport,UPI,January
01-07-2025,Dell Exclusive,104424.46,Electronics,Debit Card,July
22-02-2025,BSNL,2891.42,Bills,UPI,February
15-12-2025,BigBazaar,2846.46,Grocery,Credit Card,December
16-08-2025,Biba,5102.11,Clothing,Credit Card,August
20-02-2025,Yulu Bikes,1837.56,Transport,UPI,February
07-08-2025,Chai Point,544.56,Food,Credit Card,August
30-12-2025,Amazon,16513.7,Online Shopping,Credit Card,December
11-11-2025,Goibibo,7061.66,Travel,Net Banking,November
22-10-2025,Reliance Digital,35177.41,Electronics,Credit Card,October
18-11-2025,Fortis,14083.56,Healthcare,Credit Card,November
10-12-2025,ACT Fibernet,636.48,Bills,Debit Card,December
11-06-2025,Netmeds,11065.43,Healthcare,Debit Card,June
17-05-2025,MedPlus,19020.21,Healthcare,Net Banking,May
28-08-2025,Asus Store,63323.78,Electronics,UPI,August
19-12-2025,Max Fashion,4426.76,Clothing,Debit Card,December
01-12-2025,Pantaloons,2981.72,Clothing,Debit Card,December
17-03-2025,Boat Lifestyle,70661.66,Electronics,UPI,March
10-11-2025,IRCTC,9180.06,Travel,Net Banking,November
09-06-2025,TSRTC,1648.58,Transport,Credit Card,June
21-06-2025,Netmeds,5612.62,Healthcare,UPI,June
26-03-2025,Cream Stone,1232.86,Food,UPI,March
26-06-2025,Metro Rail,1460.49,Transport,Credit Card,June
08-10-2025,Snapdeal,7573.38,Online Shopping,Debit Card,October
31-01-2025,Yulu Bikes,1320.19,Transport,Credit Card,January
08-06-2025,Sony Center,39047.04,Electronics,Net Banking,June
04-08-2025,Hotstar,532.5,Entertainment,Debit Card,August
19-02-2025,Amazon,17575.25,Online Shopping,Credit Card,February
16-09-2025,Max Fashion,6255.12,Clothing,UPI,September
01-08-2025,Meru Cabs,1393.73,Transport,Net Banking,August
09-07-2025,Air India,19747.8,Travel,Net Banking,July
08-01-2025,Kauvery,17242.25,Healthcare,Net Banking,January
26-08-2025,Gaana,892.28,Entertainment,Credit Card,August
24-04-2025,Vistara,26785.1,Travel,Debit Card,April
30-03-2025,PharmEasy,1404.46,Healthcare,Credit Card,March
10-02-2025,Star Bazaar,3867.55,Grocery,Net Banking,February
11-06-2025,PharmEasy,527.9,Healthcare,Credit Card,June
07-06-2025,H&M,6753.3,Clothing,Net Banking,June
31-03-2025,TSRTC,1109.7,Transport,UPI,March
06-08-2025,DMart,1387.62,Grocery,Net Banking,August
07-04-2025,TSRTC,1254.18,Transport,Debit Card,April
29-04-2025,Gas Agency,2629.83,Bills,Net Banking,April
18-11-2025,JioMart,891.86,Grocery,Net Banking,November
08-07-2025,Spotify,832.28,Entertainment,Net Banking,July
05-11-2025,Sony Center,82377.85,Electronics,Debit Card,November
06-04-2025,Apollo Pharmacy,18127.88,Healthcare,Credit Card,April
08-07-2025,Gaana,462.52,Entertainment,Credit Card,July
01-01-2025,Vodafone Idea,3039.47,Bills,Debit Card,January
10-06-2025,MakeMyTrip,12729.13,Travel,Debit Card,June
05-12-2025,TNEB,5577.19,Bills,Net Banking,December
06-11-2025,McDonalds,922.83,Food,Net Banking,November
25-08-2025,Biba,7201.67,Clothing,UPI,August
19-03-2025,CloudNine,4775.49,Healthcare,Net Banking,March
02-06-2025,Air India,8855.92,Travel,Debit Card,June
23-09-2025,Zara,6360.69,Clothing,Credit Card,September
01-10-2025,Nature's Basket,613.55,Grocery,Debit Card,October
18-05-2025,Water Board,5579.89,Bills,Net Banking,May
08-05-2025,Water Board,1604.13,Bills,Debit Card,May
24-07-2025,Pantaloons,639.02,Clothing,UPI,July
15-06-2025,H&M,3386.73,Clothing,Debit Card,June
05-11-2025,Vodafone Idea,5745.05,Bills,Debit Card,November
24-09-2025,Property Tax Online,2937.77,Bills,UPI,September
21-11-2025,Goibibo,17183.27,Travel,Net Banking,November
25-02-2025,Asus Store,62089.62,Electronics,Net Banking,February
17-07-2025,Netmeds,15524.66,Healthcare,Credit Card,July
07-11-2025,Biba,2093.78,Clothing,Debit Card,November
05-04-2025,ACT Fibernet,1712.18,Bills,UPI,April
19-03-2025,Pepperfry,5576.27,Online Shopping,UPI,March
25-09-2025,Rapido,1130.44,Transport,Debit Card,September
27-05-2025,Gas Agency,3201.91,Bills,UPI,May
06-09-2025,Barbeque Nation,693.37,Food,Debit Card,September
27-02-2025,Woodland,4955.41,Clothing,UPI,February
01-02-2025,Subway,1155.63,Food,Net Banking,February
25-02-2025,OnePlus,109679.59,Electronics,UPI,February
19-04-2025,Apollo Hospital,2383.82,Healthcare,Credit Card,April
14-04-2025,Nature's Basket,2320.96,Grocery,Credit Card,April
29-10-2025,Dominos,1109.68,Food,Credit Card,October
22-06-2025,Pepperfry,11730.61,Online Shopping,Debit Card,June
21-12-2025,Apple Music,372.08,Entertainment,Debit Card,December
14-10-2025,ACT Fibernet,4443.81,Bills,UPI,October
09-05-2025,Gas Agency,835.03,Bills,Credit Card,May
26-09-2025,Croma,133802.26,Electronics,UPI,September
15-03-2025,Taco Bell,1229.73,Food,Credit Card,March
27-03-2025,Amazon Prime,580.32,Entertainment,UPI,March
07-11-2025,Allen Solly,1278.16,Clothing,Net Banking,November
07-09-2025,JioMart,2753.29,Grocery,UPI,September
04-05-2025,Water Board,1304.87,Bills,Credit Card,May
28-01-2025,Mi Store,14674.4,Electronics,Credit Card,January
18-12-2025,Star Bazaar,1405.26,Grocery,UPI,December
05-12-2025,RedBus,1235.74,Transport,Credit Card,December
13-02-2025,Yatra,18885.42,Travel,Credit Card,February
29-09-2025,Chai Point,1230.17,Food,Debit Card,September
06-06-2025,Nilgiris,1774.08,Grocery,Debit Card,June
14-11-2025,CloudNine,6432.41,Healthcare,Net Banking,November
09-12-2025,IndiGo,2167.01,Travel,Credit Card,December
26-02-2025,Burger King,333.23,Food,Net Banking,February
25-09-2025,Property Tax Online,5253.41,Bills,Credit Card,September
12-01-2025,BigBazaar,4298.44,Grocery,Credit Card,January
18-07-2025,Dell Exclusive,79142.09,Electronics,UPI,July
03-03-2025,Subway,196.01,Food,UPI,March
30-05-2025,OnePlus,110160.79,Electronics,Credit Card,May
24-06-2025,ACT Fibernet,2735.66,Bills,UPI,June
15-06-2025,Dell Exclusive,5663.02,Electronics,Net Banking,June
07-06-2025,OYO,25954.04,Travel,UPI,June
11-12-2025,Netflix,919.95,Entertainment,Credit Card,December
22-04-2025,Rapido,1466.76,Transport,Debit Card,April
28-01-2025,Goibibo,15799.37,Travel,UPI,January
25-05-2025,YouTube Premium,957.03,Entertainment,UPI,May
12-06-2025,Gas Agency,671.32,Bills,Net Banking,June
16-10-2025,Boat Lifestyle,94392.84,Electronics,Credit Card,October
18-06-2025,Mi Store,66902.61,Electronics,Net Banking,June
21-11-2025,Ajio,14074.83,Online Shopping,Net Banking,November
26-09-2025,Fortis,14868.78,Healthcare,Credit Card,September
16-01-2025,BigBazaar,2048.33,Grocery,Net Banking,January
23-02-2025,Yulu Bikes,996.17,Transport,Credit Card,February
27-05-2025,Apple Store,127437.04,Electronics,Credit Card,May
25-08-2025,Vivo Store,35858.09,Electronics,UPI,August
18-06-2025,ACT Fibernet,5533.84,Bills,Credit Card,June
09-09-2025,US Polo,6109.83,Clothing,UPI,September
04-02-2025,Vistara,24045.41,Travel,Debit Card,February
06-01-2025,Myntra,6505.16,Online Shopping,Debit Card,January
25-04-2025,Jio Fiber,3803.25,Bills,UPI,April
27-11-2025,Puma,2531.71,Clothing,Net Banking,November
11-05-2025,Ajio,9621.1,Online Shopping,Net Banking,May
06-04-2025,Zee5,128.74,Entertainment,UPI,April
10-04-2025,More Supermarket,3531.04,Grocery,Debit Card,April
03-04-2025,Goibibo,3407.04,Travel,Net Banking,April
12-10-2025,Dell Exclusive,57128.4,Electronics,Credit Card,October
18-02-2025,Dell Exclusive,137369.44,Electronics,UPI,February
15-05-2025,Pepperfry,13325.67,Online Shopping,Debit Card,May
10-02-2025,Zee5,907.81,Entertainment,UPI,February
30-04-2025,Chai Point,521.91,Food,UPI,April
06-12-2025,Boat Lifestyle,13620.95,Electronics,Debit Card,December
16-12-2025,Vivo Store,95656.11,Electronics,Credit Card,December
13-03-2025,Yatra,5101.31,Travel,UPI,March
26-12-2025,TSRTC,1314.82,Transport,Net Banking,December
22-03-2025,DMart,1851.37,Grocery,UPI,March
27-11-2025,Nilgiris,1862.7,Grocery,Debit Card,November
17-10-2025,TSRTC,648,Transport,Net Banking,October
12-04-2025,Netmeds,12772.29,Healthcare,UPI,April
22-02-2025,SonyLiv,694.8,Entertainment,UPI,February
14-05-2025,JioMart,878,Grocery,Credit Card,May
24-11-2025,RedBus,1501.58,Transport,Net Banking,November
07-02-2025,Aha,408.15,Entertainment,Debit Card,February
07-01-2025,RedBus,753.44,Transport,Credit Card,January
02-04-2025,Rapido,1926.84,Transport,Net Banking,April
29-10-2025,Vistara,14424.61,Travel,Net Banking,October
25-07-2025,Dominos,1218.36,Food,Debit Card,July
13-01-2025,BSNL,3646.2,Bills,UPI,January
20-07-2025,IndiGo,16076.93,Travel,Debit Card,July
19-11-2025,Starbucks,1493.72,Food,Debit Card,November
18-08-2025,Ajio,3148.55,Online Shopping,Credit Card,August
01-09-2025,OYO,25555.81,Travel,UPI,September
28-08-2025,Adidas,811.8,Clothing,Credit Card,August
28-05-2025,Puma,5595.64,Clothing,UPI,May
09-09-2025,Nature's Basket,4228.35,Grocery,UPI,September
31-03-2025,JioMart,1476.6,Grocery,Net Banking,March
27-08-2025,Taco Bell,683.86,Food,Credit Card,August
17-12-2025,OYO,687.08,Travel,Credit Card,December
13-10-2025,Netflix,486.54,Entertainment,Net Banking,October
16-11-2025,Kauvery,13757.09,Healthcare,Net Banking,November
23-01-2025,Noise,14290.52,Electronics,Debit Card,January
04-03-2025,IndiGo,28052.17,Travel,Credit Card,March
26-01-2025,Booking.com,6919.87,Travel,Net Banking,January
24-08-2025,Pepperfry,12401.36,Online Shopping,Debit Card,August
24-08-2025,Apollo Hospital,17328.32,Healthcare,UPI,August
14-06-2025,SonyLiv,945.53,Entertainment,Credit Card,June
11-07-2025,Puma,7063.09,Clothing,Net Banking,July
28-03-2025,Gaana,340.7,Entertainment,Net Banking,March
24-10-2025,Apollo Pharmacy,8885.16,Healthcare,Debit Card,October
28-02-2025,H&M,6631.32,Clothing,Debit Card,February
19-01-2025,Subway,1064.01,Food,UPI,January
28-05-2025,Nature's Basket,3549.22,Grocery,Debit Card,May
19-11-2025,BSNL,4683.39,Bills,UPI,November
03-03-2025,Pepperfry,4881.81,Online Shopping,UPI,March
21-07-2025,Vodafone Idea,2673.21,Bills,UPI,July
02-01-2025,MedPlus,18613.73,Healthcare,UPI,January
21-05-2025,Noise,74631.11,Electronics,UPI,May
30-04-2025,Fortis,3873.28,Healthcare,Net Banking,April
13-07-2025,Hotstar,441.13,Entertainment,Debit Card,July
19-07-2025,Vistara,16503.47,Travel,UPI,July
16-06-2025,Flipkart,11131.27,Online Shopping,Debit Card,June
13-03-2025,MedPlus,4493.18,Healthcare,Net Banking,March
07-12-2025,Spencers,4779.55,Grocery,Credit Card,December
23-02-2025,Property Tax Online,5389.33,Bills,Net Banking,February
28-10-2025,Metro Rail,446.76,Transport,Net Banking,October
16-10-2025,Apollo Pharmacy,13960.19,Healthcare,Net Banking,October
20-07-2025,RedBus,874.89,Transport,Net Banking,July
07-06-2025,IndiGo,13901.29,Travel,Credit Card,June
04-05-2025,MakeMyTrip,4230.67,Travel,Debit Card,May
16-09-2025,Kauvery,19482.34,Healthcare,Net Banking,September
18-04-2025,Samsung Store,105364.83,Electronics,Credit Card,April
08-06-2025,Netmeds,7085.45,Healthcare,Net Banking,June
07-01-2025,Apple Music,398.21,Entertainment,Credit Card,January
15-02-2025,1mg,3473.35,Healthcare,Credit Card,February
07-05-2025,Reliance Fresh,2750.16,Grocery,Debit Card,May
05-05-2025,Gas Agency,5576.12,Bills,Net Banking,May
06-08-2025,Burger King,1006.98,Food,UPI,August
26-09-2025,Vodafone Idea,352.78,Bills,Debit Card,September
27-03-2025,Snapdeal,12068.79,Online Shopping,Credit Card,March
16-01-2025,Nykaa,19176.6,Online Shopping,Credit Card,January
16-11-2025,Meesho,4206.11,Online Shopping,Net Banking,November
01-01-2025,Aster,18076.33,Healthcare,Debit Card,January
26-05-2025,Apple Store,149836.1,Electronics,Net Banking,May
22-08-2025,H&M,1670.74,Clothing,Credit Card,August
02-12-2025,Puma,2139.64,Clothing,Credit Card,December
10-07-2025,Pizza Hut,1126.37,Food,Net Banking,July
03-03-2025,Fortis,10998.17,Healthcare,Net Banking,March
01-01-2025,Sony Center,128155.58,Electronics,Debit Card,January
19-06-2025,Vodafone Idea,5548.84,Bills,UPI,June
14-07-2025,Air India,15526.67,Travel,UPI,July
19-12-2025,More Supermarket,4531.55,Grocery,Credit Card,December
13-02-2025,Yulu Bikes,1941.09,Transport,UPI,February
03-01-2025,Star Bazaar,4631.51,Grocery,UPI,January
30-05-2025,PharmEasy,17889.89,Healthcare,Debit Card,May
07-10-2025,Star Bazaar,3843.41,Grocery,Credit Card,October
06-02-2025,Nike,1266.72,Clothing,Debit Card,February
17-11-2025,Burger King,700.4,Food,Debit Card,November
15-03-2025,Air India,22586.47,Travel,Credit Card,March
06-03-2025,BMTC,1912.83,Transport,Debit Card,March
16-02-2025,Zee5,692.39,Entertainment,Net Banking,February
16-03-2025,Pizza Hut,720.36,Food,Debit Card,March
14-08-2025,US Polo,6109.49,Clothing,Debit Card,August
16-07-2025,Water Board,5670.83,Bills,Net Banking,July
30-04-2025,BigBazaar,3836.63,Grocery,Credit Card,April
06-07-2025,TNEB,4682,Bills,Credit Card,July
11-02-2025,Property Tax Online,4385.84,Bills,Debit Card,February
06-07-2025,Nykaa,13436.98,Online Shopping,Net Banking,July
15-12-2025,BigBazaar,767.31,Grocery,Net Banking,December
25-08-2025,Hotstar,259.26,Entertainment,Credit Card,August
31-03-2025,Fortis,18416.8,Healthcare,UPI,March
12-11-2025,Spencers,4478.31,Grocery,UPI,November
15-06-2025,Ajio,3277.7,Online Shopping,Debit Card,June
24-06-2025,Netflix,713.94,Entertainment,UPI,June
21-05-2025,Gas Agency,3039.18,Bills,Credit Card,May
10-04-2025,Nykaa,3549.71,Online Shopping,UPI,April
27-03-2025,Rapido,175.46,Transport,Credit Card,March
16-11-2025,Woodland,2103.33,Clothing,Debit Card,November
06-02-2025,HP World,103515.72,Electronics,Credit Card,February
17-09-2025,Starbucks,1447.75,Food,Net Banking,September
04-06-2025,A2B,1472.07,Food,UPI,June
10-02-2025,Nike,5510.55,Clothing,UPI,February
13-05-2025,Woodland,4775.98,Clothing,UPI,May
07-12-2025,Jio Fiber,472.91,Bills,UPI,December
05-04-2025,BSNL,2716.84,Bills,Credit Card,April
26-11-2025,Air India,15563.43,Travel,Net Banking,November
27-08-2025,Asus Store,116947.62,Electronics,Net Banking,August
12-06-2025,Nilgiris,1925.86,Grocery,Net Banking,June
13-08-2025,Pepperfry,13154.28,Online Shopping,UPI,August
09-04-2025,Goibibo,8302.65,Travel,Net Banking,April
17-07-2025,Amazon Prime,528.66,Entertainment,Credit Card,July
02-08-2025,Chai Point,866.42,Food,Net Banking,August
26-01-2025,TSRTC,1155.57,Transport,UPI,January
21-03-2025,Booking.com,18429.28,Travel,UPI,March
16-01-2025,Nilgiris,1742.94,Grocery,UPI,January
21-09-2025,Myntra,19357.98,Online Shopping,Credit Card,September
24-10-2025,SonyLiv,737.85,Entertainment,Debit Card,October
07-08-2025,Zara,1131.84,Clothing,Credit Card,August
05-01-2025,Hotstar,752.05,Entertainment,Credit Card,January
07-04-2025,TSRTC,1217.14,Transport,UPI,April
03-11-2025,Nilgiris,2956.99,Grocery,Credit Card,November
13-09-2025,Apple Store,73701.2,Electronics,Credit Card,September
26-02-2025,Meru Cabs,398.1,Transport,Net Banking,February
05-07-2025,BMTC,1087.06,Transport,Credit Card,July
28-08-2025,MedPlus,5737.82,Healthcare,Debit Card,August
24-02-2025,Burger King,106.47,Food,Net Banking,February
29-07-2025,Gas Agency,5465.16,Bills,Debit Card,July
09-03-2025,Samsung Store,147821.18,Electronics,Debit Card,March
22-01-2025,Taco Bell,414.62,Food,UPI,January
10-02-2025,Gaana,960.61,Entertainment,Debit Card,February
02-08-2025,Barbeque Nation,1342.51,Food,UPI,August
05-08-2025,Aha,387,Entertainment,Net Banking,August
27-12-2025,Apple Music,955.57,Entertainment,Debit Card,December
29-09-2025,BMTC,732.92,Transport,Debit Card,September
12-06-2025,Jio Fiber,2311.81,Bills,Net Banking,June
26-05-2025,Burger King,624.72,Food,Debit Card,May
18-09-2025,Star Bazaar,208.97,Grocery,Credit Card,September
08-02-2025,Subway,465.57,Food,UPI,February
03-06-2025,Meru Cabs,1500.54,Transport,Net Banking,June
26-02-2025,Metro Rail,1788.48,Transport,UPI,February
14-01-2025,Apollo Pharmacy,5222.92,Healthcare,UPI,January
02-09-2025,PharmEasy,10887.53,Healthcare,Net Banking,September
29-03-2025,Lenskart,10464.92,Online Shopping,Debit Card,March
21-09-2025,Metro Rail,1732.49,Transport,Credit Card,September
06-02-2025,Mi Store,51071.8,Electronics,UPI,February
07-08-2025,Pepperfry,3084.79,Online Shopping,Net Banking,August
20-10-2025,Saravana Bhavan,966.47,Food,UPI,October
28-01-2025,Flipkart,2863.76,Online Shopping,UPI,January
29-08-2025,TSRTC,67.81,Transport,Debit Card,August
21-03-2025,More Supermarket,3141.62,Grocery,UPI,March
30-04-2025,H&M,7807.6,Clothing,Net Banking,April
29-08-2025,Booking.com,29892.1,Travel,Debit Card,August
08-11-2025,Vistara,14240.7,Travel,Credit Card,November
21-06-2025,Pantaloons,3009.76,Clothing,Debit Card,June
05-10-2025,BSNL,355.15,Bills,Net Banking,October
21-11-2025,Croma,49311.07,Electronics,UPI,November
26-08-2025,Cream Stone,161.15,Food,Credit Card,August
04-12-2025,Spotify,111.66,Entertainment,Credit Card,December
08-02-2025,Yulu Bikes,1037.02,Transport,Debit Card,February
09-04-2025,Vodafone Idea,2373.61,Bills,Debit Card,April
30-04-2025,Apollo Hospital,17583.4,Healthcare,UPI,April
19-06-2025,Sony Center,91322.94,Electronics,Net Banking,June
09-04-2025,Zara,6667.33,Clothing,UPI,April
26-10-2025,Pepperfry,13683.51,Online Shopping,Debit Card,October
03-02-2025,Ola,740.35,Transport,Debit Card,February
22-07-2025,Woodland,1397.07,Clothing,Debit Card,July
14-08-2025,TSRTC,816.57,Transport,Net Banking,August
29-01-2025,Amazon,15657.06,Online Shopping,UPI,January
06-02-2025,Zee5,668.45,Entertainment,Credit Card,February
22-07-2025,Noise,29918.66,Electronics,Net Banking,July
07-04-2025,Uber,1504.38,Transport,Net Banking,April
12-02-2025,JioMart,1422.55,Grocery,Credit Card,February
03-01-2025,Wrogn,4923.9,Clothing,Debit Card,January
30-12-2025,Gas Agency,1182.3,Bills,UPI,December
13-04-2025,TNEB,806.33,Bills,Debit Card,April
06-05-2025,JioMart,4013.33,Grocery,Net Banking,May
06-08-2025,Puma,556.68,Clothing,Credit Card,August
22-01-2025,Dell Exclusive,33547.38,Electronics,UPI,January
08-12-2025,Apollo Hospital,4178.6,Healthcare,UPI,December
29-07-2025,Pantaloons,6163.22,Clothing,UPI,July
09-02-2025,Burger King,940.04,Food,Credit Card,February
16-01-2025,Dominos,470.22,Food,Net Banking,January
08-12-2025,BMTC,891.04,Transport,Credit Card,December
11-08-2025,Amazon,17902.16,Online Shopping,Net Banking,August
05-07-2025,Nature's Basket,4447.49,Grocery,UPI,July
17-11-2025,Amazon,15390.15,Online Shopping,UPI,November
07-10-2025,Saravana Bhavan,1149.74,Food,Net Banking,October
11-08-2025,Pepperfry,11692.5,Online Shopping,Debit Card,August
19-11-2025,Puma,2483.25,Clothing,Credit Card,November
08-01-2025,TSRTC,486.17,Transport,Credit Card,January
25-10-2025,RedBus,848.89,Transport,Net Banking,October
08-08-2025,IRCTC,9669.11,Travel,Net Banking,August
17-12-2025,Apollo Hospital,2348.27,Healthcare,Net Banking,December
03-01-2025,More Supermarket,4191.02,Grocery,Credit Card,January
08-02-2025,Aha,178.23,Entertainment,Credit Card,February
20-07-2025,Meru Cabs,1375.14,Transport,Credit Card,July
17-04-2025,Zara,7896.27,Clothing,Credit Card,April
23-05-2025,JioMart,2722.68,Grocery,UPI,May
28-01-2025,Lenskart,9033.12,Online Shopping,UPI,January
27-07-2025,Spotify,191.05,Entertainment,Net Banking,July
06-08-2025,ACT Fibernet,1314.81,Bills,Credit Card,August
13-12-2025,A2B,1366.04,Food,Debit Card,December
11-01-2025,Yulu Bikes,472.44,Transport,Net Banking,January
14-01-2025,Boat Lifestyle,52956.89,Electronics,Credit Card,January
19-09-2025,IRCTC,7645.6,Travel,UPI,September
18-01-2025,A2B,1344.98,Food,Net Banking,January
23-02-2025,Apollo Hospital,3817.04,Healthcare,Credit Card,February
10-07-2025,HP World,45953.74,Electronics,UPI,July
11-10-2025,SonyLiv,413.08,Entertainment,Net Banking,October
06-03-2025,Meesho,12349.36,Online Shopping,Credit Card,March
30-06-2025,AirAsia,13546.82,Travel,Net Banking,June
29-11-2025,1mg,14982.07,Healthcare,UPI,November
23-08-2025,Property Tax Online,951.97,Bills,Credit Card,August
26-02-2025,Aster,3210.97,Healthcare,Net Banking,February
26-07-2025,Paradise Biryani,435.8,Food,Debit Card,July
26-01-2025,Nature's Basket,983.86,Grocery,Net Banking,January
12-08-2025,Reliance Fresh,1715.96,Grocery,Net Banking,August
16-05-2025,Zee5,746.22,Entertainment,UPI,May
13-02-2025,Property Tax Online,2220.29,Bills,UPI,February
21-01-2025,Spencers,4735.14,Grocery,Net Banking,January
19-12-2025,Nature's Basket,4973.25,Grocery,Net Banking,December
08-05-2025,Reliance Digital,84330.9,Electronics,Credit Card,May
29-07-2025,Yulu Bikes,414.97,Transport,UPI,July
05-05-2025,A2B,1253.76,Food,Credit Card,May
27-04-2025,Air India,27990.79,Travel,Credit Card,April
11-02-2025,Barbeque Nation,230.07,Food,Debit Card,February
31-01-2025,BSNL,964.91,Bills,Credit Card,January
25-09-2025,Rapido,1911.7,Transport,Credit Card,September
25-09-2025,Spencers,1690.97,Grocery,Net Banking,September
17-01-2025,Zee5,792.35,Entertainment,UPI,January
24-08-2025,Subway,493.97,Food,UPI,August
14-01-2025,McDonalds,1475.14,Food,Net Banking,January
29-01-2025,Gas Agency,4716.53,Bills,Net Banking,January
19-12-2025,Boat Lifestyle,120286.86,Electronics,UPI,December
28-04-2025,Nilgiris,4116.07,Grocery,Credit Card,April
16-06-2025,HP World,50615.14,Electronics,Net Banking,June
10-08-2025,Gaana,755.23,Entertainment,Net Banking,August
12-05-2025,Apple Music,610.57,Entertainment,UPI,May
01-02-2025,Cream Stone,1217.13,Food,Debit Card,February
11-04-2025,TNEB,4027.08,Bills,Debit Card,April
14-04-2025,Tata Cliq,16522.35,Online Shopping,Credit Card,April
26-06-2025,RedBus,778.58,Transport,UPI,June
01-04-2025,Chai Point,1463.69,Food,Net Banking,April
06-11-2025,Amazon,6358.14,Online Shopping,Net Banking,November
05-10-2025,Gas Agency,750.65,Bills,Credit Card,October
19-03-2025,Noise,63406.99,Electronics,Net Banking,March
02-12-2025,A2B,1188.1,Food,UPI,December
06-01-2025,Gas Agency,4627.62,Bills,Net Banking,January
17-08-2025,More Supermarket,4692.25,Grocery,Net Banking,August
22-08-2025,BSNL,563.56,Bills,Net Banking,August
23-06-2025,Ola,552,Transport,Debit Card,June
21-01-2025,Property Tax Online,2695.37,Bills,Debit Card,January
05-12-2025,Adidas,2902.99,Clothing,Net Banking,December
15-12-2025,Aster,17486.09,Healthcare,Net Banking,December
24-03-2025,Metro Rail,934.32,Transport,Net Banking,March
16-05-2025,Zee5,998.75,Entertainment,Net Banking,May
26-12-2025,TSRTC,1353.9,Transport,UPI,December
18-10-2025,Pantaloons,7335.58,Clothing,UPI,October
29-11-2025,BMTC,528.16,Transport,Debit Card,November
20-07-2025,Meesho,15425.01,Online Shopping,Credit Card,July
07-08-2025,Airtel,373.31,Bills,UPI,August
21-07-2025,Hotstar,573.32,Entertainment,Credit Card,July
09-09-2025,Paradise Biryani,1053.43,Food,Debit Card,September
25-08-2025,H&M,1290.08,Clothing,Debit Card,August
18-06-2025,Jio Fiber,5772.13,Bills,Net Banking,June
03-02-2025,Nilgiris,1332.19,Grocery,UPI,February
21-02-2025,IRCTC,10863.08,Travel,Credit Card,February
25-04-2025,Vodafone Idea,5688.98,Bills,Credit Card,April
17-11-2025,Spotify,180.11,Entertainment,Debit Card,November
09-03-2025,Zee5,559.74,Entertainment,Net Banking,March
20-08-2025,Amazon,13846.3,Online Shopping,Net Banking,August
04-08-2025,Vistara,21569.35,Travel,Debit Card,August
31-05-2025,Vodafone Idea,1027.05,Bills,Debit Card,May
26-09-2025,Star Bazaar,4271.15,Grocery,Debit Card,September
22-02-2025,1mg,7098.15,Healthcare,Credit Card,February
17-10-2025,Levis,3716.27,Clothing,UPI,October
04-06-2025,1mg,19086.61,Healthcare,UPI,June
09-03-2025,TSRTC,1642.04,Transport,Net Banking,March
29-05-2025,OYO,20542.81,Travel,Net Banking,May
24-08-2025,Netflix,464.03,Entertainment,Credit Card,August
14-05-2025,CloudNine,10954.89,Healthcare,Credit Card,May
21-08-2025,More Supermarket,460.41,Grocery,Credit Card,August
23-10-2025,Barbeque Nation,660.28,Food,Debit Card,October
02-12-2025,MakeMyTrip,27102.43,Travel,Debit Card,December
02-06-2025,Myntra,1535.2,Online Shopping,Credit Card,June
02-04-2025,Star Bazaar,2556.16,Grocery,Credit Card,April
14-10-2025,YouTube Premium,771.28,Entertainment,Net Banking,October
17-01-2025,Dell Exclusive,11295.98,Electronics,Net Banking,January
01-04-2025,Reliance Fresh,4766.7,Grocery,Net Banking,April
09-05-2025,US Polo,2691.77,Clothing,Debit Card,May
18-10-2025,Cream Stone,1454.25,Food,Net Banking,October
05-10-2025,Nilgiris,4714.2,Grocery,Credit Card,October
02-07-2025,Spotify,922.04,Entertainment,UPI,July
12-08-2025,Taco Bell,835.06,Food,Credit Card,August
13-11-2025,MakeMyTrip,21546.5,Travel,UPI,November
21-05-2025,A2B,1314.92,Food,Net Banking,May
06-03-2025,Nike,908.57,Clothing,UPI,March
06-10-2025,Apollo Hospital,8758.74,Healthcare,UPI,October
28-12-2025,Jio Fiber,4989.09,Bills,Credit Card,December
30-01-2025,Spencers,4824.53,Grocery,Credit Card,January
17-01-2025,Samsung Store,79769.83,Electronics,Credit Card,January
05-08-2025,Tata Cliq,3550.43,Online Shopping,Net Banking,August
19-05-2025,Nature's Basket,1396.5,Grocery,Debit Card,May
23-07-2025,Yatra,19808.36,Travel,Credit Card,July
31-07-2025,Subway,1281.49,Food,Credit Card,July
02-05-2025,H&M,2972.73,Clothing,Debit Card,May
09-08-2025,Yatra,19915.47,Travel,Debit Card,August
08-07-2025,Vistara,24813.44,Travel,Net Banking,July
17-07-2025,Lenskart,6744.25,Online Shopping,Debit Card,July
12-04-2025,Airtel,4563.77,Bills,Net Banking,April
22-08-2025,Yulu Bikes,1505.29,Transport,Credit Card,August
10-09-2025,Pepperfry,12376.97,Online Shopping,Debit Card,September
30-10-2025,Property Tax Online,4717.43,Bills,Credit Card,October
31-03-2025,Max Fashion,3960.05,Clothing,UPI,March
20-09-2025,MedPlus,5071.59,Healthcare,UPI,September
26-02-2025,Pizza Hut,954.3,Food,UPI,February
21-12-2025,Reliance Digital,113707.88,Electronics,UPI,December
07-09-2025,Kauvery,16200.21,Healthcare,Net Banking,September
02-10-2025,Apollo Hospital,8933.42,Healthcare,UPI,October
03-11-2025,Amazon,9178.18,Online Shopping,Credit Card,November
04-12-2025,Meesho,1616.55,Online Shopping,Net Banking,December
14-11-2025,Allen Solly,6372.78,Clothing,UPI,November
09-06-2025,Spotify,641.69,Entertainment,Credit Card,June
23-04-2025,Paradise Biryani,1118.37,Food,Debit Card,April
04-02-2025,BSNL,5727.99,Bills,Net Banking,February
17-02-2025,Ola,1358.39,Transport,Debit Card,February
10-06-2025,AirAsia,19378.18,Travel,Net Banking,June
15-09-2025,1mg,13834.03,Healthcare,Debit Card,September
13-06-2025,Jio Fiber,5616.71,Bills,UPI,June
04-12-2025,Meru Cabs,204.93,Transport,UPI,December
15-07-2025,Adidas,4343.95,Clothing,Debit Card,July
14-12-2025,YouTube Premium,435.93,Entertainment,Debit Card,December
22-03-2025,Apple Music,487.46,Entertainment,UPI,March
09-01-2025,Chai Point,122.67,Food,Credit Card,January
26-04-2025,Pepperfry,13710.93,Online Shopping,Debit Card,April
02-07-2025,BigBazaar,2836.4,Grocery,Credit Card,July
27-05-2025,IRCTC,5044.06,Travel,Credit Card,May
14-11-2025,CloudNine,11011.02,Healthcare,Credit Card,November
02-11-2025,AirAsia,4782.41,Travel,Net Banking,November
30-11-2025,SonyLiv,428.03,Entertainment,Credit Card,November
05-03-2025,Allen Solly,6428.35,Clothing,UPI,March
21-11-2025,Noise,33091.23,Electronics,Debit Card,November
31-12-2025,JioMart,4103.67,Grocery,Credit Card,December
17-10-2025,Gaana,641.8,Entertainment,UPI,October
21-05-2025,Reliance Digital,31262.56,Electronics,UPI,May
19-09-2025,Booking.com,20415.44,Travel,UPI,September
11-11-2025,A2B,433.52,Food,Net Banking,November
03-02-2025,Metro Rail,1835.57,Transport,UPI,February
02-12-2025,SonyLiv,942.2,Entertainment,Credit Card,December
09-04-2025,ACT Fibernet,3883.9,Bills,Debit Card,April
12-01-2025,Booking.com,2585.81,Travel,Net Banking,January
26-07-2025,Taco Bell,946.66,Food,Net Banking,July
29-01-2025,AirAsia,22949.75,Travel,Credit Card,January
20-05-2025,Amazon,3223.38,Online Shopping,Debit Card,May
20-09-2025,Zee5,371.29,Entertainment,Net Banking,September
08-11-2025,Rapido,78.01,Transport,Debit Card,November
15-12-2025,Pizza Hut,216.23,Food,Debit Card,December
12-12-2025,Cream Stone,788.97,Food,Debit Card,December
12-05-2025,Nike,1618.37,Clothing,UPI,May
11-11-2025,Yatra,23942.1,Travel,UPI,November
24-01-2025,Amazon,2942.83,Online Shopping,Debit Card,January
14-04-2025,Netflix,526.66,Entertainment,UPI,April
24-09-2025,Ola,1846.88,Transport,Debit Card,September
16-04-2025,YouTube Premium,675.13,Entertainment,Net Banking,April
21-02-2025,Max Fashion,5029.14,Clothing,Debit Card,February
19-08-2025,Max Fashion,7966.03,Clothing,UPI,August
25-05-2025,Apollo Hospital,19716.28,Healthcare,Debit Card,May
14-01-2025,Water Board,3959.34,Bills,Credit Card,January
30-05-2025,JioMart,2707.89,Grocery,Net Banking,May
31-05-2025,Subway,1156.55,Food,Debit Card,May
01-12-2025,BigBazaar,2107.99,Grocery,Credit Card,December
07-06-2025,Airtel,2339.86,Bills,Net Banking,June
30-03-2025,McDonalds,1121.87,Food,UPI,March
12-01-2025,McDonalds,503.35,Food,Debit Card,January
18-12-2025,Noise,132983.79,Electronics,Debit Card,December
05-09-2025,Snapdeal,14238.09,Online Shopping,Credit Card,September
23-06-2025,Adidas,5402.06,Clothing,Net Banking,June
28-02-2025,Meesho,12807.35,Online Shopping,Credit Card,February
08-03-2025,Uber,1042.48,Transport,Debit Card,March
10-04-2025,Hotstar,108.6,Entertainment,Debit Card,April
22-12-2025,Flipkart,4527.37,Online Shopping,Credit Card,December
10-04-2025,Aha,297.62,Entertainment,Credit Card,April
19-09-2025,CCD,1475.95,Food,Debit Card,September
18-11-2025,Aster,5988.39,Healthcare,Debit Card,November
09-09-2025,PharmEasy,16958.41,Healthcare,Credit Card,September
18-11-2025,Reliance Fresh,1297.41,Grocery,UPI,November
04-04-2025,TSRTC,614.46,Transport,Debit Card,April
21-03-2025,IndiGo,19343.15,Travel,Net Banking,March
29-12-2025,Aha,116.68,Entertainment,Credit Card,December
19-03-2025,HP World,75283.47,Electronics,UPI,March
30-11-2025,Netflix,856.09,Entertainment,UPI,November
16-09-2025,Flipkart,13215.36,Online Shopping,UPI,September
20-01-2025,TSRTC,1510.85,Transport,Credit Card,January
04-10-2025,IRCTC,10331.02,Travel,Net Banking,October
22-04-2025,IRCTC,20367.6,Travel,Net Banking,April
25-09-2025,Myntra,13078.26,Online Shopping,Debit Card,September
26-10-2025,Biba,1194.85,Clothing,UPI,October
11-01-2025,Subway,794.79,Food,Debit Card,January
16-03-2025,Nykaa,6162.79,Online Shopping,UPI,March
28-06-2025,Asus Store,127648.12,Electronics,Net Banking,June
13-02-2025,RedBus,1272.53,Transport,UPI,February
28-10-2025,Snapdeal,2338.78,Online Shopping,Net Banking,October
23-03-2025,Rapido,323.46,Transport,Net Banking,March
18-02-2025,Snapdeal,9772.6,Online Shopping,UPI,February
30-01-2025,JioMart,3073.1,Grocery,Net Banking,January
21-08-2025,Nykaa,12118.68,Online Shopping,UPI,August
05-11-2025,Kauvery,8555.09,Healthcare,Credit Card,November
04-12-2025,Zee5,758.6,Entertainment,Debit Card,December
08-09-2025,RedBus,1123.58,Transport,Net Banking,September
27-05-2025,Nike,962,Clothing,Credit Card,May
12-04-2025,Samsung Store,16602.59,Electronics,Debit Card,April
22-09-2025,DMart,2102.28,Grocery,Net Banking,September
16-01-2025,Metro Rail,926.51,Transport,Net Banking,January
08-12-2025,Apollo Hospital,13258.06,Healthcare,Net Banking,December
12-08-2025,Apollo Hospital,19125.2,Healthcare,UPI,August
04-03-2025,Vodafone Idea,5731.95,Bills,Credit Card,March
27-09-2025,Mi Store,58581.56,Electronics,Debit Card,September
20-09-2025,Flipkart,566.87,Online Shopping,Debit Card,September
26-08-2025,Metro Rail,745.89,Transport,Net Banking,August
04-07-2025,More Supermarket,4929.1,Grocery,Net Banking,July
18-07-2025,Uber,1311.53,Transport,Net Banking,July
23-03-2025,PharmEasy,17197.62,Healthcare,UPI,March
02-06-2025,Boat Lifestyle,38238.26,Electronics,UPI,June
02-06-2025,Pepperfry,7542.11,Online Shopping,UPI,June
28-07-2025,Dell Exclusive,31707.19,Electronics,Net Banking,July
11-07-2025,Puma,1649.96,Clothing,Credit Card,July
31-01-2025,Apollo Hospital,19833.79,Healthcare,Credit Card,January
25-03-2025,Paradise Biryani,518.26,Food,Net Banking,March
02-08-2025,JioMart,3823.39,Grocery,Credit Card,August
04-06-2025,Nature's Basket,4779.51,Grocery,UPI,June
25-10-2025,BigBazaar,4073.54,Grocery,Debit Card,October
15-10-2025,Puma,2389.46,Clothing,Debit Card,October
13-08-2025,ACT Fibernet,2465.76,Bills,Debit Card,August
17-05-2025,Zara,1412.52,Clothing,Net Banking,May
06-12-2025,Apple Music,607.69,Entertainment,UPI,December
24-03-2025,Jio Fiber,3604.11,Bills,UPI,March
16-04-2025,McDonalds,1301.23,Food,Net Banking,April
18-03-2025,ACT Fibernet,2752.93,Bills,Net Banking,March
08-07-2025,OYO,23059.53,Travel,Net Banking,July
05-12-2025,HP World,14877.76,Electronics,Credit Card,December
23-07-2025,US Polo,4850.75,Clothing,Debit Card,July
09-07-2025,Meru Cabs,477.9,Transport,Net Banking,July
27-09-2025,OYO,24801.03,Travel,Credit Card,September
22-10-2025,Flipkart,286.76,Online Shopping,Net Banking,October
19-11-2025,DMart,4783.12,Grocery,Credit Card,November
01-03-2025,DMart,3152.52,Grocery,Net Banking,March
23-10-2025,HP World,101116.47,Electronics,UPI,October
11-06-2025,A2B,1116.87,Food,Debit Card,June
06-07-2025,Apple Music,488.23,Entertainment,UPI,July
21-11-2025,SonyLiv,524.95,Entertainment,Net Banking,November
06-10-2025,Amazon,11223.33,Online Shopping,Debit Card,October
22-05-2025,Aster,16352.63,Healthcare,Debit Card,May
16-01-2025,RedBus,1971.01,Transport,Debit Card,January
12-11-2025,Amazon Prime,535.24,Entertainment,Debit Card,November
11-01-2025,Star Bazaar,3159.43,Grocery,Net Banking,January
10-06-2025,MakeMyTrip,640.84,Travel,UPI,June
05-07-2025,IndiGo,28206.88,Travel,Net Banking,July
09-06-2025,Reliance Fresh,2198.81,Grocery,Debit Card,June
28-12-2025,Vivo Store,4935.16,Electronics,Credit Card,December
11-12-2025,BMTC,1673.93,Transport,Credit Card,December
27-02-2025,Nature's Basket,1159.72,Grocery,Debit Card,February
05-09-2025,Burger King,821.55,Food,Credit Card,September
18-10-2025,Amazon Prime,176.3,Entertainment,Debit Card,October
20-09-2025,IRCTC,3978.95,Travel,Credit Card,September
27-02-2025,ACT Fibernet,5296.41,Bills,UPI,February
13-02-2025,Wrogn,2251.02,Clothing,Net Banking,February
14-08-2025,Jio Fiber,1730.49,Bills,UPI,August
29-03-2025,Jio Fiber,1374.86,Bills,Debit Card,March
08-07-2025,Kauvery,7809.54,Healthcare,UPI,July
23-03-2025,BMTC,655.93,Transport,Net Banking,March
31-07-2025,Hotstar,851.05,Entertainment,Debit Card,July
29-06-2025,Allen Solly,939.33,Clothing,Net Banking,June
11-11-2025,Rapido,498.47,Transport,Net Banking,November
26-04-2025,Zee5,234.22,Entertainment,Debit Card,April
15-09-2025,YouTube Premium,691.42,Entertainment,Net Banking,September
19-05-2025,Dell Exclusive,79491.82,Electronics,Credit Card,May
20-09-2025,Boat Lifestyle,146331.65,Electronics,UPI,September
19-07-2025,Fortis,1297.44,Healthcare,Credit Card,July
28-01-2025,TSRTC,1651.99,Transport,Debit Card,January
23-12-2025,MedPlus,3550.2,Healthcare,Debit Card,December
20-04-2025,Water Board,5928.27,Bills,Credit Card,April
21-05-2025,Uber,1209.25,Transport,Credit Card,May
12-06-2025,Spencers,2999.86,Grocery,Debit Card,June
16-03-2025,YouTube Premium,484.4,Entertainment,Net Banking,March
06-08-2025,Tata Cliq,8840.36,Online Shopping,UPI,August
25-12-2025,Gas Agency,209.64,Bills,Debit Card,December
01-12-2025,Netflix,790.81,Entertainment,Net Banking,December
07-09-2025,Yulu Bikes,1098.48,Transport,Net Banking,September
23-11-2025,Levis,3014.29,Clothing,Credit Card,November
31-07-2025,Samsung Store,50016.88,Electronics,Debit Card,July
31-07-2025,YouTube Premium,253.51,Entertainment,Net Banking,July
23-02-2025,Saravana Bhavan,310.8,Food,Credit Card,February
21-03-2025,Allen Solly,5466.37,Clothing,Debit Card,March
06-03-2025,Kauvery,7040.07,Healthcare,Credit Card,March
29-09-2025,Zee5,607.1,Entertainment,UPI,September
11-03-2025,Hotstar,749.91,Entertainment,Debit Card,March
28-07-2025,Yatra,5642,Travel,Credit Card,July
19-07-2025,Netmeds,631.93,Healthcare,Debit Card,July
08-10-2025,SonyLiv,589.94,Entertainment,Net Banking,October
28-07-2025,Netflix,578.47,Entertainment,Debit Card,July
15-05-2025,TSRTC,522.06,Transport,Credit Card,May
01-08-2025,Netflix,537.56,Entertainment,Credit Card,August
01-09-2025,Nilgiris,3891.9,Grocery,UPI,September
05-04-2025,Vistara,14203.67,Travel,Debit Card,April
26-07-2025,BSNL,468.96,Bills,Credit Card,July
14-04-2025,PharmEasy,5037.71,Healthcare,Net Banking,April
02-06-2025,Zee5,425.49,Entertainment,Debit Card,June
16-05-2025,Yulu Bikes,190.7,Transport,Debit Card,May
21-02-2025,BigBazaar,1816.51,Grocery,Credit Card,February
06-04-2025,MakeMyTrip,11530.4,Travel,Net Banking,April
15-01-2025,Levis,1520.24,Clothing,Credit Card,January
21-01-2025,Puma,5466.06,Clothing,UPI,January
19-07-2025,BMTC,349.03,Transport,Credit Card,July
21-07-2025,JioMart,909.13,Grocery,Net Banking,July
19-01-2025,Water Board,5152.11,Bills,Debit Card,January
30-03-2025,Nature's Basket,457.84,Grocery,Net Banking,March
10-07-2025,TSRTC,285.51,Transport,Net Banking,July
20-06-2025,Saravana Bhavan,965.8,Food,Credit Card,June
30-11-2025,Spotify,773,Entertainment,Credit Card,November
29-08-2025,Pantaloons,4596.03,Clothing,Credit Card,August
16-08-2025,McDonalds,1341.12,Food,Debit Card,August
18-01-2025,Noise,135639.59,Electronics,Net Banking,January
17-12-2025,Mi Store,108589.35,Electronics,UPI,December
05-12-2025,Pepperfry,5348.52,Online Shopping,Debit Card,December
13-07-2025,Jio Fiber,1887.68,Bills,Net Banking,July
21-07-2025,Adidas,879.51,Clothing,Debit Card,July
01-05-2025,KFC,1286.83,Food,Credit Card,May
20-08-2025,Spotify,646.66,Entertainment,Net Banking,August
21-04-2025,1mg,143.98,Healthcare,UPI,April
26-12-2025,Gaana,681.09,Entertainment,Debit Card,December
30-11-2025,Samsung Store,142335.33,Electronics,Credit Card,November
12-12-2025,Airtel,4867.06,Bills,Net Banking,December
04-09-2025,Dell Exclusive,108503.42,Electronics,Net Banking,September
02-05-2025,Rapido,1706.19,Transport,Credit Card,May
11-04-2025,Netflix,576.59,Entertainment,Net Banking,April
16-07-2025,RedBus,107.32,Transport,Net Banking,July
15-05-2025,Barbeque Nation,164.68,Food,Debit Card,May
18-12-2025,Metro Rail,760.93,Transport,Credit Card,December
30-09-2025,Vodafone Idea,2807.76,Bills,Net Banking,September
25-07-2025,Airtel,4482.73,Bills,Debit Card,July
27-08-2025,Noise,92164.99,Electronics,Net Banking,August
23-01-2025,SonyLiv,587.47,Entertainment,Debit Card,January
19-03-2025,Airtel,3858,Bills,Net Banking,March
13-02-2025,Ola,66.7,Transport,UPI,February
07-04-2025,Uber,1814.75,Transport,Credit Card,April
11-12-2025,Gas Agency,5382.03,Bills,Debit Card,December
08-09-2025,Amazon Prime,169.81,Entertainment,UPI,September
13-01-2025,Metro Rail,1297.2,Transport,Net Banking,January
21-09-2025,Levis,4447.13,Clothing,UPI,September
03-07-2025,Metro Rail,854.7,Transport,Debit Card,July
17-08-2025,ACT Fibernet,5309.96,Bills,Net Banking,August
03-12-2025,Apple Music,775.61,Entertainment,Credit Card,December
26-08-2025,Hotstar,550.41,Entertainment,Credit Card,August
12-11-2025,Spencers,2613.92,Grocery,Net Banking,November
14-06-2025,Yatra,9915.56,Travel,Debit Card,June
25-12-2025,Aha,850.46,Entertainment,UPI,December
20-08-2025,JioMart,2852.53,Grocery,UPI,August
24-10-2025,Sony Center,53961.41,Electronics,Debit Card,October
03-09-2025,Meru Cabs,826.16,Transport,Net Banking,September
20-10-2025,ACT Fibernet,5029.87,Bills,Debit Card,October
02-05-2025,Kauvery,12716.61,Healthcare,Credit Card,May
27-04-2025,H&M,7129.58,Clothing,UPI,April
05-03-2025,McDonalds,759.62,Food,UPI,March
28-12-2025,Snapdeal,358.96,Online Shopping,Net Banking,December
02-03-2025,BMTC,1509.21,Transport,UPI,March
03-08-2025,IRCTC,1859.33,Travel,Debit Card,August
28-06-2025,SonyLiv,889.59,Entertainment,UPI,June
09-02-2025,Vivo Store,66136.49,Electronics,Debit Card,February
17-08-2025,Water Board,1019.65,Bills,UPI,August
16-01-2025,Vivo Store,92748.59,Electronics,Net Banking,January
28-01-2025,Booking.com,25533.41,Travel,UPI,January
14-11-2025,Air India,1130.03,Travel,Debit Card,November
04-06-2025,Mi Store,55246.56,Electronics,Debit Card,June
07-05-2025,SonyLiv,859.35,Entertainment,UPI,May
11-01-2025,Dell Exclusive,14122.69,Electronics,UPI,January
28-08-2025,CCD,1060.84,Food,Net Banking,August
05-08-2025,Max Fashion,5945.68,Clothing,Debit Card,August
30-08-2025,Vivo Store,127722.09,Electronics,Net Banking,August
20-04-2025,Flipkart,2433.45,Online Shopping,UPI,April
28-11-2025,Vodafone Idea,3175.29,Bills,Debit Card,November
18-03-2025,Paradise Biryani,483.57,Food,Debit Card,March
12-06-2025,Apollo Pharmacy,4264.4,Healthcare,Debit Card,June
24-12-2025,Yatra,2658.22,Travel,Credit Card,December
18-07-2025,ACT Fibernet,5600.23,Bills,UPI,July
06-09-2025,Pizza Hut,704.03,Food,Net Banking,September
19-07-2025,Star Bazaar,1712,Grocery,Credit Card,July
10-03-2025,Netflix,650.49,Entertainment,Net Banking,March
28-09-2025,TSRTC,1832.42,Transport,Debit Card,September
13-10-2025,Vistara,24941.9,Travel,UPI,October
28-08-2025,Amazon Prime,294.2,Entertainment,Credit Card,August
07-12-2025,Croma,133441.33,Electronics,Debit Card,December
31-05-2025,Max Fashion,6567.11,Clothing,UPI,May
07-06-2025,Asus Store,36950.21,Electronics,UPI,June
08-05-2025,Zara,5294.32,Clothing,UPI,May
10-08-2025,Mi Store,67650.08,Electronics,Credit Card,August
24-09-2025,Property Tax Online,1439.73,Bills,Net Banking,September
11-07-2025,Ola,381.13,Transport,Net Banking,July
28-01-2025,Zara,7427.75,Clothing,UPI,January
11-03-2025,Apple Store,94787.15,Electronics,Credit Card,March
25-09-2025,CCD,320.24,Food,Debit Card,September
09-09-2025,Apollo Pharmacy,9056.75,Healthcare,Net Banking,September
21-03-2025,OnePlus,42520.16,Electronics,UPI,March
29-08-2025,IndiGo,24634.82,Travel,Credit Card,August
29-10-2025,Yulu Bikes,783.3,Transport,Credit Card,October
21-07-2025,Nike,3589.14,Clothing,Net Banking,July
15-04-2025,Sony Center,130769.25,Electronics,UPI,April
27-06-2025,Flipkart,14249.83,Online Shopping,Net Banking,June
27-08-2025,Tata Cliq,5130.67,Online Shopping,Debit Card,August
26-04-2025,Reliance Fresh,2210.33,Grocery,Net Banking,April
20-12-2025,Jio Fiber,3379.39,Bills,Credit Card,December
26-06-2025,Netflix,323.89,Entertainment,Credit Card,June
01-05-2025,Saravana Bhavan,1373.49,Food,Credit Card,May
11-01-2025,McDonalds,832.06,Food,UPI,January
03-01-2025,Metro Rail,1198.27,Transport,Credit Card,January
22-05-2025,YouTube Premium,682.19,Entertainment,Credit Card,May
28-04-2025,Vivo Store,23595.43,Electronics,Net Banking,April
07-06-2025,1mg,8503.35,Healthcare,Credit Card,June
25-09-2025,Nature's Basket,464.29,Grocery,Net Banking,September
05-07-2025,RedBus,185.62,Transport,Net Banking,July
10-12-2025,Star Bazaar,878.85,Grocery,Debit Card,December
01-09-2025,Pepperfry,6602.31,Online Shopping,Credit Card,September
13-05-2025,Goibibo,19512.95,Travel,UPI,May
30-11-2025,H&M,3660.58,Clothing,Net Banking,November
13-11-2025,BigBazaar,283.91,Grocery,Debit Card,November
28-10-2025,Rapido,1611.78,Transport,Credit Card,October
05-02-2025,Goibibo,20562.67,Travel,Credit Card,February
21-01-2025,1mg,4372.62,Healthcare,Debit Card,January
05-08-2025,Spencers,4757.68,Grocery,Debit Card,August
20-07-2025,Amazon Prime,547.65,Entertainment,UPI,July
20-06-2025,BSNL,2952.37,Bills,Net Banking,June
18-03-2025,MedPlus,4821.2,Healthcare,Net Banking,March
31-10-2025,Noise,124289.1,Electronics,Credit Card,October
08-09-2025,Amazon,9011.81,Online Shopping,Debit Card,September
02-05-2025,Nilgiris,205.84,Grocery,UPI,May
11-08-2025,Aha,859.26,Entertainment,Debit Card,August
02-03-2025,Netmeds,11498.46,Healthcare,Debit Card,March
10-08-2025,Amazon,17755.57,Online Shopping,Credit Card,August
05-10-2025,Apollo Hospital,9134.79,Healthcare,UPI,October
03-08-2025,JioMart,4216.61,Grocery,UPI,August
14-11-2025,Rapido,499.69,Transport,Net Banking,November
21-01-2025,MakeMyTrip,14252.88,Travel,Debit Card,January
08-08-2025,Yatra,9989.62,Travel,Credit Card,August
15-10-2025,DMart,1666.05,Grocery,Debit Card,October
28-02-2025,Burger King,405.39,Food,Debit Card,February
01-10-2025,Nilgiris,4853.78,Grocery,Debit Card,October
20-06-2025,Water Board,553.91,Bills,Credit Card,June
25-05-2025,JioMart,1512.5,Grocery,Credit Card,May
28-06-2025,Reliance Digital,144078.13,Electronics,Net Banking,June
28-04-2025,Mi Store,56109.46,Electronics,Debit Card,April
17-07-2025,Apple Store,50233.05,Electronics,UPI,July
23-02-2025,Tata Cliq,19851.25,Online Shopping,Debit Card,February
06-01-2025,Nykaa,7049.25,Online Shopping,Net Banking,January
04-07-2025,IndiGo,7819.07,Travel,Debit Card,July
22-10-2025,MakeMyTrip,8415.36,Travel,Net Banking,October
08-08-2025,Pepperfry,19219.37,Online Shopping,Debit Card,August
24-11-2025,KFC,1290.28,Food,Debit Card,November
04-10-2025,Dominos,437.35,Food,Credit Card,October
08-09-2025,AirAsia,26793.52,Travel,Debit Card,September
11-10-2025,OnePlus,88734.45,Electronics,Net Banking,October
01-10-2025,Rapido,1870.68,Transport,UPI,October
16-06-2025,Samsung Store,42400.58,Electronics,Credit Card,June
11-08-2025,Gas Agency,1534.07,Bills,Debit Card,August
31-01-2025,Uber,1923.06,Transport,Debit Card,January
14-10-2025,Nykaa,1185.47,Online Shopping,UPI,October
08-04-2025,Puma,929.92,Clothing,Credit Card,April
15-01-2025,SonyLiv,533.46,Entertainment,Credit Card,January
02-11-2025,Meru Cabs,1694.09,Transport,UPI,November
27-08-2025,Samsung Store,135305.43,Electronics,Net Banking,August
18-12-2025,Meesho,12643,Online Shopping,Credit Card,December
29-04-2025,Fortis,10604.59,Healthcare,Credit Card,April
30-08-2025,BSNL,4223.78,Bills,Debit Card,August
09-11-2025,Puma,3579.47,Clothing,Debit Card,November
20-08-2025,Allen Solly,4545.81,Clothing,Debit Card,August
23-04-2025,IndiGo,28427.3,Travel,Credit Card,April
19-05-2025,Property Tax Online,2607.26,Bills,Net Banking,May
22-07-2025,Vodafone Idea,1078.03,Bills,Net Banking,July
17-05-2025,Aster,2910.19,Healthcare,Debit Card,May
08-11-2025,Pantaloons,2350.47,Clothing,Credit Card,November
15-12-2025,Lenskart,6917.11,Online Shopping,Net Banking,December
25-11-2025,Aha,124.71,Entertainment,Credit Card,November
05-06-2025,Lenskart,11815.71,Online Shopping,Debit Card,June
03-04-2025,MedPlus,12811.89,Healthcare,Net Banking,April
11-07-2025,US Polo,6257.24,Clothing,UPI,July
22-02-2025,1mg,4218.64,Healthcare,Credit Card,February
11-05-2025,Levis,4866.36,Clothing,Debit Card,May
25-05-2025,Vodafone Idea,1998.65,Bills,Debit Card,May
19-03-2025,Kauvery,7454.69,Healthcare,Debit Card,March
21-09-2025,Burger King,696.54,Food,Net Banking,September
26-11-2025,DMart,944.6,Grocery,Net Banking,November
15-11-2025,Pantaloons,4576.88,Clothing,Net Banking,November
28-03-2025,Air India,26465.55,Travel,Net Banking,March
18-08-2025,Zee5,943.39,Entertainment,Credit Card,August
02-12-2025,Yulu Bikes,384.45,Transport,UPI,December
13-02-2025,Dell Exclusive,13275.14,Electronics,Net Banking,February
22-01-2025,Samsung Store,13940.59,Electronics,UPI,January
03-12-2025,Zara,1727.17,Clothing,Net Banking,December
23-03-2025,Puma,2279.28,Clothing,Debit Card,March
13-10-2025,IRCTC,9639.1,Travel,Debit Card,October
11-03-2025,Nilgiris,2398.55,Grocery,UPI,March
03-06-2025,Asus Store,86163.84,Electronics,UPI,June
13-06-2025,HP World,111282.19,Electronics,Debit Card,June
08-10-2025,BigBazaar,3365.54,Grocery,Debit Card,October
04-07-2025,Boat Lifestyle,130222.15,Electronics,Credit Card,July
15-04-2025,Reliance Fresh,2632.12,Grocery,Credit Card,April
28-11-2025,Fortis,3482.26,Healthcare,Net Banking,November
23-05-2025,Rapido,616.19,Transport,UPI,May
15-12-2025,Apollo Hospital,19668.04,Healthcare,Debit Card,December
30-06-2025,BMTC,806.24,Transport,Debit Card,June
10-02-2025,TSRTC,1918.24,Transport,Credit Card,February
24-02-2025,Asus Store,16273.23,Electronics,Credit Card,February
14-08-2025,Dell Exclusive,137861.13,Electronics,UPI,August
18-01-2025,Nykaa,4621.93,Online Shopping,Net Banking,January
21-01-2025,SonyLiv,485.8,Entertainment,UPI,January
18-01-2025,YouTube Premium,319.57,Entertainment,Net Banking,January
30-09-2025,Myntra,3989.52,Online Shopping,Debit Card,September
15-04-2025,Zee5,866.9,Entertainment,Debit Card,April
06-12-2025,Burger King,848.66,Food,Debit Card,December
22-06-2025,Air India,9039.33,Travel,UPI,June
11-09-2025,Hotstar,713.45,Entertainment,Credit Card,September
09-05-2025,Yatra,28053.2,Travel,Debit Card,May
03-07-2025,Reliance Fresh,2972.75,Grocery,Credit Card,July
02-05-2025,Meru Cabs,1034.54,Transport,Debit Card,May
28-03-2025,Boat Lifestyle,130878.31,Electronics,UPI,March
04-08-2025,Apple Store,121281.21,Electronics,Credit Card,August
19-09-2025,Aha,906.79,Entertainment,Debit Card,September
19-03-2025,ACT Fibernet,3114.42,Bills,Debit Card,March
10-06-2025,IndiGo,15811.57,Travel,Credit Card,June
18-01-2025,PharmEasy,17579.58,Healthcare,UPI,January
05-05-2025,Zee5,944.71,Entertainment,UPI,May
26-05-2025,Boat Lifestyle,30941.12,Electronics,Credit Card,May
23-09-2025,Nilgiris,4114.69,Grocery,Credit Card,September
07-07-2025,IndiGo,10686.84,Travel,UPI,July
25-06-2025,Flipkart,16637.23,Online Shopping,Net Banking,June
24-07-2025,Airtel,3137.48,Bills,UPI,July
13-06-2025,Samsung Store,76007.97,Electronics,Credit Card,June
30-08-2025,TNEB,3380.87,Bills,UPI,August
01-05-2025,Star Bazaar,1177.37,Grocery,UPI,May
13-09-2025,Spencers,1458.15,Grocery,Credit Card,September
02-10-2025,Uber,1132.2,Transport,Credit Card,October
18-06-2025,Max Fashion,3511.29,Clothing,Debit Card,June
01-12-2025,Ola,253.6,Transport,Credit Card,December
09-02-2025,OYO,4022.34,Travel,UPI,February
25-04-2025,Booking.com,7938.85,Travel,Net Banking,April
18-04-2025,JioMart,953.63,Grocery,Net Banking,April
08-04-2025,Tata Cliq,6378.67,Online Shopping,Debit Card,April
07-03-2025,1mg,13258.71,Healthcare,Net Banking,March
17-05-2025,Nike,7571.87,Clothing,Debit Card,May
01-04-2025,RedBus,719.38,Transport,Debit Card,April
30-08-2025,Meru Cabs,1996.63,Transport,Net Banking,August
22-01-2025,Starbucks,1063.59,Food,Debit Card,January
18-06-2025,Saravana Bhavan,755.39,Food,Credit Card,June
25-04-2025,Nike,1374.84,Clothing,UPI,April
30-07-2025,ACT Fibernet,1453.81,Bills,Credit Card,July
13-02-2025,Water Board,1101.52,Bills,Credit Card,February
02-03-2025,Star Bazaar,605.55,Grocery,Credit Card,March
21-07-2025,BMTC,1586.46,Transport,UPI,July
06-10-2025,Apple Music,472,Entertainment,Net Banking,October
27-03-2025,Uber,377.95,Transport,Credit Card,March
19-10-2025,Spencers,2782.74,Grocery,Net Banking,October
26-06-2025,Amazon,10718.93,Online Shopping,Debit Card,June
30-06-2025,OnePlus,52662.59,Electronics,UPI,June
17-05-2025,CCD,334.85,Food,Debit Card,May
12-01-2025,Goibibo,7622.82,Travel,Net Banking,January
17-09-2025,Spencers,1954.96,Grocery,Net Banking,September
19-10-2025,Pantaloons,3376.6,Clothing,Net Banking,October
23-05-2025,Metro Rail,1171.69,Transport,Debit Card,May
11-09-2025,Amazon Prime,348.28,Entertainment,Credit Card,September
28-01-2025,1mg,19647.12,Healthcare,Credit Card,January
14-12-2025,BigBazaar,1790.99,Grocery,Net Banking,December
02-12-2025,Hotstar,253.94,Entertainment,Credit Card,December
09-12-2025,Airtel,262.08,Bills,Net Banking,December
25-12-2025,1mg,17519.65,Healthcare,Credit Card,December
08-03-2025,Reliance Digital,85222.62,Electronics,Debit Card,March
17-08-2025,H&M,5927.61,Clothing,Debit Card,August
25-07-2025,Metro Rail,1655.87,Transport,Net Banking,July
17-12-2025,Jio Fiber,5738.35,Bills,Net Banking,December
28-01-2025,TNEB,4851.88,Bills,UPI,January
25-01-2025,CloudNine,324.01,Healthcare,UPI,January
25-01-2025,Pepperfry,7142.65,Online Shopping,Net Banking,January
21-11-2025,CCD,474.74,Food,Credit Card,November
23-04-2025,Netflix,597.74,Entertainment,Credit Card,April
24-01-2025,Wrogn,2762.96,Clothing,UPI,January
14-04-2025,Ola,571.06,Transport,Net Banking,April
31-01-2025,Booking.com,21983.23,Travel,Credit Card,January
10-09-2025,Adidas,5039.96,Clothing,UPI,September
31-08-2025,Pizza Hut,860.87,Food,Debit Card,August
29-04-2025,McDonalds,1195.86,Food,UPI,April
18-01-2025,BSNL,1985.56,Bills,Credit Card,January
14-11-2025,Air India,6837.32,Travel,UPI,November
25-02-2025,Ajio,17317.51,Online Shopping,Net Banking,February
10-07-2025,Cream Stone,829.23,Food,Debit Card,July
07-08-2025,Apple Store,68606.18,Electronics,UPI,August
09-10-2025,Reliance Digital,59659.25,Electronics,Credit Card,October
29-06-2025,Adidas,5626.87,Clothing,UPI,June
22-08-2025,Nilgiris,720.88,Grocery,Net Banking,August
28-12-2025,Apple Store,107710.79,Electronics,Net Banking,December
13-03-2025,Chai Point,158.17,Food,Net Banking,March
08-06-2025,Pepperfry,6077.15,Online Shopping,Credit Card,June
17-04-2025,Yulu Bikes,935.7,Transport,Net Banking,April
05-04-2025,Boat Lifestyle,129838.71,Electronics,Debit Card,April
06-09-2025,Puma,6605.5,Clothing,Credit Card,September
12-08-2025,CloudNine,12257.07,Healthcare,UPI,August
22-12-2025,Cream Stone,965.4,Food,Credit Card,December
14-08-2025,1mg,18751.65,Healthcare,Credit Card,August
24-04-2025,Star Bazaar,347.72,Grocery,Net Banking,April
30-03-2025,Aster,17752.43,Healthcare,UPI,March
18-08-2025,MakeMyTrip,15380.45,Travel,UPI,August
06-02-2025,ACT Fibernet,472.02,Bills,Net Banking,February
04-01-2025,Ola,457.38,Transport,Net Banking,January
09-08-2025,Star Bazaar,3273.11,Grocery,Net Banking,August
25-09-2025,Dominos,1178.81,Food,Debit Card,September
20-05-2025,TSRTC,597.44,Transport,UPI,May
18-09-2025,YouTube Premium,615.44,Entertainment,Credit Card,September
19-05-2025,KFC,1453,Food,Credit Card,May
29-03-2025,Vodafone Idea,3962.22,Bills,Credit Card,March
21-06-2025,Vistara,24608.91,Travel,Net Banking,June
13-11-2025,Apple Store,22777.65,Electronics,Net Banking,November
10-12-2025,Noise,67605.71,Electronics,Debit Card,December
23-09-2025,Flipkart,12256.15,Online Shopping,Debit Card,September
10-01-2025,Meru Cabs,1579.39,Transport,Debit Card,January
20-08-2025,Jio Fiber,3999.16,Bills,Net Banking,August
12-10-2025,PharmEasy,14753.31,Healthcare,UPI,October
22-08-2025,Booking.com,7381.07,Travel,Net Banking,August
20-04-2025,Rapido,1505.29,Transport,Net Banking,April
06-03-2025,CloudNine,1550.7,Healthcare,Credit Card,March
11-06-2025,Apollo Hospital,14183.56,Healthcare,Debit Card,June
17-02-2025,Spencers,3201.66,Grocery,Net Banking,February
11-06-2025,Pepperfry,424.82,Online Shopping,Net Banking,June
10-10-2025,Property Tax Online,5213.97,Bills,UPI,October
16-07-2025,Nilgiris,2877.93,Grocery,UPI,July
24-05-2025,Vivo Store,109340.31,Electronics,Credit Card,May
24-02-2025,Booking.com,22509.82,Travel,Net Banking,February
14-01-2025,Netmeds,8968.21,Healthcare,Credit Card,January
11-04-2025,RedBus,1219.11,Transport,UPI,April
30-09-2025,Pizza Hut,1297.94,Food,Net Banking,September
13-04-2025,Nike,3897.94,Clothing,Credit Card,April
29-10-2025,TSRTC,1307.97,Transport,Debit Card,October
03-06-2025,Burger King,216.23,Food,Debit Card,June
06-07-2025,ACT Fibernet,5869.12,Bills,Net Banking,July
18-05-2025,Noise,114743.01,Electronics,UPI,May
01-12-2025,Reliance Fresh,2740.91,Grocery,Debit Card,December
27-07-2025,Lenskart,19530.43,Online Shopping,Credit Card,July
18-09-2025,Burger King,979.72,Food,Credit Card,September
11-11-2025,BigBazaar,3535.7,Grocery,Debit Card,November
29-04-2025,Tata Cliq,15588.18,Online Shopping,Debit Card,April
02-06-2025,Metro Rail,63.7,Transport,Debit Card,June
27-09-2025,Subway,857.46,Food,Debit Card,September
09-01-2025,A2B,1013.95,Food,Credit Card,January
19-11-2025,CloudNine,4343.22,Healthcare,Debit Card,November
20-06-2025,Boat Lifestyle,61030.43,Electronics,UPI,June
23-02-2025,Barbeque Nation,1003.14,Food,Credit Card,February
18-05-2025,Reliance Digital,133932.78,Electronics,Net Banking,May
05-09-2025,Kauvery,9389.85,Healthcare,Net Banking,September
14-11-2025,US Polo,1185.75,Clothing,UPI,November
09-03-2025,Saravana Bhavan,1325.94,Food,Credit Card,March
22-12-2025,Gaana,464.89,Entertainment,UPI,December
27-04-2025,Netflix,833.04,Entertainment,Net Banking,April
27-06-2025,Myntra,12430.23,Online Shopping,Net Banking,June
02-03-2025,Snapdeal,12748.07,Online Shopping,UPI,March
10-11-2025,Woodland,6977.13,Clothing,UPI,November
03-03-2025,CCD,1076.89,Food,Credit Card,March
28-06-2025,Amazon Prime,451.16,Entertainment,UPI,June
29-01-2025,YouTube Premium,707.97,Entertainment,Credit Card,January
29-10-2025,BMTC,266.49,Transport,UPI,October
24-07-2025,Woodland,3562.18,Clothing,Debit Card,July
01-08-2025,Lenskart,11971.09,Online Shopping,Net Banking,August
07-12-2025,Levis,5516.14,Clothing,UPI,December
18-11-2025,TNEB,4623.56,Bills,Debit Card,November
17-01-2025,Netflix,769.57,Entertainment,UPI,January
14-05-2025,Netmeds,15397.97,Healthcare,Debit Card,May
01-10-2025,Vodafone Idea,2309.54,Bills,UPI,October
21-04-2025,IndiGo,26593.08,Travel,Credit Card,April
10-03-2025,Uber,419.49,Transport,Net Banking,March
07-09-2025,Jio Fiber,2230.22,Bills,Net Banking,September
16-03-2025,TNEB,5833.66,Bills,Credit Card,March
29-10-2025,Apollo Hospital,15800.99,Healthcare,Credit Card,October
31-10-2025,Pizza Hut,137.13,Food,Debit Card,October
28-02-2025,Snapdeal,15867.55,Online Shopping,UPI,February
13-04-2025,Spencers,3400.35,Grocery,Credit Card,April
28-08-2025,Cream Stone,349.79,Food,Debit Card,August
03-05-2025,HP World,112728.73,Electronics,Net Banking,May
26-04-2025,Starbucks,927.66,Food,Debit Card,April
10-07-2025,Nike,588.6,Clothing,Credit Card,July
19-03-2025,Metro Rail,690.11,Transport,Net Banking,March
19-03-2025,Star Bazaar,3328.29,Grocery,Credit Card,March
16-05-2025,Zara,2503.97,Clothing,Debit Card,May
08-03-2025,Gaana,878.44,Entertainment,UPI,March
21-09-2025,Puma,1899.67,Clothing,Debit Card,September
27-04-2025,Paradise Biryani,1218.52,Food,UPI,April
03-03-2025,Wrogn,2807.77,Clothing,Credit Card,March
21-09-2025,Apollo Hospital,12307.85,Healthcare,Debit Card,September
28-01-2025,Air India,27017.71,Travel,Debit Card,January
31-05-2025,Jio Fiber,5297.86,Bills,Credit Card,May
15-12-2025,TSRTC,1551.74,Transport,Debit Card,December
13-10-2025,Yulu Bikes,154.95,Transport,Net Banking,October
31-03-2025,Lenskart,13619.91,Online Shopping,Credit Card,March
14-06-2025,Gas Agency,3820.89,Bills,Credit Card,June
02-07-2025,Pepperfry,6851.61,Online Shopping,Debit Card,July
28-03-2025,Reliance Fresh,1688.13,Grocery,UPI,March
26-05-2025,Metro Rail,1927.43,Transport,Net Banking,May
09-03-2025,Yulu Bikes,853.17,Transport,UPI,March
19-06-2025,Apple Store,80607.73,Electronics,UPI,June
29-10-2025,Tata Cliq,5429.89,Online Shopping,Debit Card,October
22-06-2025,AirAsia,7592.29,Travel,UPI,June
30-03-2025,Star Bazaar,1232.51,Grocery,Net Banking,March
13-04-2025,Meesho,9983.64,Online Shopping,UPI,April
20-08-2025,OYO,28542.97,Travel,Credit Card,August
08-11-2025,Uber,909.95,Transport,Net Banking,November
10-05-2025,Apple Music,497.89,Entertainment,Debit Card,May
26-07-2025,Airtel,1309.84,Bills,UPI,July
17-05-2025,Myntra,3452.25,Online Shopping,UPI,May
12-10-2025,Cream Stone,804.52,Food,Debit Card,October
28-01-2025,Taco Bell,1071.87,Food,UPI,January
08-11-2025,Nature's Basket,4983.93,Grocery,UPI,November
30-07-2025,Zara,5166.44,Clothing,Debit Card,July
28-08-2025,SonyLiv,269.44,Entertainment,Net Banking,August
04-12-2025,Vivo Store,13710.93,Electronics,Debit Card,December
10-04-2025,Lenskart,10162.11,Online Shopping,Credit Card,April
23-03-2025,TNEB,5381.99,Bills,UPI,March
03-09-2025,Apollo Pharmacy,19202.67,Healthcare,Credit Card,September
28-05-2025,Nature's Basket,2537.1,Grocery,Net Banking,May
15-09-2025,PharmEasy,7546.04,Healthcare,Net Banking,September
02-02-2025,Nature's Basket,3266.79,Grocery,UPI,February
28-09-2025,H&M,630.17,Clothing,Net Banking,September
06-07-2025,Barbeque Nation,259.35,Food,Net Banking,July
29-12-2025,Apollo Hospital,8706.88,Healthcare,Net Banking,December
01-05-2025,JioMart,1246.39,Grocery,UPI,May
05-06-2025,Gaana,894,Entertainment,UPI,June
02-03-2025,OnePlus,97789.2,Electronics,Net Banking,March
11-10-2025,Wrogn,1925.96,Clothing,Debit Card,October
19-07-2025,KFC,444.67,Food,Credit Card,July
06-08-2025,Netmeds,1884.51,Healthcare,Credit Card,August
16-10-2025,Gaana,781.06,Entertainment,Net Banking,October
01-04-2025,Vivo Store,94107.4,Electronics,Net Banking,April
19-03-2025,Gas Agency,5815.26,Bills,UPI,March
22-02-2025,Woodland,1949.57,Clothing,Credit Card,February
26-04-2025,Spotify,354.1,Entertainment,UPI,April
03-11-2025,Netflix,407.32,Entertainment,Credit Card,November
25-10-2025,Lenskart,11883.2,Online Shopping,Debit Card,October
07-06-2025,Lenskart,19214.11,Online Shopping,Credit Card,June
24-09-2025,ACT Fibernet,3926.34,Bills,Net Banking,September
14-12-2025,JioMart,1561,Grocery,Credit Card,December
21-01-2025,PharmEasy,19414.47,Healthcare,UPI,January
11-11-2025,Snapdeal,15075.17,Online Shopping,Debit Card,November
24-09-2025,Nature's Basket,260.86,Grocery,Net Banking,September
28-10-2025,TNEB,785.25,Bills,Debit Card,October
21-07-2025,Cream Stone,639.1,Food,Credit Card,July
19-12-2025,Meesho,14621.3,Online Shopping,Debit Card,December
29-07-2025,Woodland,2572.64,Clothing,Debit Card,July
26-10-2025,Nilgiris,1690.2,Grocery,Credit Card,October
18-03-2025,ACT Fibernet,1926.48,Bills,Net Banking,March
12-03-2025,Flipkart,12531.42,Online Shopping,Debit Card,March
02-04-2025,Spencers,2247.59,Grocery,Credit Card,April
02-09-2025,Hotstar,580.52,Entertainment,UPI,September
30-08-2025,TNEB,5814.86,Bills,Net Banking,August
08-10-2025,Nature's Basket,2091.85,Grocery,Credit Card,October
25-09-2025,McDonalds,1168.67,Food,Net Banking,September
18-04-2025,Mi Store,135013.48,Electronics,UPI,April
03-02-2025,Property Tax Online,4963.66,Bills,Debit Card,February
26-09-2025,HP World,89771.51,Electronics,UPI,September
01-04-2025,Flipkart,8923.43,Online Shopping,Net Banking,April
04-12-2025,YouTube Premium,571.25,Entertainment,Debit Card,December
01-05-2025,Mi Store,52876.14,Electronics,Credit Card,May
01-07-2025,TNEB,5387.3,Bills,Net Banking,July
03-12-2025,Reliance Fresh,1043.15,Grocery,Credit Card,December
04-02-2025,HP World,17150.19,Electronics,Credit Card,February
08-01-2025,Aster,9836.8,Healthcare,Net Banking,January
26-12-2025,TSRTC,255.94,Transport,Debit Card,December
15-07-2025,Levis,6472.55,Clothing,Net Banking,July
07-11-2025,Rapido,1461.28,Transport,Credit Card,November
28-02-2025,Spotify,542.49,Entertainment,Credit Card,February
06-01-2025,Zee5,889.64,Entertainment,Credit Card,January
29-06-2025,Spotify,274.84,Entertainment,Debit Card,June
14-03-2025,Booking.com,20138.79,Travel,Credit Card,March
26-12-2025,Nykaa,12502.98,Online Shopping,UPI,December
16-07-2025,Adidas,2955.93,Clothing,Net Banking,July
25-05-2025,Gaana,244.2,Entertainment,Credit Card,May
19-07-2025,Goibibo,20404.24,Travel,Credit Card,July
08-01-2025,Fortis,4313.28,Healthcare,Debit Card,January
19-01-2025,PharmEasy,18988.72,Healthcare,UPI,January
11-08-2025,Nilgiris,4079.37,Grocery,Net Banking,August
18-03-2025,TSRTC,1076.4,Transport,Credit Card,March
01-04-2025,Jio Fiber,3938.66,Bills,Debit Card,April
18-10-2025,Vistara,6502.89,Travel,Credit Card,October
10-09-2025,Star Bazaar,1450.74,Grocery,UPI,September
03-08-2025,Gaana,665.43,Entertainment,Net Banking,August
11-05-2025,Croma,22031.05,Electronics,UPI,May
07-04-2025,Flipkart,14998.43,Online Shopping,Net Banking,April
25-07-2025,Boat Lifestyle,140136.15,Electronics,Debit Card,July
05-05-2025,OYO,16908.45,Travel,Credit Card,May
12-03-2025,Dominos,640.21,Food,Credit Card,March
17-04-2025,Aster,595.03,Healthcare,UPI,April
13-02-2025,Jio Fiber,250.58,Bills,Credit Card,February
26-04-2025,Barbeque Nation,799.35,Food,Net Banking,April
09-10-2025,Zee5,996.44,Entertainment,Credit Card,October
24-05-2025,Reliance Fresh,2095.95,Grocery,UPI,May
26-02-2025,Netmeds,12736.28,Healthcare,Debit Card,February
02-09-2025,Lenskart,18399.14,Online Shopping,Debit Card,September
28-03-2025,Snapdeal,4568.44,Online Shopping,Debit Card,March
23-05-2025,Apollo Pharmacy,8224.19,Healthcare,Debit Card,May
14-12-2025,Nature's Basket,4812.56,Grocery,Credit Card,December
18-02-2025,More Supermarket,2737.33,Grocery,Net Banking,February
05-05-2025,Dell Exclusive,11715.27,Electronics,Credit Card,May
13-12-2025,Netmeds,13949.88,Healthcare,Credit Card,December
29-04-2025,Puma,2905.73,Clothing,Credit Card,April
07-01-2025,Starbucks,994.92,Food,Credit Card,January
13-09-2025,IRCTC,29064.27,Travel,Net Banking,September
13-09-2025,Myntra,13488.98,Online Shopping,Credit Card,September
13-11-2025,Ajio,6414.89,Online Shopping,UPI,November
06-11-2025,Levis,7136.27,Clothing,Debit Card,November
01-04-2025,Yulu Bikes,721.93,Transport,Credit Card,April
05-11-2025,Reliance Fresh,3825.55,Grocery,Net Banking,November
24-06-2025,Spotify,705.51,Entertainment,UPI,June
26-05-2025,Pantaloons,6237.02,Clothing,Credit Card,May
11-10-2025,Zee5,300.07,Entertainment,Net Banking,October
26-11-2025,BMTC,1475.04,Transport,Credit Card,November
03-08-2025,Woodland,4993.45,Clothing,Credit Card,August
19-04-2025,Snapdeal,13227.06,Online Shopping,Net Banking,April
11-11-2025,Ajio,11141.03,Online Shopping,Credit Card,November
12-01-2025,OnePlus,100422.25,Electronics,Net Banking,January
20-08-2025,Netmeds,13883.15,Healthcare,Debit Card,August
20-11-2025,Ola,1285.91,Transport,Credit Card,November
29-07-2025,Goibibo,22144.04,Travel,Debit Card,July
31-05-2025,MakeMyTrip,23459.81,Travel,Net Banking,May
28-12-2025,Fortis,8108.46,Healthcare,Net Banking,December
23-12-2025,Reliance Digital,51298.36,Electronics,UPI,December
01-04-2025,Max Fashion,7202.35,Clothing,Debit Card,April
04-11-2025,Jio Fiber,3241.37,Bills,Net Banking,November
03-11-2025,Flipkart,3080.65,Online Shopping,UPI,November
05-12-2025,Vistara,10399.09,Travel,Debit Card,December
14-02-2025,Nykaa,3569.39,Online Shopping,Net Banking,February
25-06-2025,SonyLiv,917.54,Entertainment,Net Banking,June
17-06-2025,Aha,389.38,Entertainment,Credit Card,June
05-02-2025,AirAsia,26963.02,Travel,Credit Card,February
20-02-2025,Hotstar,151.65,Entertainment,UPI,February
06-01-2025,Sony Center,65315.68,Electronics,Net Banking,January
02-01-2025,TSRTC,1400.82,Transport,Credit Card,January
07-02-2025,A2B,1492.08,Food,Net Banking,February
20-12-2025,Croma,95646.1,Electronics,Net Banking,December
26-09-2025,Samsung Store,28673.15,Electronics,UPI,September
29-06-2025,Water Board,1563.47,Bills,Debit Card,June
06-07-2025,Gas Agency,633.61,Bills,Credit Card,July
24-03-2025,ACT Fibernet,5752.49,Bills,UPI,March
02-07-2025,Star Bazaar,4725.38,Grocery,Debit Card,July
05-08-2025,1mg,7402.97,Healthcare,Debit Card,August
18-05-2025,More Supermarket,3870.5,Grocery,Credit Card,May
01-05-2025,Ajio,6143.51,Online Shopping,UPI,May
29-07-2025,Dell Exclusive,59745.71,Electronics,Credit Card,July
25-12-2025,Kauvery,16756.93,Healthcare,Credit Card,December
16-02-2025,More Supermarket,1879.26,Grocery,Debit Card,February
15-06-2025,Apollo Pharmacy,15451.66,Healthcare,Debit Card,June
09-11-2025,Aster,144.16,Healthcare,Net Banking,November
09-02-2025,Wrogn,6484.38,Clothing,Net Banking,February
24-01-2025,Vistara,6190.34,Travel,Net Banking,January
15-11-2025,DMart,2404.45,Grocery,Debit Card,November
18-08-2025,BSNL,1987.38,Bills,UPI,August
10-06-2025,Chai Point,1274.19,Food,Debit Card,June
02-10-2025,Amazon,6433.75,Online Shopping,Net Banking,October
28-10-2025,Sony Center,10957.26,Electronics,Net Banking,October
29-01-2025,Burger King,577.81,Food,UPI,January
09-03-2025,Vistara,14143.03,Travel,UPI,March
18-08-2025,Booking.com,13671,Travel,Credit Card,August
23-01-2025,Nature's Basket,3212.51,Grocery,Credit Card,January
23-08-2025,Spencers,3898.01,Grocery,Debit Card,August
04-06-2025,Meesho,13556.07,Online Shopping,Net Banking,June
30-11-2025,McDonalds,1230.32,Food,Credit Card,November
21-06-2025,MakeMyTrip,1718.55,Travel,Credit Card,June
01-12-2025,CloudNine,13883.41,Healthcare,Credit Card,December
25-08-2025,Apollo Hospital,3657.69,Healthcare,Debit Card,August
02-08-2025,CloudNine,15892.38,Healthcare,Credit Card,August
31-01-2025,IndiGo,15924.65,Travel,UPI,January
22-02-2025,Goibibo,24250.56,Travel,Net Banking,February
13-10-2025,Yulu Bikes,867.64,Transport,Debit Card,October
28-08-2025,Ajio,8902.32,Online Shopping,Credit Card,August
04-02-2025,Goibibo,6301.12,Travel,UPI,February
22-04-2025,KFC,620.26,Food,Debit Card,April
20-07-2025,Apple Store,36269.36,Electronics,Debit Card,July
08-08-2025,Gas Agency,5004.44,Bills,Debit Card,August
07-10-2025,Fortis,1467.77,Healthcare,UPI,October
25-05-2025,Burger King,1474.91,Food,Debit Card,May
16-04-2025,Netflix,792.6,Entertainment,Net Banking,April
18-06-2025,US Polo,7248.93,Clothing,Net Banking,June
11-03-2025,1mg,18350.66,Healthcare,UPI,March
22-02-2025,PharmEasy,8683.2,Healthcare,Net Banking,February
21-02-2025,Samsung Store,118113.13,Electronics,Credit Card,February
06-06-2025,HP World,107537.16,Electronics,Net Banking,June
07-05-2025,Adidas,1880.8,Clothing,Credit Card,May
29-01-2025,Puma,5033.97,Clothing,Credit Card,January
21-08-2025,Saravana Bhavan,314.54,Food,UPI,August
02-02-2025,PharmEasy,19772.72,Healthcare,Debit Card,February
12-07-2025,Ola,1673.07,Transport,Debit Card,July
19-07-2025,DMart,1194.63,Grocery,Credit Card,July
30-10-2025,OnePlus,96493.98,Electronics,UPI,October
08-06-2025,US Polo,5840.7,Clothing,Credit Card,June
23-12-2025,Reliance Digital,124561.33,Electronics,Debit Card,December
14-01-2025,Spotify,232.72,Entertainment,Net Banking,January
27-10-2025,OYO,17278.34,Travel,UPI,October
12-12-2025,Nykaa,12970.53,Online Shopping,Credit Card,December
30-07-2025,Barbeque Nation,289.69,Food,Credit Card,July
04-07-2025,CCD,1080.35,Food,Debit Card,July
23-03-2025,Snapdeal,7642.88,Online Shopping,UPI,March
24-04-2025,DMart,2246.71,Grocery,Net Banking,April
23-04-2025,Aster,16776.2,Healthcare,Credit Card,April
30-05-2025,Vistara,15332.82,Travel,Debit Card,May
17-01-2025,BMTC,177.26,Transport,Credit Card,January
28-05-2025,Noise,18067,Electronics,Net Banking,May
03-10-2025,OnePlus,73937.47,Electronics,Credit Card,October
20-09-2025,Boat Lifestyle,114285.92,Electronics,Debit Card,September
27-04-2025,Tata Cliq,14489.34,Online Shopping,Credit Card,April
13-06-2025,Water Board,447.12,Bills,Debit Card,June
21-10-2025,Saravana Bhavan,306.46,Food,Credit Card,October
10-05-2025,Aha,124.09,Entertainment,Credit Card,May
31-10-2025,Biba,1306.65,Clothing,Debit Card,October
15-10-2025,Ajio,4482.29,Online Shopping,UPI,October
15-05-2025,Amazon,6816.61,Online Shopping,Debit Card,May
26-06-2025,McDonalds,590.89,Food,Debit Card,June
19-12-2025,H&M,5305.84,Clothing,Net Banking,December
25-07-2025,Apollo Hospital,14740.35,Healthcare,Credit Card,July
12-05-2025,Croma,13524.12,Electronics,UPI,May
01-06-2025,Croma,138557.16,Electronics,Debit Card,June
09-09-2025,Ola,1607.41,Transport,UPI,September
22-06-2025,Pantaloons,7803.51,Clothing,UPI,June
29-11-2025,YouTube Premium,649.14,Entertainment,Debit Card,November
28-06-2025,Lenskart,11166.54,Online Shopping,UPI,June
17-02-2025,Samsung Store,28206,Electronics,Credit Card,February
24-05-2025,Goibibo,10177.08,Travel,Credit Card,May
04-02-2025,Tata Cliq,9986.03,Online Shopping,Credit Card,February
05-05-2025,Property Tax Online,4924.38,Bills,UPI,May
19-02-2025,Reliance Fresh,4479.54,Grocery,UPI,February
05-06-2025,HP World,148880.57,Electronics,Credit Card,June
09-03-2025,US Polo,1725.88,Clothing,Debit Card,March
31-01-2025,Snapdeal,18276.61,Online Shopping,Debit Card,January
23-11-2025,Apollo Pharmacy,11558.83,Healthcare,Net Banking,November
09-07-2025,Ajio,18804,Online Shopping,Net Banking,July
24-03-2025,Flipkart,18493.62,Online Shopping,UPI,March
18-04-2025,Netflix,757.53,Entertainment,UPI,April
07-12-2025,BMTC,1525.38,Transport,UPI,December
25-04-2025,KFC,1112.01,Food,Credit Card,April
17-09-2025,Amazon,18803.98,Online Shopping,Net Banking,September
14-07-2025,Croma,149593.13,Electronics,Debit Card,July
14-03-2025,US Polo,7587.1,Clothing,Debit Card,March
19-05-2025,Air India,4727.39,Travel,Net Banking,May
02-09-2025,Saravana Bhavan,583.89,Food,Net Banking,September
01-09-2025,Water Board,3679.02,Bills,Credit Card,September
08-08-2025,Goibibo,5018.5,Travel,UPI,August
05-09-2025,Gaana,120.73,Entertainment,Debit Card,September
20-02-2025,Pantaloons,826.94,Clothing,UPI,February
01-09-2025,Adidas,7308.22,Clothing,Credit Card,September
28-03-2025,Lenskart,14181,Online Shopping,Debit Card,March
06-04-2025,Asus Store,126529.62,Electronics,Net Banking,April
04-03-2025,Hotstar,231.84,Entertainment,Credit Card,March
26-11-2025,Aha,229.89,Entertainment,Net Banking,November
26-04-2025,Chai Point,800.04,Food,Net Banking,April
21-03-2025,Nike,2489.94,Clothing,Net Banking,March
17-01-2025,CloudNine,9532.38,Healthcare,Debit Card,January
10-05-2025,Air India,28566.19,Travel,UPI,May
06-07-2025,SonyLiv,222.85,Entertainment,Net Banking,July
12-02-2025,Nature's Basket,3716.86,Grocery,UPI,February
27-05-2025,Yatra,17116.99,Travel,Debit Card,May
31-07-2025,1mg,11134.31,Healthcare,UPI,July
29-05-2025,Boat Lifestyle,12137.62,Electronics,Net Banking,May
22-12-2025,Vodafone Idea,3159.96,Bills,UPI,December
22-01-2025,Aster,496.73,Healthcare,Net Banking,January
28-03-2025,Ola,941.31,Transport,UPI,March
30-12-2025,BSNL,3209.71,Bills,Net Banking,December
17-07-2025,PharmEasy,15309.57,Healthcare,Credit Card,July
20-10-2025,Nature's Basket,3823.68,Grocery,UPI,October
06-09-2025,KFC,541.01,Food,UPI,September
27-03-2025,More Supermarket,2120.71,Grocery,Credit Card,March
25-08-2025,Apollo Hospital,785,Healthcare,Debit Card,August
30-09-2025,1mg,14582.07,Healthcare,Net Banking,September
23-10-2025,Rapido,1911.37,Transport,Credit Card,October
02-09-2025,ACT Fibernet,5705.34,Bills,Credit Card,September
15-02-2025,Pantaloons,1000.59,Clothing,Credit Card,February
27-11-2025,Woodland,4323.63,Clothing,UPI,November
30-09-2025,YouTube Premium,270.47,Entertainment,Debit Card,September
29-07-2025,1mg,3670.41,Healthcare,Credit Card,July
22-06-2025,SonyLiv,996.14,Entertainment,Net Banking,June
01-04-2025,Meru Cabs,1330.9,Transport,Net Banking,April
08-05-2025,YouTube Premium,492.12,Entertainment,Net Banking,May
27-01-2025,Woodland,3037.51,Clothing,Credit Card,January
23-08-2025,YouTube Premium,448.78,Entertainment,UPI,August
09-05-2025,Nilgiris,1984.03,Grocery,UPI,May
21-08-2025,Ajio,495.2,Online Shopping,UPI,August
29-07-2025,1mg,5966.86,Healthcare,UPI,July
12-04-2025,Woodland,6077.79,Clothing,Debit Card,April
11-06-2025,Paradise Biryani,1091.28,Food,UPI,June
16-07-2025,Nilgiris,1903.08,Grocery,UPI,July
08-06-2025,Air India,26694.78,Travel,Net Banking,June
01-07-2025,H&M,1225.15,Clothing,Net Banking,July
05-03-2025,Pantaloons,2574.11,Clothing,Credit Card,March
18-05-2025,Jio Fiber,3620.32,Bills,Debit Card,May
31-05-2025,Flipkart,12282.51,Online Shopping,Net Banking,May
09-02-2025,Gas Agency,5615.83,Bills,Debit Card,February
01-12-2025,Kauvery,12388,Healthcare,UPI,December
06-02-2025,Spencers,3347.79,Grocery,Debit Card,February
31-07-2025,Air India,9980.26,Travel,Net Banking,July
30-10-2025,Aster,6307.37,Healthcare,Net Banking,October
26-12-2025,A2B,1061.67,Food,UPI,December
12-10-2025,BigBazaar,444.84,Grocery,Credit Card,October
31-07-2025,YouTube Premium,336.09,Entertainment,Debit Card,July
21-11-2025,Jio Fiber,978.61,Bills,Debit Card,November
05-04-2025,Ola,721.83,Transport,Credit Card,April
01-01-2025,More Supermarket,3025.08,Grocery,UPI,January
24-11-2025,US Polo,2118.96,Clothing,Debit Card,November
15-02-2025,Sony Center,77877.7,Electronics,Credit Card,February
24-01-2025,Pepperfry,672.53,Online Shopping,Net Banking,January
04-09-2025,Dominos,444.4,Food,Credit Card,September
01-10-2025,Apollo Hospital,13171.88,Healthcare,Net Banking,October
19-04-2025,Fortis,6903.73,Healthcare,Debit Card,April
03-11-2025,Samsung Store,35067.78,Electronics,Net Banking,November
07-08-2025,Zara,6095.3,Clothing,Net Banking,August
02-06-2025,Netmeds,9767.87,Healthcare,UPI,June
22-06-2025,Flipkart,3579.59,Online Shopping,Debit Card,June
15-05-2025,Yulu Bikes,848.88,Transport,Net Banking,May
15-04-2025,Amazon Prime,907.18,Entertainment,Debit Card,April
11-05-2025,Saravana Bhavan,483.77,Food,UPI,May
28-11-2025,Nykaa,1614.22,Online Shopping,Credit Card,November
19-08-2025,Metro Rail,887.57,Transport,UPI,August
28-05-2025,TSRTC,741.71,Transport,UPI,May
23-01-2025,Meesho,2291.27,Online Shopping,UPI,January
14-03-2025,Tata Cliq,10871.57,Online Shopping,Debit Card,March
02-04-2025,BSNL,5271.77,Bills,Net Banking,April
12-05-2025,BSNL,4713.24,Bills,Credit Card,May
03-09-2025,1mg,9094.59,Healthcare,Net Banking,September
01-03-2025,Croma,112609.25,Electronics,Net Banking,March
16-02-2025,Jio Fiber,4415.83,Bills,UPI,February
16-03-2025,BigBazaar,4168.64,Grocery,Credit Card,March
28-05-2025,Water Board,1075.87,Bills,Net Banking,May
06-03-2025,Samsung Store,121541.52,Electronics,Credit Card,March
19-04-2025,OYO,2924.72,Travel,Debit Card,April
27-09-2025,Netmeds,10397.24,Healthcare,Credit Card,September
18-04-2025,Aster,10797.11,Healthcare,Debit Card,April
19-09-2025,Burger King,466.37,Food,Net Banking,September
20-07-2025,KFC,395.42,Food,Credit Card,July
12-02-2025,Air India,21065.82,Travel,Debit Card,February
27-06-2025,BSNL,2344.67,Bills,Credit Card,June
17-04-2025,Biba,5205.98,Clothing,Debit Card,April
16-03-2025,IRCTC,8160.58,Travel,UPI,March
20-02-2025,BigBazaar,4917.56,Grocery,Credit Card,February
30-04-2025,Yatra,14834.64,Travel,Net Banking,April
13-02-2025,A2B,345.43,Food,Net Banking,February
29-03-2025,Hotstar,632.75,Entertainment,Credit Card,March
09-05-2025,Aha,263.64,Entertainment,UPI,May
27-03-2025,RedBus,526.74,Transport,UPI,March
20-06-2025,Burger King,712.88,Food,Credit Card,June
11-12-2025,IndiGo,18219.06,Travel,Credit Card,December
30-01-2025,Pizza Hut,1022.11,Food,Credit Card,January
18-07-2025,Goibibo,7982.16,Travel,Debit Card,July
22-02-2025,Apollo Pharmacy,8579.84,Healthcare,Debit Card,February
28-10-2025,Spotify,375.8,Entertainment,Net Banking,October
29-03-2025,Yulu Bikes,650.37,Transport,Net Banking,March
31-08-2025,PharmEasy,6970.24,Healthcare,Debit Card,August
20-08-2025,1mg,7207.73,Healthcare,Debit Card,August
04-03-2025,Netmeds,8860.5,Healthcare,UPI,March
26-12-2025,Netmeds,14849.22,Healthcare,Credit Card,December
30-10-2025,Aster,19804.34,Healthcare,Net Banking,October
22-03-2025,Aha,609.42,Entertainment,Credit Card,March
03-08-2025,Aha,114.14,Entertainment,UPI,August
22-03-2025,Hotstar,151.37,Entertainment,UPI,March
03-01-2025,Gaana,680.57,Entertainment,Net Banking,January
27-11-2025,KFC,860.4,Food,Debit Card,November
15-05-2025,Puma,5863.93,Clothing,Net Banking,May
10-05-2025,Kauvery,11263.37,Healthcare,UPI,May
14-11-2025,Starbucks,338.06,Food,Credit Card,November
15-09-2025,Asus Store,47388.62,Electronics,Credit Card,September
14-06-2025,Hotstar,737.84,Entertainment,Debit Card,June
23-08-2025,Amazon Prime,960.71,Entertainment,UPI,August
12-03-2025,Apple Music,431.04,Entertainment,UPI,March
18-04-2025,TSRTC,553.14,Transport,Net Banking,April
16-05-2025,H&M,5039.41,Clothing,Net Banking,May
29-01-2025,Dell Exclusive,99280.4,Electronics,Credit Card,January
24-02-2025,Myntra,5371.26,Online Shopping,Credit Card,February
14-05-2025,Aster,2699.63,Healthcare,Net Banking,May
18-08-2025,Metro Rail,1162.99,Transport,Net Banking,August
26-02-2025,Booking.com,9820.03,Travel,Credit Card,February
07-05-2025,Ajio,12544.96,Online Shopping,Net Banking,May
25-08-2025,Dominos,482.19,Food,Credit Card,August
27-04-2025,Samsung Store,39903.69,Electronics,UPI,April
26-04-2025,IndiGo,15245.47,Travel,UPI,April
20-03-2025,Apple Store,123940.66,Electronics,Net Banking,March
31-01-2025,BSNL,341.27,Bills,Net Banking,January
12-03-2025,Tata Cliq,4065.72,Online Shopping,Debit Card,March
01-08-2025,TNEB,3242.79,Bills,Net Banking,August
14-05-2025,Meesho,12969.3,Online Shopping,UPI,May
26-09-2025,Dominos,1318.19,Food,UPI,September
20-09-2025,OYO,7445.81,Travel,UPI,September
06-06-2025,Jio Fiber,1305.65,Bills,Debit Card,June
27-03-2025,Nature's Basket,2522.84,Grocery,Net Banking,March
04-03-2025,A2B,307.1,Food,UPI,March
01-03-2025,BSNL,1111.62,Bills,Credit Card,March
01-02-2025,DMart,1304.12,Grocery,Debit Card,February
12-10-2025,Nike,6574.14,Clothing,Net Banking,October
05-05-2025,Apple Music,986.71,Entertainment,Credit Card,May
08-12-2025,Sony Center,142056.21,Electronics,Debit Card,December
17-03-2025,Mi Store,21490.12,Electronics,Net Banking,March
02-06-2025,Star Bazaar,4964.93,Grocery,UPI,June
29-06-2025,Nature's Basket,1245.26,Grocery,Debit Card,June
02-09-2025,Reliance Digital,58198.82,Electronics,Net Banking,September
02-11-2025,OnePlus,110248.5,Electronics,UPI,November
26-12-2025,Pizza Hut,624.91,Food,UPI,December
25-05-2025,Pepperfry,11115.73,Online Shopping,Debit Card,May
28-02-2025,Spotify,385.51,Entertainment,UPI,February
20-07-2025,Booking.com,29023.05,Travel,Debit Card,July
16-04-2025,BMTC,908.32,Transport,Net Banking,April
04-05-2025,Aster,3796.92,Healthcare,Net Banking,May
13-05-2025,Aster,2375.84,Healthcare,Debit Card,May
08-05-2025,DMart,2158.85,Grocery,Credit Card,May
22-06-2025,Kauvery,4846.6,Healthcare,UPI,June
19-12-2025,Hotstar,803.19,Entertainment,UPI,December
24-10-2025,MedPlus,15391,Healthcare,UPI,October
06-02-2025,Vivo Store,21489.9,Electronics,UPI,February
30-07-2025,Nike,7739.9,Clothing,Credit Card,July
07-07-2025,McDonalds,467.53,Food,Net Banking,July
08-06-2025,DMart,4424.72,Grocery,UPI,June
31-03-2025,Apple Store,148561.26,Electronics,Credit Card,March
13-08-2025,Aha,231.22,Entertainment,Debit Card,August
18-08-2025,Boat Lifestyle,48827.09,Electronics,Net Banking,August
12-06-2025,Nykaa,6968.62,Online Shopping,UPI,June
07-03-2025,Ajio,13112.23,Online Shopping,Debit Card,March
19-07-2025,PharmEasy,7459.84,Healthcare,Credit Card,July
11-12-2025,RedBus,343.44,Transport,Net Banking,December
17-01-2025,More Supermarket,3857.46,Grocery,UPI,January
19-02-2025,Ola,1498.28,Transport,Debit Card,February
07-01-2025,Paradise Biryani,592.3,Food,Credit Card,January
25-08-2025,Netflix,108.24,Entertainment,Debit Card,August
14-11-2025,Saravana Bhavan,878.04,Food,Credit Card,November
11-07-2025,Water Board,3144.87,Bills,Net Banking,July
02-01-2025,Jio Fiber,2515.66,Bills,UPI,January
23-10-2025,Cream Stone,906.34,Food,UPI,October
27-12-2025,SonyLiv,416.98,Entertainment,Credit Card,December
29-09-2025,YouTube Premium,383.96,Entertainment,Net Banking,September
20-05-2025,BSNL,1047.88,Bills,Net Banking,May
19-09-2025,Apple Music,845.62,Entertainment,Net Banking,September
25-11-2025,Meru Cabs,1320.65,Transport,Credit Card,November
25-11-2025,Puma,2695.61,Clothing,UPI,November
08-10-2025,Aster,1192.32,Healthcare,UPI,October
27-08-2025,Myntra,18180.97,Online Shopping,UPI,August
22-04-2025,Apollo Hospital,15198.37,Healthcare,Debit Card,April
30-01-2025,Netflix,156.21,Entertainment,Net Banking,January
19-12-2025,Pantaloons,4597.53,Clothing,UPI,December
06-05-2025,KFC,522.46,Food,Debit Card,May
07-02-2025,Hotstar,793.2,Entertainment,Credit Card,February
10-08-2025,Gaana,446.57,Entertainment,Net Banking,August
28-08-2025,CloudNine,15834.14,Healthcare,Credit Card,August
19-01-2025,Adidas,1798.5,Clothing,Credit Card,January
10-12-2025,Property Tax Online,3592.68,Bills,Net Banking,December
30-12-2025,BSNL,3990.39,Bills,UPI,December
24-02-2025,Kauvery,10309.67,Healthcare,Credit Card,February
13-05-2025,Subway,1169.58,Food,UPI,May
04-02-2025,Asus Store,111699.19,Electronics,Credit Card,February
01-08-2025,PharmEasy,17808.22,Healthcare,Net Banking,August
26-12-2025,Pantaloons,2317.99,Clothing,Debit Card,December
15-03-2025,Taco Bell,839.78,Food,Credit Card,March
26-04-2025,RedBus,1568.78,Transport,Debit Card,April
08-09-2025,Metro Rail,1907.45,Transport,UPI,September
10-11-2025,PharmEasy,5290.71,Healthcare,UPI,November
31-03-2025,YouTube Premium,634.24,Entertainment,UPI,March
27-10-2025,Apollo Hospital,9357.7,Healthcare,Credit Card,October
09-12-2025,Adidas,1353.49,Clothing,Net Banking,December
01-04-2025,Paradise Biryani,1135.72,Food,Debit Card,April
20-04-2025,Saravana Bhavan,358.75,Food,Debit Card,April
17-04-2025,BMTC,699.68,Transport,UPI,April
06-11-2025,BSNL,1266.88,Bills,Credit Card,November
29-07-2025,Zee5,258.96,Entertainment,UPI,July
18-01-2025,Dell Exclusive,118132.96,Electronics,Net Banking,January
03-04-2025,PharmEasy,13808.61,Healthcare,Net Banking,April
23-07-2025,CCD,728.79,Food,Debit Card,July
18-03-2025,Sony Center,108094.4,Electronics,Debit Card,March
13-05-2025,Snapdeal,7801,Online Shopping,Net Banking,May
01-04-2025,Aha,727.1,Entertainment,UPI,April
20-10-2025,Vistara,16640.76,Travel,Net Banking,October
24-07-2025,Nilgiris,687.74,Grocery,Credit Card,July
18-12-2025,Zee5,369.97,Entertainment,Credit Card,December
27-11-2025,Property Tax Online,827.51,Bills,Credit Card,November
18-01-2025,SonyLiv,970.44,Entertainment,UPI,January
04-10-2025,Yulu Bikes,1833.97,Transport,Credit Card,October
30-06-2025,Property Tax Online,883.96,Bills,UPI,June
05-12-2025,Lenskart,8797.59,Online Shopping,Credit Card,December
19-10-2025,Goibibo,6511.05,Travel,Credit Card,October
08-03-2025,MedPlus,11760.51,Healthcare,Credit Card,March
27-12-2025,Pepperfry,16640.33,Online Shopping,Debit Card,December
06-04-2025,Noise,120504.79,Electronics,UPI,April
06-12-2025,Airtel,5558.59,Bills,Credit Card,December
09-03-2025,SonyLiv,527.67,Entertainment,Debit Card,March
18-08-2025,Subway,1015.66,Food,Debit Card,August
16-02-2025,Wrogn,4954.95,Clothing,Credit Card,February
19-08-2025,Meru Cabs,447.91,Transport,Credit Card,August
15-04-2025,Ola,1271.31,Transport,UPI,April
28-03-2025,Barbeque Nation,553.83,Food,Credit Card,March
20-12-2025,Star Bazaar,3439.36,Grocery,Net Banking,December
26-06-2025,RedBus,1098.82,Transport,Credit Card,June
25-08-2025,MedPlus,11321.18,Healthcare,Credit Card,August
28-06-2025,OYO,17611.91,Travel,Credit Card,June
05-07-2025,Burger King,321.77,Food,Net Banking,July
09-02-2025,Meru Cabs,1770.42,Transport,Net Banking,February
14-03-2025,YouTube Premium,330.43,Entertainment,Credit Card,March
28-12-2025,McDonalds,575.4,Food,Credit Card,December
01-11-2025,Uber,1112.87,Transport,Credit Card,November
09-01-2025,Zee5,612.57,Entertainment,Net Banking,January
23-01-2025,Yulu Bikes,1373.24,Transport,Credit Card,January
25-10-2025,Dell Exclusive,4495.65,Electronics,Net Banking,October
08-09-2025,Property Tax Online,5743.73,Bills,UPI,September
13-03-2025,Goibibo,6383.6,Travel,Credit Card,March
21-11-2025,Vistara,27693.69,Travel,Net Banking,November
13-07-2025,Ola,1462.74,Transport,Debit Card,July
02-11-2025,Amazon,4425.76,Online Shopping,Credit Card,November
09-11-2025,JioMart,3385.09,Grocery,UPI,November
28-03-2025,Flipkart,6339.73,Online Shopping,Debit Card,March
02-11-2025,Aster,6075.29,Healthcare,UPI,November
30-06-2025,Lenskart,3813.31,Online Shopping,Net Banking,June
26-09-2025,Star Bazaar,4098.19,Grocery,Credit Card,September
19-08-2025,OYO,19274.05,Travel,Net Banking,August
27-07-2025,Allen Solly,7031.59,Clothing,Credit Card,July
28-10-2025,CloudNine,17157.54,Healthcare,Debit Card,October
06-01-2025,Saravana Bhavan,908.77,Food,UPI,January
31-03-2025,Asus Store,141439.95,Electronics,Credit Card,March
17-02-2025,Amazon,14363.27,Online Shopping,Credit Card,February
13-07-2025,Meesho,18048.14,Online Shopping,Net Banking,July
09-03-2025,Chai Point,1180.26,Food,UPI,March
12-02-2025,US Polo,1577.46,Clothing,Debit Card,February
21-02-2025,Star Bazaar,1147.12,Grocery,Debit Card,February
09-03-2025,Asus Store,83614.7,Electronics,Debit Card,March
07-10-2025,BSNL,2156.31,Bills,Debit Card,October
20-04-2025,Noise,113497.6,Electronics,Debit Card,April
18-12-2025,Chai Point,475.39,Food,Debit Card,December
08-02-2025,BSNL,201.57,Bills,Debit Card,February
01-09-2025,Yulu Bikes,1657.09,Transport,Debit Card,September
19-02-2025,Ajio,14643.59,Online Shopping,Debit Card,February
05-12-2025,Tata Cliq,6354.54,Online Shopping,Net Banking,December
16-10-2025,Reliance Fresh,2530.51,Grocery,UPI,October
29-06-2025,Booking.com,4914.36,Travel,Net Banking,June
05-09-2025,Saravana Bhavan,445.35,Food,Credit Card,September
09-07-2025,Gas Agency,5927.08,Bills,Net Banking,July
23-11-2025,Vodafone Idea,366.57,Bills,UPI,November
18-03-2025,RedBus,1872.59,Transport,UPI,March
20-07-2025,Snapdeal,4564.3,Online Shopping,Debit Card,July
05-10-2025,Allen Solly,5554.66,Clothing,Debit Card,October
20-09-2025,Yulu Bikes,313.01,Transport,UPI,September
08-04-2025,Hotstar,900.5,Entertainment,Net Banking,April
28-05-2025,Apollo Hospital,18126.77,Healthcare,Net Banking,May
16-12-2025,Gaana,346.64,Entertainment,Net Banking,December
04-12-2025,Vodafone Idea,4330.83,Bills,UPI,December
02-05-2025,Vivo Store,130702.23,Electronics,Credit Card,May
30-08-2025,BMTC,1423.5,Transport,Credit Card,August
11-07-2025,Nilgiris,2679.1,Grocery,Credit Card,July
16-02-2025,Airtel,4886.09,Bills,Net Banking,February
15-02-2025,ACT Fibernet,237.05,Bills,Debit Card,February
20-08-2025,Starbucks,987.5,Food,Credit Card,August
28-06-2025,Ajio,10999.17,Online Shopping,Credit Card,June
01-08-2025,ACT Fibernet,4681.57,Bills,Debit Card,August
26-09-2025,Apollo Pharmacy,16641.25,Healthcare,UPI,September
21-01-2025,Kauvery,16718.98,Healthcare,UPI,January
06-06-2025,Nature's Basket,2164.77,Grocery,Credit Card,June
05-10-2025,Star Bazaar,391.95,Grocery,Credit Card,October
14-06-2025,JioMart,4199.15,Grocery,Net Banking,June
16-09-2025,Samsung Store,84039.08,Electronics,Credit Card,September
31-08-2025,Ola,330.82,Transport,Credit Card,August
27-12-2025,Paradise Biryani,854.76,Food,UPI,December
09-09-2025,Amazon,12538.16,Online Shopping,UPI,September
17-10-2025,Dominos,818.93,Food,Debit Card,October
29-05-2025,Gaana,379.98,Entertainment,UPI,May
23-05-2025,Samsung Store,142963.97,Electronics,UPI,May
17-11-2025,Ajio,4664.51,Online Shopping,UPI,November
15-11-2025,US Polo,6791.85,Clothing,Net Banking,November
23-11-2025,Amazon,16486.15,Online Shopping,UPI,November
25-02-2025,Spencers,3659.05,Grocery,Credit Card,February
28-02-2025,Pizza Hut,399.89,Food,Debit Card,February
22-03-2025,Max Fashion,2806.7,Clothing,Debit Card,March
22-08-2025,IRCTC,18935.09,Travel,Net Banking,August
08-04-2025,TNEB,2654.84,Bills,Credit Card,April
11-10-2025,Apple Music,383.37,Entertainment,Credit Card,October
26-09-2025,AirAsia,24445.06,Travel,Credit Card,September
31-12-2025,Burger King,1123.63,Food,Credit Card,December
01-10-2025,Lenskart,7207.63,Online Shopping,Net Banking,October
25-05-2025,IRCTC,4364.4,Travel,Debit Card,May
25-09-2025,Mi Store,135126.49,Electronics,Net Banking,September
12-10-2025,Apple Music,968.89,Entertainment,UPI,October
13-11-2025,Fortis,18764.82,Healthcare,UPI,November
07-02-2025,SonyLiv,419.63,Entertainment,Credit Card,February
05-10-2025,Aha,806.33,Entertainment,Net Banking,October
13-04-2025,JioMart,3360.46,Grocery,Credit Card,April
22-05-2025,Vodafone Idea,2014.31,Bills,Net Banking,May
27-10-2025,Water Board,2189.05,Bills,Debit Card,October
14-07-2025,Gas Agency,5120.71,Bills,Debit Card,July
26-07-2025,Meru Cabs,1573,Transport,Debit Card,July
13-10-2025,MakeMyTrip,2045.48,Travel,UPI,October
16-05-2025,Apple Store,78014.21,Electronics,Net Banking,May
10-07-2025,A2B,1211.99,Food,Debit Card,July
22-08-2025,JioMart,4517.35,Grocery,Credit Card,August
06-01-2025,Aha,275.65,Entertainment,UPI,January
04-11-2025,H&M,7934.74,Clothing,Credit Card,November
07-10-2025,Hotstar,342.95,Entertainment,Debit Card,October
12-08-2025,Saravana Bhavan,724.89,Food,Debit Card,August
08-09-2025,OYO,20791.14,Travel,Credit Card,September
14-01-2025,RedBus,1973.82,Transport,Debit Card,January
12-12-2025,Kauvery,19977.3,Healthcare,UPI,December
07-03-2025,BSNL,1172.63,Bills,Debit Card,March
24-08-2025,Spencers,2955.74,Grocery,Net Banking,August
03-08-2025,Airtel,4561.85,Bills,Net Banking,August
15-02-2025,Hotstar,352.96,Entertainment,UPI,February
16-12-2025,ACT Fibernet,3328.96,Bills,Credit Card,December
05-11-2025,Air India,17186.16,Travel,Debit Card,November
04-08-2025,OnePlus,113030.5,Electronics,Net Banking,August
17-12-2025,Snapdeal,6936.36,Online Shopping,Net Banking,December
02-01-2025,Flipkart,4933.12,Online Shopping,Net Banking,January
16-02-2025,Zara,833.1,Clothing,UPI,February
27-11-2025,CloudNine,1395.35,Healthcare,Credit Card,November
14-02-2025,CloudNine,8855.56,Healthcare,Credit Card,February
04-04-2025,Air India,25303.24,Travel,UPI,April
25-10-2025,Kauvery,13676.26,Healthcare,UPI,October
24-06-2025,BSNL,5049.01,Bills,UPI,June
24-06-2025,Ajio,11621.75,Online Shopping,UPI,June
28-10-2025,Puma,4392.55,Clothing,Credit Card,October
02-08-2025,CloudNine,5581.47,Healthcare,Debit Card,August
05-01-2025,MedPlus,1913.71,Healthcare,Debit Card,January
22-03-2025,Netflix,768.75,Entertainment,UPI,March
18-08-2025,Taco Bell,1341.32,Food,Credit Card,August
18-01-2025,Amazon Prime,445.48,Entertainment,Debit Card,January
21-02-2025,Ola,506.23,Transport,Net Banking,February
04-01-2025,CloudNine,5305.51,Healthcare,Credit Card,January
18-03-2025,1mg,10167.59,Healthcare,UPI,March
28-12-2025,Meru Cabs,205.72,Transport,Debit Card,December
13-08-2025,MakeMyTrip,14800.67,Travel,Credit Card,August
24-12-2025,JioMart,313.37,Grocery,UPI,December
10-12-2025,Yatra,17088.77,Travel,UPI,December
18-01-2025,Barbeque Nation,619.2,Food,UPI,January
05-01-2025,BigBazaar,3150.09,Grocery,UPI,January
21-03-2025,CCD,1495.33,Food,UPI,March
11-01-2025,Fortis,3772.61,Healthcare,Debit Card,January
23-03-2025,Yulu Bikes,1902.96,Transport,Credit Card,March
04-02-2025,Water Board,5999.67,Bills,Credit Card,February
16-03-2025,Property Tax Online,950,Bills,UPI,March
03-05-2025,Vodafone Idea,4598.86,Bills,Credit Card,May
21-06-2025,BigBazaar,361.42,Grocery,Credit Card,June
27-03-2025,Meesho,18646.32,Online Shopping,Net Banking,March
01-02-2025,Fortis,3309.19,Healthcare,Debit Card,February
07-07-2025,AirAsia,28470.91,Travel,Credit Card,July
26-12-2025,Metro Rail,636.91,Transport,Net Banking,December
06-06-2025,Amazon Prime,683.87,Entertainment,Credit Card,June
10-01-2025,Ola,1083.29,Transport,Debit Card,January
28-09-2025,Gas Agency,2887.85,Bills,UPI,September
31-07-2025,Flipkart,2487.36,Online Shopping,Debit Card,July
20-10-2025,BigBazaar,2064.85,Grocery,Credit Card,October
04-02-2025,Ajio,3459.11,Online Shopping,Net Banking,February
05-11-2025,MakeMyTrip,6878.37,Travel,Debit Card,November
12-05-2025,Goibibo,11690.67,Travel,Debit Card,May
13-09-2025,Gaana,624.23,Entertainment,UPI,September
26-10-2025,SonyLiv,782.33,Entertainment,UPI,October
04-04-2025,IRCTC,18345.71,Travel,Credit Card,April
10-03-2025,BSNL,3674.6,Bills,Net Banking,March
03-05-2025,Apollo Pharmacy,8600.17,Healthcare,Debit Card,May
20-11-2025,Biba,3358.45,Clothing,Debit Card,November
08-04-2025,Asus Store,20322.46,Electronics,Net Banking,April
06-02-2025,Kauvery,9726.89,Healthcare,Debit Card,February
18-01-2025,Jio Fiber,1933.58,Bills,UPI,January
16-10-2025,Kauvery,12625.91,Healthcare,Debit Card,October
30-03-2025,Netmeds,8354.56,Healthcare,Credit Card,March
23-09-2025,Rapido,1086.23,Transport,Credit Card,September
26-01-2025,Air India,21278.55,Travel,UPI,January
02-01-2025,Meesho,10797.58,Online Shopping,Net Banking,January
21-04-2025,Metro Rail,1458.2,Transport,Credit Card,April
29-05-2025,Allen Solly,7713.22,Clothing,Net Banking,May
28-01-2025,SonyLiv,822.78,Entertainment,Debit Card,January
18-09-2025,Nature's Basket,1820.03,Grocery,Debit Card,September
28-12-2025,RedBus,374.92,Transport,Net Banking,December
13-01-2025,Mi Store,38830.72,Electronics,Credit Card,January
03-07-2025,Yatra,15306.02,Travel,Net Banking,July
23-05-2025,Adidas,4446.71,Clothing,UPI,May
26-09-2025,Paradise Biryani,1440.54,Food,UPI,September
09-07-2025,Airtel,3094.16,Bills,Net Banking,July
01-03-2025,H&M,4399.28,Clothing,Net Banking,March
29-11-2025,Pantaloons,1283.99,Clothing,UPI,November
17-09-2025,Fortis,14872.53,Healthcare,Credit Card,September
17-12-2025,H&M,6670.24,Clothing,Debit Card,December
07-01-2025,Amazon Prime,900.52,Entertainment,Credit Card,January
29-04-2025,Vistara,29495.45,Travel,Credit Card,April
03-12-2025,Airtel,4333.97,Bills,UPI,December
05-01-2025,CloudNine,14207.75,Healthcare,Net Banking,January
01-02-2025,Yulu Bikes,1597.38,Transport,Debit Card,February
28-03-2025,Reliance Digital,33980.81,Electronics,UPI,March
11-11-2025,Air India,17891.3,Travel,Net Banking,November
28-10-2025,BigBazaar,3386.47,Grocery,UPI,October
29-10-2025,More Supermarket,744.3,Grocery,Net Banking,October
20-04-2025,Metro Rail,658.78,Transport,Debit Card,April
28-07-2025,MedPlus,10126.71,Healthcare,Debit Card,July
13-04-2025,TSRTC,237.33,Transport,Credit Card,April
06-04-2025,Water Board,5033.66,Bills,Credit Card,April
20-10-2025,More Supermarket,1420.29,Grocery,UPI,October
13-06-2025,Noise,127781.11,Electronics,UPI,June
13-05-2025,MedPlus,9191.98,Healthcare,Debit Card,May
25-03-2025,Airtel,3260.54,Bills,UPI,March
06-01-2025,Noise,110642.99,Electronics,Debit Card,January
21-09-2025,Apple Music,926.97,Entertainment,Credit Card,September
23-10-2025,Puma,4902.92,Clothing,Net Banking,October
18-08-2025,Property Tax Online,5425.52,Bills,Credit Card,August
21-10-2025,Zara,5281.06,Clothing,UPI,October
04-12-2025,Woodland,7820.96,Clothing,UPI,December
09-01-2025,Paradise Biryani,609.82,Food,Credit Card,January
01-04-2025,Apple Music,233.94,Entertainment,UPI,April
15-01-2025,CCD,1273.76,Food,Debit Card,January
22-05-2025,Vistara,11801.2,Travel,Debit Card,May
20-06-2025,Spotify,532.74,Entertainment,Credit Card,June
27-03-2025,Jio Fiber,5366.3,Bills,Net Banking,March
18-04-2025,Biba,4432.26,Clothing,Debit Card,April
14-03-2025,Yatra,21624.82,Travel,Debit Card,March
16-03-2025,Meru Cabs,1550.95,Transport,Credit Card,March
17-09-2025,Mi Store,70892.95,Electronics,Credit Card,September
09-07-2025,Flipkart,10826.49,Online Shopping,Debit Card,July
12-06-2025,Nykaa,2744.42,Online Shopping,Credit Card,June
27-09-2025,Vistara,5646.48,Travel,Debit Card,September
14-03-2025,Samsung Store,130497.63,Electronics,Net Banking,March
08-02-2025,Netflix,744.87,Entertainment,Net Banking,February
03-07-2025,Meru Cabs,1738.21,Transport,UPI,July
28-07-2025,Pantaloons,3157.32,Clothing,Credit Card,July
09-01-2025,Gas Agency,2500.83,Bills,Credit Card,January
30-05-2025,Nike,1045.53,Clothing,Net Banking,May
21-09-2025,Wrogn,2881.72,Clothing,Debit Card,September
02-11-2025,Reliance Fresh,4447.3,Grocery,Debit Card,November
09-05-2025,Water Board,230.45,Bills,Debit Card,May
23-09-2025,1mg,1393.44,Healthcare,UPI,September
12-10-2025,Mi Store,79919.32,Electronics,Net Banking,October
13-12-2025,IndiGo,20878.88,Travel,Net Banking,December
04-05-2025,BigBazaar,1572.24,Grocery,Credit Card,May
22-09-2025,ACT Fibernet,2812.82,Bills,Debit Card,September
11-05-2025,More Supermarket,2165.19,Grocery,Net Banking,May
15-06-2025,Dell Exclusive,78485.19,Electronics,UPI,June
12-07-2025,Pizza Hut,126.26,Food,Debit Card,July
28-02-2025,Zee5,734.26,Entertainment,Debit Card,February
17-06-2025,HP World,43772.2,Electronics,Net Banking,June
02-06-2025,Asus Store,98630.25,Electronics,Debit Card,June
24-04-2025,Apollo Pharmacy,11908.37,Healthcare,Net Banking,April
17-10-2025,Adidas,2083.36,Clothing,Credit Card,October
22-02-2025,RedBus,172.53,Transport,UPI,February
13-08-2025,Apple Music,461.35,Entertainment,UPI,August
06-07-2025,Levis,5100.87,Clothing,Debit Card,July
17-09-2025,Goibibo,24949.89,Travel,Debit Card,September
16-11-2025,Nykaa,2888.72,Online Shopping,Debit Card,November
03-04-2025,Amazon Prime,992.61,Entertainment,Net Banking,April
07-12-2025,Snapdeal,9443,Online Shopping,Net Banking,December
20-12-2025,Meru Cabs,976.77,Transport,Credit Card,December
11-12-2025,Asus Store,52220.89,Electronics,Net Banking,December
09-02-2025,SonyLiv,741.46,Entertainment,Debit Card,February
19-04-2025,Pepperfry,1359.46,Online Shopping,Net Banking,April
29-07-2025,Pepperfry,10938.58,Online Shopping,Debit Card,July
07-02-2025,Meesho,16086.75,Online Shopping,Credit Card,February
29-03-2025,Noise,74952.79,Electronics,Credit Card,March
25-07-2025,Zara,2029.5,Clothing,Credit Card,July
24-07-2025,Samsung Store,46308.26,Electronics,Credit Card,July
29-08-2025,Zee5,446.33,Entertainment,Net Banking,August
26-08-2025,Pizza Hut,1116.88,Food,Debit Card,August
31-03-2025,Snapdeal,17761.82,Online Shopping,Credit Card,March
01-11-2025,Hotstar,812.17,Entertainment,Debit Card,November
30-11-2025,Taco Bell,1345.06,Food,Net Banking,November
24-10-2025,Reliance Fresh,707.28,Grocery,Debit Card,October
30-01-2025,TNEB,1755.25,Bills,Debit Card,January
03-07-2025,Reliance Fresh,1248.72,Grocery,Debit Card,July
22-05-2025,H&M,2084.95,Clothing,Credit Card,May
06-04-2025,CCD,476.4,Food,Credit Card,April
29-09-2025,SonyLiv,442.49,Entertainment,Debit Card,September
31-07-2025,Apollo Hospital,18913.59,Healthcare,Credit Card,July
28-07-2025,Goibibo,14119.51,Travel,Credit Card,July
14-08-2025,Nilgiris,2572.26,Grocery,Debit Card,August
11-03-2025,OnePlus,103769.34,Electronics,Debit Card,March
10-12-2025,Goibibo,28872.69,Travel,Debit Card,December
19-04-2025,SonyLiv,578.43,Entertainment,Net Banking,April
04-08-2025,Flipkart,13833.03,Online Shopping,Credit Card,August
24-11-2025,DMart,2298.4,Grocery,Credit Card,November
08-01-2025,Allen Solly,5980.28,Clothing,UPI,January
02-06-2025,Amazon,19014.81,Online Shopping,Debit Card,June
26-01-2025,Meesho,9396.35,Online Shopping,UPI,January
15-02-2025,Uber,204.77,Transport,Net Banking,February
23-06-2025,Dominos,940.14,Food,Credit Card,June
28-09-2025,Dell Exclusive,76675.65,Electronics,Credit Card,September
09-09-2025,Dominos,624.96,Food,UPI,September
09-12-2025,MedPlus,2269.06,Healthcare,Debit Card,December
19-12-2025,Netflix,531.49,Entertainment,Credit Card,December
09-06-2025,Croma,119641.11,Electronics,Net Banking,June
16-08-2025,Nike,6410.03,Clothing,Credit Card,August
17-03-2025,Vodafone Idea,1513.91,Bills,Net Banking,March
10-11-2025,Taco Bell,496.72,Food,Credit Card,November
01-06-2025,A2B,522.15,Food,Debit Card,June
08-01-2025,Gaana,146.88,Entertainment,Credit Card,January
13-07-2025,Reliance Fresh,877.58,Grocery,Debit Card,July
03-03-2025,HP World,102320.3,Electronics,Net Banking,March
28-10-2025,Metro Rail,99.37,Transport,Net Banking,October
25-03-2025,Vistara,13045.76,Travel,Debit Card,March
03-08-2025,Vodafone Idea,1693.84,Bills,Credit Card,August
19-07-2025,TNEB,1021.56,Bills,Debit Card,July
03-06-2025,Gaana,616.37,Entertainment,UPI,June
11-09-2025,Spencers,1353.89,Grocery,Credit Card,September
28-07-2025,Goibibo,22314.45,Travel,Debit Card,July
27-03-2025,Gaana,318.3,Entertainment,UPI,March
31-12-2025,Flipkart,15073.37,Online Shopping,Debit Card,December
11-03-2025,Metro Rail,1422.96,Transport,Credit Card,March
18-05-2025,Amazon Prime,477.96,Entertainment,Debit Card,May
07-02-2025,BigBazaar,4563.73,Grocery,UPI,February
11-12-2025,Myntra,5582.71,Online Shopping,Credit Card,December
05-08-2025,Kauvery,9160,Healthcare,Net Banking,August
03-06-2025,IndiGo,27224.81,Travel,UPI,June
30-10-2025,Allen Solly,1410.01,Clothing,Debit Card,October
06-11-2025,Yatra,24933.16,Travel,Debit Card,November
29-04-2025,Apollo Hospital,7000.49,Healthcare,Debit Card,April
20-08-2025,Adidas,2531.53,Clothing,Credit Card,August
11-09-2025,Nature's Basket,2523.88,Grocery,UPI,September
10-07-2025,Starbucks,768.55,Food,Net Banking,July
18-06-2025,Meesho,10787.12,Online Shopping,Credit Card,June
01-09-2025,Biba,1784.87,Clothing,Debit Card,September
14-06-2025,Gas Agency,419.93,Bills,Credit Card,June
21-03-2025,Paradise Biryani,987.8,Food,Net Banking,March
23-10-2025,Apple Store,141522.93,Electronics,Debit Card,October
20-02-2025,Metro Rail,1393.3,Transport,Credit Card,February
24-09-2025,Meesho,15831.95,Online Shopping,Debit Card,September
21-01-2025,TNEB,5060.46,Bills,Credit Card,January
26-08-2025,Noise,96176.83,Electronics,UPI,August
21-03-2025,Property Tax Online,749.29,Bills,Credit Card,March
09-02-2025,Nike,3955.56,Clothing,Debit Card,February
22-07-2025,Meru Cabs,678.68,Transport,Credit Card,July
13-05-2025,Apollo Pharmacy,17393.08,Healthcare,Credit Card,May
31-01-2025,TNEB,385.52,Bills,Credit Card,January
05-01-2025,Hotstar,272.43,Entertainment,Debit Card,January
03-01-2025,Pizza Hut,1141.11,Food,Credit Card,January
18-02-2025,Noise,84934.51,Electronics,UPI,February
13-05-2025,IndiGo,8534.04,Travel,UPI,May
19-07-2025,Air India,22794.11,Travel,Net Banking,July
28-10-2025,Nilgiris,2147.37,Grocery,UPI,October
11-07-2025,Aster,10678.63,Healthcare,Credit Card,July
16-07-2025,Pantaloons,2477.07,Clothing,UPI,July
08-01-2025,Rapido,1856.23,Transport,Credit Card,January
05-02-2025,Apple Store,96067.65,Electronics,Net Banking,February
14-07-2025,AirAsia,4138.42,Travel,UPI,July
14-06-2025,Water Board,3920.34,Bills,Net Banking,June
01-10-2025,Yatra,4211.02,Travel,UPI,October
29-10-2025,Water Board,4236.8,Bills,Credit Card,October
24-01-2025,BSNL,2106.75,Bills,Debit Card,January
10-07-2025,Ajio,18576.49,Online Shopping,Credit Card,July
26-07-2025,Gaana,230.14,Entertainment,Debit Card,July
17-03-2025,Nykaa,5032.57,Online Shopping,UPI,March
11-06-2025,Apple Music,709.29,Entertainment,Debit Card,June
23-12-2025,Apple Music,403.73,Entertainment,UPI,December
25-10-2025,Amazon,8212.1,Online Shopping,Credit Card,October
10-06-2025,TSRTC,1322.77,Transport,Credit Card,June
18-08-2025,Fortis,10830.12,Healthcare,UPI,August
28-08-2025,MakeMyTrip,1808.91,Travel,UPI,August
03-03-2025,Metro Rail,328.65,Transport,Net Banking,March
19-09-2025,Apollo Hospital,6243.79,Healthcare,Credit Card,September
08-02-2025,More Supermarket,3673.1,Grocery,Net Banking,February
24-12-2025,Nilgiris,4517.27,Grocery,Debit Card,December
30-04-2025,Vivo Store,101343.49,Electronics,Credit Card,April
17-10-2025,Vistara,7704.52,Travel,Debit Card,October
30-01-2025,TSRTC,1462.85,Transport,Net Banking,January
01-04-2025,Starbucks,697.97,Food,UPI,April
01-01-2025,Air India,1421.2,Travel,Net Banking,January
10-04-2025,Nilgiris,2027.47,Grocery,Debit Card,April
13-07-2025,Ajio,3801.65,Online Shopping,UPI,July
11-02-2025,Rapido,72.93,Transport,UPI,February
27-08-2025,H&M,3248.33,Clothing,Net Banking,August
20-05-2025,Taco Bell,1070.32,Food,Net Banking,May
13-01-2025,Zee5,399.46,Entertainment,Debit Card,January
11-04-2025,RedBus,1575.45,Transport,UPI,April
11-05-2025,Apollo Pharmacy,16296.23,Healthcare,Debit Card,May
14-07-2025,OYO,27644.82,Travel,Credit Card,July
07-06-2025,IndiGo,25663.3,Travel,Net Banking,June
12-02-2025,Biba,4052.97,Clothing,Net Banking,February
06-10-2025,BSNL,5071.32,Bills,Debit Card,October
01-06-2025,Ajio,1690.54,Online Shopping,Net Banking,June
25-01-2025,Apollo Pharmacy,16978.65,Healthcare,UPI,January
20-01-2025,Vodafone Idea,4404.72,Bills,Net Banking,January
01-11-2025,Mi Store,60432.66,Electronics,Net Banking,November
29-10-2025,Air India,13685.35,Travel,Debit Card,October
22-04-2025,Uber,262.33,Transport,Debit Card,April
24-11-2025,Gas Agency,3668.61,Bills,Net Banking,November
07-04-2025,Nilgiris,3226.23,Grocery,UPI,April
03-02-2025,Snapdeal,10078.34,Online Shopping,Debit Card,February
27-06-2025,Kauvery,13131.87,Healthcare,Net Banking,June
24-11-2025,Airtel,3896.24,Bills,Credit Card,November
23-05-2025,YouTube Premium,827.23,Entertainment,Debit Card,May
07-09-2025,H&M,5319.12,Clothing,Debit Card,September
11-07-2025,H&M,4158.3,Clothing,Debit Card,July
26-01-2025,Biba,6631.13,Clothing,UPI,January
08-08-2025,Starbucks,803.82,Food,Debit Card,August
10-07-2025,Paradise Biryani,582.95,Food,Credit Card,July
14-11-2025,OnePlus,54761.75,Electronics,Credit Card,November
07-10-2025,Goibibo,10479.99,Travel,Debit Card,October
05-02-2025,Nature's Basket,3856.84,Grocery,Debit Card,February
02-09-2025,Spencers,2414.22,Grocery,UPI,September
16-11-2025,More Supermarket,1096.19,Grocery,Net Banking,November
21-06-2025,McDonalds,1280.37,Food,Credit Card,June
28-05-2025,Reliance Fresh,1031,Grocery,Debit Card,May
28-10-2025,US Polo,3412.17,Clothing,UPI,October
13-07-2025,TNEB,4269.36,Bills,Net Banking,July
18-08-2025,Barbeque Nation,1050.32,Food,Net Banking,August
21-05-2025,Gaana,101.41,Entertainment,Net Banking,May
10-09-2025,Wrogn,3897.32,Clothing,Credit Card,September
10-05-2025,Air India,7138.19,Travel,UPI,May
09-09-2025,ACT Fibernet,542.78,Bills,Net Banking,September
01-07-2025,Nykaa,15824.05,Online Shopping,Debit Card,July
24-11-2025,Samsung Store,12172.11,Electronics,Net Banking,November
27-10-2025,TNEB,4912.79,Bills,UPI,October
18-05-2025,SonyLiv,696.54,Entertainment,Credit Card,May
01-02-2025,Meesho,7504.83,Online Shopping,Net Banking,February
14-06-2025,Yatra,21629.17,Travel,UPI,June
12-07-2025,IRCTC,22464.74,Travel,Debit Card,July
30-10-2025,Adidas,1269.64,Clothing,Net Banking,October
24-03-2025,RedBus,1463.39,Transport,Net Banking,March
26-07-2025,Airtel,577.51,Bills,Net Banking,July
02-03-2025,IndiGo,15562.66,Travel,Debit Card,March
03-08-2025,Jio Fiber,5504.7,Bills,UPI,August
21-11-2025,Hotstar,549.5,Entertainment,Credit Card,November
01-06-2025,Amazon,7932.8,Online Shopping,UPI,June
05-03-2025,Pantaloons,1497.18,Clothing,Debit Card,March
27-05-2025,Hotstar,590.4,Entertainment,UPI,May
13-02-2025,Yatra,6777.88,Travel,Credit Card,February
25-06-2025,Meesho,13281.69,Online Shopping,UPI,June
02-10-2025,Mi Store,96101.75,Electronics,UPI,October
24-10-2025,Airtel,3668.34,Bills,Net Banking,October
02-05-2025,Aha,113.16,Entertainment,Debit Card,May
21-08-2025,ACT Fibernet,5480.27,Bills,UPI,August
18-08-2025,Air India,16436.25,Travel,Net Banking,August
01-04-2025,Gaana,332.14,Entertainment,Net Banking,April
30-03-2025,Netflix,925.8,Entertainment,Credit Card,March
06-08-2025,Vivo Store,11785.97,Electronics,Debit Card,August
17-07-2025,Ajio,9230.17,Online Shopping,Net Banking,July
21-08-2025,H&M,7469.84,Clothing,UPI,August
16-03-2025,Yatra,9824.99,Travel,Debit Card,March
13-09-2025,BMTC,408.12,Transport,UPI,September
23-12-2025,Reliance Fresh,2630.88,Grocery,UPI,December
27-08-2025,MedPlus,8814.62,Healthcare,Net Banking,August
21-03-2025,BigBazaar,3371.23,Grocery,Debit Card,March
18-01-2025,Dominos,688.73,Food,Net Banking,January
18-02-2025,JioMart,2768.16,Grocery,Net Banking,February
10-12-2025,Goibibo,18906.6,Travel,Net Banking,December
06-04-2025,Kauvery,1494.28,Healthcare,Debit Card,April
16-09-2025,SonyLiv,530.8,Entertainment,Debit Card,September
04-04-2025,Zee5,280.12,Entertainment,Debit Card,April
12-09-2025,Nilgiris,1217,Grocery,UPI,September
01-03-2025,IndiGo,16214.43,Travel,UPI,March
13-10-2025,Metro Rail,124.27,Transport,Net Banking,October
11-11-2025,H&M,3705.48,Clothing,Debit Card,November
12-02-2025,Asus Store,147441.05,Electronics,Net Banking,February
24-06-2025,CloudNine,18067.42,Healthcare,Net Banking,June
26-04-2025,Yulu Bikes,1098.75,Transport,Net Banking,April
09-12-2025,Biba,745.19,Clothing,Credit Card,December
12-04-2025,Tata Cliq,17046.38,Online Shopping,UPI,April
03-04-2025,ACT Fibernet,3226.7,Bills,Net Banking,April
05-03-2025,Dell Exclusive,109625.55,Electronics,Debit Card,March
28-07-2025,Gas Agency,2982.55,Bills,UPI,July
28-11-2025,Aster,8137,Healthcare,Net Banking,November
25-11-2025,More Supermarket,4230.57,Grocery,Debit Card,November
07-12-2025,Metro Rail,1409.71,Transport,Net Banking,December
24-07-2025,Property Tax Online,2457.3,Bills,Net Banking,July
18-08-2025,Tata Cliq,5077.99,Online Shopping,Debit Card,August
10-01-2025,Apple Store,18102.66,Electronics,Net Banking,January
05-07-2025,SonyLiv,100.01,Entertainment,Debit Card,July
26-04-2025,Starbucks,951.24,Food,UPI,April
24-10-2025,AirAsia,27369.44,Travel,UPI,October
13-01-2025,More Supermarket,2310.39,Grocery,Debit Card,January
04-02-2025,Yulu Bikes,409.7,Transport,UPI,February
03-11-2025,MakeMyTrip,14126.41,Travel,UPI,November
14-04-2025,Taco Bell,737.14,Food,Debit Card,April
06-08-2025,TNEB,240.6,Bills,Debit Card,August
28-02-2025,Gas Agency,2802.92,Bills,Net Banking,February
20-02-2025,CloudNine,15571.45,Healthcare,Debit Card,February
20-01-2025,Snapdeal,16794.68,Online Shopping,Debit Card,January
19-01-2025,Yatra,18840.4,Travel,Debit Card,January
23-05-2025,US Polo,2976.54,Clothing,Credit Card,May
02-03-2025,Aster,18175.49,Healthcare,Credit Card,March
03-05-2025,Biba,5189.65,Clothing,Credit Card,May
24-08-2025,Aha,459.72,Entertainment,Net Banking,August
20-09-2025,Max Fashion,4893.56,Clothing,Net Banking,September
27-04-2025,YouTube Premium,618.54,Entertainment,Credit Card,April
03-11-2025,DMart,2077.41,Grocery,Credit Card,November
08-05-2025,BigBazaar,2400.84,Grocery,UPI,May
20-04-2025,Amazon Prime,709.03,Entertainment,Net Banking,April
12-03-2025,More Supermarket,941.27,Grocery,UPI,March
15-02-2025,1mg,13792.84,Healthcare,Debit Card,February
16-09-2025,Asus Store,10679.83,Electronics,UPI,September
06-04-2025,Meru Cabs,1141.86,Transport,Debit Card,April
10-09-2025,Tata Cliq,7816.27,Online Shopping,UPI,September
25-08-2025,Croma,107050.46,Electronics,Debit Card,August
22-05-2025,Booking.com,1065.2,Travel,Net Banking,May
21-10-2025,Gaana,692.85,Entertainment,Net Banking,October
08-11-2025,Meru Cabs,1797.69,Transport,Credit Card,November
09-03-2025,Amazon,8573.25,Online Shopping,Credit Card,March
26-07-2025,Ajio,11687.37,Online Shopping,Net Banking,July
30-08-2025,Allen Solly,4757.08,Clothing,Net Banking,August
28-07-2025,Kauvery,17043.83,Healthcare,Net Banking,July
28-08-2025,JioMart,1108.56,Grocery,UPI,August
05-09-2025,Reliance Digital,40381.71,Electronics,Debit Card,September
25-11-2025,Samsung Store,51754.17,Electronics,Debit Card,November
02-08-2025,Starbucks,496.39,Food,UPI,August
18-12-2025,Adidas,5647.32,Clothing,Debit Card,December
08-10-2025,DMart,2400.71,Grocery,UPI,October
15-05-2025,Puma,6789.51,Clothing,Net Banking,May
14-09-2025,Vivo Store,95149.27,Electronics,Credit Card,September
21-02-2025,Ola,1248.73,Transport,Net Banking,February
03-06-2025,CCD,518.04,Food,UPI,June
21-11-2025,Airtel,3674.58,Bills,UPI,November
29-04-2025,Snapdeal,5507.39,Online Shopping,Debit Card,April
30-04-2025,Samsung Store,96912.67,Electronics,Debit Card,April
12-08-2025,Zara,5773.11,Clothing,Credit Card,August
14-04-2025,Nature's Basket,402.34,Grocery,UPI,April
22-06-2025,Zara,7187.34,Clothing,Net Banking,June
05-03-2025,Dominos,363.75,Food,Debit Card,March
06-09-2025,Asus Store,63219.65,Electronics,UPI,September
11-02-2025,Vistara,27541.49,Travel,Net Banking,February
04-06-2025,Max Fashion,557.88,Clothing,Net Banking,June
26-12-2025,SonyLiv,403.92,Entertainment,UPI,December
04-02-2025,Amazon Prime,128.06,Entertainment,Debit Card,February
29-06-2025,Pantaloons,4835.76,Clothing,UPI,June
31-08-2025,IRCTC,11789.5,Travel,Debit Card,August
23-09-2025,Gaana,784.3,Entertainment,Debit Card,September
18-05-2025,Air India,18056.95,Travel,Credit Card,May
16-07-2025,Aha,577.5,Entertainment,Net Banking,July
17-06-2025,Pantaloons,6060.6,Clothing,Net Banking,June
15-06-2025,SonyLiv,909.03,Entertainment,UPI,June
31-07-2025,Yulu Bikes,1349.45,Transport,Debit Card,July
28-04-2025,Apple Music,386.59,Entertainment,Debit Card,April
08-08-2025,Pepperfry,903.44,Online Shopping,Net Banking,August
27-10-2025,Star Bazaar,3646,Grocery,Debit Card,October
10-02-2025,Nike,1945.36,Clothing,Net Banking,February
26-04-2025,Water Board,1733.41,Bills,Credit Card,April
18-08-2025,BSNL,5111.26,Bills,UPI,August
06-07-2025,TNEB,1975.42,Bills,Credit Card,July
06-09-2025,Airtel,1900.27,Bills,Net Banking,September
18-12-2025,Apollo Hospital,1063.02,Healthcare,UPI,December
03-10-2025,BSNL,5153.15,Bills,Debit Card,October
17-04-2025,Pepperfry,12050.19,Online Shopping,UPI,April
03-08-2025,YouTube Premium,960.74,Entertainment,Debit Card,August
26-04-2025,PharmEasy,11402.37,Healthcare,Net Banking,April
16-10-2025,Tata Cliq,1317.02,Online Shopping,Net Banking,October
02-08-2025,Subway,760.13,Food,Credit Card,August
24-05-2025,OYO,17559.8,Travel,Credit Card,May
15-07-2025,Aster,8090.59,Healthcare,Credit Card,July
30-05-2025,AirAsia,20744.59,Travel,Debit Card,May
19-11-2025,Yulu Bikes,1836.74,Transport,Credit Card,November
11-11-2025,Subway,448.13,Food,Debit Card,November
13-09-2025,Amazon Prime,743.99,Entertainment,Debit Card,September
19-01-2025,Tata Cliq,10474.8,Online Shopping,Credit Card,January
25-12-2025,Fortis,3626.35,Healthcare,Credit Card,December
16-09-2025,Fortis,12910.54,Healthcare,Credit Card,September
29-03-2025,ACT Fibernet,1144.85,Bills,Debit Card,March
22-12-2025,Water Board,2386.45,Bills,Net Banking,December
20-05-2025,Woodland,1452.75,Clothing,Net Banking,May
27-03-2025,MedPlus,4256.86,Healthcare,Net Banking,March
19-07-2025,Pepperfry,214.73,Online Shopping,Credit Card,July
03-11-2025,Zee5,530.92,Entertainment,Debit Card,November
24-02-2025,Water Board,4683.39,Bills,Credit Card,February
10-12-2025,IRCTC,3994.13,Travel,UPI,December
20-08-2025,ACT Fibernet,5820.36,Bills,Net Banking,August
15-03-2025,Aha,107.57,Entertainment,UPI,March
28-01-2025,YouTube Premium,392.54,Entertainment,Debit Card,January
22-01-2025,Property Tax Online,680.91,Bills,UPI,January
09-09-2025,CloudNine,12445.94,Healthcare,UPI,September
03-09-2025,Myntra,15727.66,Online Shopping,Net Banking,September
25-11-2025,PharmEasy,5571.39,Healthcare,Net Banking,November
07-08-2025,Meru Cabs,1666.64,Transport,UPI,August
04-09-2025,RedBus,1382.78,Transport,Net Banking,September
22-08-2025,MakeMyTrip,22634.3,Travel,Net Banking,August
15-07-2025,Vodafone Idea,5395.98,Bills,UPI,July
26-05-2025,Reliance Digital,43472.76,Electronics,UPI,May
30-10-2025,Amazon,3876.08,Online Shopping,Credit Card,October
21-10-2025,Ola,424.57,Transport,Debit Card,October
30-04-2025,Ola,1259.51,Transport,Net Banking,April
20-05-2025,Nature's Basket,1609.44,Grocery,Net Banking,May
15-10-2025,RedBus,1747.17,Transport,Net Banking,October
08-10-2025,Zee5,529.88,Entertainment,Debit Card,October
31-03-2025,Star Bazaar,4830.51,Grocery,Debit Card,March
11-07-2025,MedPlus,13757.28,Healthcare,Credit Card,July
06-02-2025,Woodland,2139.98,Clothing,UPI,February
23-07-2025,JioMart,4002.68,Grocery,UPI,July
08-08-2025,Star Bazaar,2752.44,Grocery,Credit Card,August
15-01-2025,PharmEasy,5776.38,Healthcare,Net Banking,January
30-10-2025,Meru Cabs,900.25,Transport,Credit Card,October
26-07-2025,Jio Fiber,980.09,Bills,Net Banking,July
25-02-2025,Aha,198.56,Entertainment,Net Banking,February
02-11-2025,Booking.com,6633.27,Travel,Credit Card,November
21-01-2025,Gas Agency,4217.19,Bills,Debit Card,January
18-03-2025,1mg,18258.39,Healthcare,Net Banking,March
24-08-2025,Noise,58586.71,Electronics,Net Banking,August
18-05-2025,Barbeque Nation,1363.56,Food,UPI,May
31-08-2025,YouTube Premium,708.23,Entertainment,UPI,August
18-01-2025,IRCTC,1934.66,Travel,Debit Card,January
22-06-2025,Puma,4670.55,Clothing,UPI,June
04-02-2025,Yulu Bikes,118.05,Transport,Debit Card,February
13-03-2025,Vodafone Idea,4294.92,Bills,Credit Card,March
27-03-2025,BSNL,4747.5,Bills,Debit Card,March
31-03-2025,Ajio,11844.01,Online Shopping,Debit Card,March
29-03-2025,TSRTC,81.96,Transport,UPI,March
04-06-2025,Goibibo,24721.88,Travel,UPI,June
06-06-2025,TSRTC,1730.4,Transport,Debit Card,June
26-12-2025,RedBus,1548.82,Transport,UPI,December
14-09-2025,Rapido,640.96,Transport,Credit Card,September
26-01-2025,Levis,1320.5,Clothing,Net Banking,January
09-06-2025,Pantaloons,6176.74,Clothing,Net Banking,June
18-08-2025,MakeMyTrip,29776.72,Travel,UPI,August
16-08-2025,Nilgiris,899.44,Grocery,Credit Card,August
30-04-2025,RedBus,805.75,Transport,Credit Card,April
03-06-2025,Woodland,3153.49,Clothing,Debit Card,June
03-10-2025,Vodafone Idea,2804.09,Bills,Debit Card,October
12-09-2025,DMart,4547.68,Grocery,UPI,September
24-05-2025,Pantaloons,3673.58,Clothing,Net Banking,May
12-09-2025,Tata Cliq,18690.13,Online Shopping,UPI,September
21-03-2025,Adidas,838.1,Clothing,UPI,March
15-05-2025,Uber,579.22,Transport,Credit Card,May
01-04-2025,Starbucks,1300.15,Food,Debit Card,April
01-01-2025,Ajio,5498.73,Online Shopping,UPI,January
17-10-2025,Boat Lifestyle,60132.27,Electronics,UPI,October
10-07-2025,PharmEasy,10888.31,Healthcare,Net Banking,July
18-10-2025,Starbucks,1131.35,Food,Net Banking,October
02-07-2025,Fortis,15477.23,Healthcare,Credit Card,July
15-11-2025,Booking.com,21755.52,Travel,Net Banking,November
26-12-2025,Burger King,498.67,Food,UPI,December
17-06-2025,Gas Agency,751.96,Bills,UPI,June
30-10-2025,Pepperfry,11193.58,Online Shopping,UPI,October
09-05-2025,Zara,5661.73,Clothing,Credit Card,May
11-01-2025,Yatra,13976.61,Travel,Debit Card,January
14-02-2025,ACT Fibernet,4036.36,Bills,Net Banking,February
22-05-2025,RedBus,1333.54,Transport,Net Banking,May
30-07-2025,Reliance Fresh,2811.39,Grocery,Net Banking,July
01-12-2025,Ola,1688.61,Transport,Debit Card,December
08-02-2025,Allen Solly,3417.7,Clothing,UPI,February
04-12-2025,DMart,654.79,Grocery,Debit Card,December
02-09-2025,Pantaloons,3852.66,Clothing,UPI,September
30-03-2025,Kauvery,19485.5,Healthcare,Debit Card,March
20-10-2025,Fortis,365.36,Healthcare,Net Banking,October
22-05-2025,Metro Rail,1071.56,Transport,Credit Card,May
06-08-2025,More Supermarket,4546.52,Grocery,Credit Card,August
07-11-2025,Burger King,461.6,Food,Credit Card,November
25-10-2025,Aster,19392.87,Healthcare,UPI,October
29-06-2025,Booking.com,5290.81,Travel,Debit Card,June
08-12-2025,Apollo Pharmacy,7219.41,Healthcare,Debit Card,December
24-07-2025,Lenskart,12193.8,Online Shopping,Debit Card,July
12-02-2025,Yatra,17482.79,Travel,Net Banking,February
13-01-2025,Lenskart,6210.38,Online Shopping,UPI,January
01-03-2025,Lenskart,6578.53,Online Shopping,UPI,March
08-10-2025,Sony Center,54020.59,Electronics,Debit Card,October
22-10-2025,Rapido,1975.11,Transport,Net Banking,October
31-05-2025,Apple Store,66825.91,Electronics,Debit Card,May
17-08-2025,Starbucks,197.18,Food,UPI,August
26-12-2025,Netmeds,14543.88,Healthcare,Debit Card,December
29-09-2025,Woodland,2901.84,Clothing,Net Banking,September
18-05-2025,Ajio,9955.31,Online Shopping,Debit Card,May
16-07-2025,Burger King,535.35,Food,UPI,July
15-04-2025,Max Fashion,6633,Clothing,Net Banking,April
15-09-2025,Cream Stone,1167.14,Food,Credit Card,September
25-07-2025,Subway,728.22,Food,Net Banking,July
18-11-2025,IndiGo,7252.87,Travel,Credit Card,November
22-11-2025,More Supermarket,1113.32,Grocery,UPI,November
18-01-2025,BMTC,992.67,Transport,Net Banking,January
30-01-2025,IndiGo,17060.31,Travel,Credit Card,January
25-08-2025,More Supermarket,4446.9,Grocery,Credit Card,August
13-06-2025,Netmeds,16857.57,Healthcare,Net Banking,June
16-01-2025,Paradise Biryani,423.75,Food,UPI,January
17-09-2025,Reliance Fresh,847.25,Grocery,UPI,September
13-10-2025,CCD,1402.66,Food,Debit Card,October
29-09-2025,BSNL,348.81,Bills,Credit Card,September
31-07-2025,Pizza Hut,392.95,Food,Net Banking,July
19-08-2025,Pepperfry,13212.32,Online Shopping,Credit Card,August
02-07-2025,Yatra,24472.82,Travel,Net Banking,July
09-02-2025,Apple Store,16487.88,Electronics,UPI,February
03-02-2025,Myntra,15185.66,Online Shopping,Credit Card,February
30-04-2025,Pizza Hut,1068.38,Food,Debit Card,April
22-07-2025,Aster,9899.7,Healthcare,UPI,July
06-11-2025,MakeMyTrip,22872.85,Travel,Debit Card,November
28-09-2025,Dell Exclusive,104449.56,Electronics,Debit Card,September
20-07-2025,Nilgiris,3547.53,Grocery,Credit Card,July
03-03-2025,Uber,1617.31,Transport,UPI,March
14-03-2025,Ola,1404.38,Transport,UPI,March
15-01-2025,Airtel,5512.67,Bills,Net Banking,January
20-01-2025,Nykaa,4779.87,Online Shopping,Debit Card,January
11-03-2025,Pepperfry,16596.61,Online Shopping,Debit Card,March
16-10-2025,Apollo Hospital,14721.6,Healthcare,UPI,October
20-04-2025,DMart,4123.27,Grocery,Debit Card,April
15-06-2025,CloudNine,906.36,Healthcare,Debit Card,June
02-02-2025,Nykaa,10315.71,Online Shopping,Net Banking,February
29-10-2025,Aha,380.12,Entertainment,Debit Card,October
05-01-2025,KFC,382.31,Food,Net Banking,January
31-01-2025,Pantaloons,1233.27,Clothing,Net Banking,January
15-09-2025,Myntra,7822.9,Online Shopping,Credit Card,September
30-04-2025,PharmEasy,10855.45,Healthcare,Net Banking,April
17-12-2025,Nykaa,6908.93,Online Shopping,Debit Card,December
30-03-2025,Apollo Hospital,5087.79,Healthcare,Net Banking,March
08-07-2025,Yulu Bikes,892.77,Transport,Debit Card,July
15-01-2025,Uber,1864.78,Transport,UPI,January
31-10-2025,Nature's Basket,3555.52,Grocery,Net Banking,October
19-04-2025,Nykaa,3187.78,Online Shopping,Debit Card,April
15-05-2025,Apple Store,58234.78,Electronics,Debit Card,May
04-09-2025,Gas Agency,5066.02,Bills,Debit Card,September
03-03-2025,MakeMyTrip,9867.95,Travel,UPI,March
23-12-2025,Amazon,13451.57,Online Shopping,Credit Card,December
19-08-2025,Woodland,3071,Clothing,Debit Card,August
06-06-2025,More Supermarket,2396.05,Grocery,UPI,June
28-01-2025,Nilgiris,3080.4,Grocery,Credit Card,January
23-09-2025,Ola,1997.82,Transport,Credit Card,September
13-10-2025,CloudNine,12977.61,Healthcare,UPI,October
10-11-2025,AirAsia,3292.84,Travel,Net Banking,November
09-10-2025,Gas Agency,5731.87,Bills,Net Banking,October
27-09-2025,Netmeds,17195.06,Healthcare,UPI,September
08-01-2025,Saravana Bhavan,327.3,Food,Net Banking,January
15-06-2025,Woodland,5389.45,Clothing,Net Banking,June
18-09-2025,YouTube Premium,389.03,Entertainment,Credit Card,September
15-01-2025,Aster,17478.4,Healthcare,Net Banking,January
18-08-2025,Vistara,21276.36,Travel,UPI,August
12-09-2025,H&M,2669.76,Clothing,Net Banking,September
31-07-2025,Air India,6070.58,Travel,UPI,July
26-09-2025,Gaana,445.77,Entertainment,UPI,September
27-12-2025,Dell Exclusive,130033.36,Electronics,Net Banking,December
28-09-2025,Property Tax Online,2568.45,Bills,UPI,September
19-01-2025,Property Tax Online,2057.39,Bills,Debit Card,January
14-10-2025,Aster,808.63,Healthcare,Debit Card,October
04-11-2025,Yulu Bikes,449.03,Transport,Credit Card,November
04-02-2025,Booking.com,26369.8,Travel,UPI,February
17-05-2025,Nilgiris,4801.44,Grocery,Debit Card,May
10-07-2025,Jio Fiber,718.97,Bills,Debit Card,July
20-06-2025,Airtel,5422.72,Bills,Debit Card,June
12-07-2025,Goibibo,25723.78,Travel,UPI,July
12-10-2025,Nike,5365.26,Clothing,Net Banking,October
02-08-2025,Gas Agency,3518.38,Bills,Credit Card,August
22-09-2025,Gaana,535.58,Entertainment,Net Banking,September
18-10-2025,BMTC,101.56,Transport,Net Banking,October
29-10-2025,Airtel,814.45,Bills,Debit Card,October
17-05-2025,Reliance Fresh,1944.6,Grocery,Credit Card,May
29-09-2025,Aster,6910.95,Healthcare,Credit Card,September
10-08-2025,Rapido,254.21,Transport,Net Banking,August
19-09-2025,Nature's Basket,862.54,Grocery,Net Banking,September
28-12-2025,Ajio,6704.3,Online Shopping,UPI,December
14-10-2025,Spencers,2192.43,Grocery,Net Banking,October
24-07-2025,Star Bazaar,4947.12,Grocery,Credit Card,July
04-02-2025,OYO,28139.21,Travel,Credit Card,February
28-12-2025,Jio Fiber,3134.8,Bills,Credit Card,December
02-01-2025,Vistara,9301.83,Travel,Debit Card,January
19-04-2025,Spencers,3582.07,Grocery,Net Banking,April
18-01-2025,MedPlus,11607.54,Healthcare,UPI,January
21-11-2025,Spencers,3902.53,Grocery,Net Banking,November
18-09-2025,Apollo Hospital,6683.48,Healthcare,Credit Card,September
15-05-2025,PharmEasy,14837.1,Healthcare,UPI,May
13-07-2025,Goibibo,20714.91,Travel,UPI,July
26-02-2025,Nature's Basket,4836.91,Grocery,Debit Card,February
09-03-2025,Cream Stone,631.19,Food,UPI,March
28-01-2025,OnePlus,13142.52,Electronics,UPI,January
30-06-2025,Kauvery,1460.66,Healthcare,Net Banking,June
25-03-2025,Sony Center,40161.96,Electronics,UPI,March
06-02-2025,Samsung Store,51097.13,Electronics,Credit Card,February
14-04-2025,Tata Cliq,8230.63,Online Shopping,UPI,April
28-01-2025,Kauvery,14054.12,Healthcare,UPI,January
20-06-2025,MakeMyTrip,29777.45,Travel,UPI,June
21-06-2025,PharmEasy,14470.05,Healthcare,UPI,June
11-07-2025,Reliance Fresh,1009.31,Grocery,Net Banking,July
09-07-2025,Yatra,28311.65,Travel,Debit Card,July
18-12-2025,Yatra,22569.38,Travel,Credit Card,December
06-07-2025,1mg,16972.04,Healthcare,Net Banking,July
04-02-2025,Apollo Pharmacy,19302.71,Healthcare,Credit Card,February
11-09-2025,Pepperfry,4407.44,Online Shopping,UPI,September
04-11-2025,Aha,908.46,Entertainment,Net Banking,November
29-03-2025,JioMart,4917.9,Grocery,Debit Card,March
14-09-2025,Amazon,14394.1,Online Shopping,Net Banking,September
24-04-2025,HP World,149737.72,Electronics,Debit Card,April
13-04-2025,Subway,190.21,Food,Net Banking,April
24-04-2025,Kauvery,10903.44,Healthcare,Credit Card,April
15-01-2025,Air India,24302.68,Travel,Net Banking,January
13-06-2025,BigBazaar,2836.19,Grocery,Credit Card,June
20-12-2025,Hotstar,900.84,Entertainment,Debit Card,December
21-03-2025,1mg,15204.26,Healthcare,Net Banking,March
05-02-2025,Star Bazaar,1285.22,Grocery,Debit Card,February
13-07-2025,Wrogn,974.87,Clothing,Credit Card,July
01-01-2025,Samsung Store,80349.08,Electronics,Debit Card,January
10-06-2025,H&M,4317.22,Clothing,Credit Card,June
16-08-2025,Apple Music,592.6,Entertainment,UPI,August
05-06-2025,Noise,144086.65,Electronics,Debit Card,June
24-11-2025,Fortis,13293.8,Healthcare,Debit Card,November
23-01-2025,Nykaa,3597.61,Online Shopping,Net Banking,January
19-04-2025,Property Tax Online,1087.45,Bills,UPI,April
10-09-2025,Biba,5105.39,Clothing,UPI,September
20-04-2025,Gaana,233.56,Entertainment,Net Banking,April
02-07-2025,OYO,23865.42,Travel,UPI,July
23-11-2025,Taco Bell,403.3,Food,Credit Card,November
23-11-2025,Snapdeal,19042.46,Online Shopping,Credit Card,November
04-11-2025,HP World,59631.5,Electronics,Net Banking,November
25-01-2025,Apollo Hospital,11976.63,Healthcare,Net Banking,January
22-10-2025,Dominos,1390.94,Food,Debit Card,October
30-05-2025,IndiGo,4772.74,Travel,Credit Card,May
25-01-2025,BSNL,1481.87,Bills,UPI,January
09-12-2025,KFC,632.24,Food,Debit Card,December
19-04-2025,Uber,1840.26,Transport,UPI,April
20-12-2025,Gaana,990.95,Entertainment,Credit Card,December
31-05-2025,Croma,42530.06,Electronics,Debit Card,May
06-01-2025,Paradise Biryani,1472.64,Food,Debit Card,January
20-01-2025,IRCTC,22200.5,Travel,Credit Card,January
17-01-2025,Reliance Digital,109954.77,Electronics,Debit Card,January
17-02-2025,Starbucks,1115.86,Food,Net Banking,February
03-02-2025,Goibibo,28511.08,Travel,UPI,February
09-01-2025,Pantaloons,1930.43,Clothing,Net Banking,January
23-02-2025,H&M,2857.34,Clothing,Debit Card,February
09-03-2025,RedBus,1303.8,Transport,UPI,March
25-11-2025,DMart,1012.73,Grocery,Debit Card,November
04-11-2025,More Supermarket,1326.36,Grocery,Credit Card,November
18-12-2025,Fortis,12808.11,Healthcare,Debit Card,December
02-11-2025,Nykaa,18245.85,Online Shopping,Debit Card,November
16-04-2025,Uber,407.9,Transport,Debit Card,April
20-01-2025,Vodafone Idea,3108.8,Bills,Credit Card,January
14-02-2025,Yulu Bikes,1268.17,Transport,Credit Card,February
04-02-2025,Water Board,5300.32,Bills,Credit Card,February
27-04-2025,Jio Fiber,2960.55,Bills,Debit Card,April
12-09-2025,Mi Store,112938.2,Electronics,UPI,September
05-07-2025,IndiGo,15148.78,Travel,UPI,July
08-10-2025,Spencers,1631.56,Grocery,Credit Card,October
24-04-2025,Sony Center,27941.79,Electronics,Net Banking,April
09-11-2025,Yulu Bikes,794.88,Transport,Debit Card,November
25-01-2025,Biba,7546.51,Clothing,UPI,January
01-02-2025,Allen Solly,2618.3,Clothing,Debit Card,February
22-01-2025,Jio Fiber,744.81,Bills,Net Banking,January
21-07-2025,Jio Fiber,5435.64,Bills,Debit Card,July
24-05-2025,Booking.com,12485.16,Travel,Credit Card,May
07-02-2025,Metro Rail,1683.69,Transport,UPI,February
20-11-2025,YouTube Premium,448.53,Entertainment,UPI,November
02-05-2025,Myntra,11515.37,Online Shopping,Debit Card,May
23-04-2025,Adidas,7725.96,Clothing,Net Banking,April
03-03-2025,Kauvery,2448.71,Healthcare,Debit Card,March
11-11-2025,Amazon Prime,734.31,Entertainment,Net Banking,November
30-04-2025,Aster,13363.26,Healthcare,UPI,April
09-01-2025,Water Board,731.57,Bills,Debit Card,January
21-05-2025,Netmeds,18056.25,Healthcare,Debit Card,May
25-07-2025,CloudNine,4892.21,Healthcare,Debit Card,July
10-01-2025,More Supermarket,2453.33,Grocery,Credit Card,January
29-07-2025,Reliance Digital,89030.59,Electronics,Net Banking,July
01-06-2025,Nature's Basket,1505.75,Grocery,Debit Card,June
24-08-2025,TNEB,2486.92,Bills,Debit Card,August
06-09-2025,Snapdeal,14632.87,Online Shopping,Credit Card,September
11-10-2025,BigBazaar,2948.11,Grocery,Credit Card,October
31-05-2025,PharmEasy,13371.7,Healthcare,Debit Card,May
01-02-2025,Levis,7718.82,Clothing,Credit Card,February
30-07-2025,US Polo,5929.84,Clothing,UPI,July
23-08-2025,More Supermarket,3923.54,Grocery,Debit Card,August
16-12-2025,Jio Fiber,2638.17,Bills,Credit Card,December
28-02-2025,Yatra,23894.56,Travel,UPI,February
23-05-2025,SonyLiv,476.07,Entertainment,UPI,May
19-09-2025,Reliance Fresh,3386.27,Grocery,UPI,September
26-12-2025,Amazon,13229.24,Online Shopping,Credit Card,December
02-04-2025,Yatra,11768.24,Travel,Net Banking,April
24-03-2025,RedBus,1436.04,Transport,UPI,March
18-02-2025,Puma,5820.47,Clothing,Credit Card,February
30-08-2025,Metro Rail,746.04,Transport,Net Banking,August
12-01-2025,Nilgiris,2467.04,Grocery,Debit Card,January
11-09-2025,Woodland,744.37,Clothing,Net Banking,September
05-03-2025,Nike,1144.68,Clothing,Debit Card,March
11-09-2025,Chai Point,389.56,Food,Debit Card,September
15-02-2025,Yulu Bikes,1065.93,Transport,UPI,February
20-08-2025,Uber,1060.96,Transport,UPI,August
17-01-2025,Airtel,2123.18,Bills,Net Banking,January
04-02-2025,Adidas,6073.11,Clothing,UPI,February
04-03-2025,Samsung Store,15617.34,Electronics,Net Banking,March
24-03-2025,Jio Fiber,1548.83,Bills,Net Banking,March
29-07-2025,CloudNine,5970.15,Healthcare,Net Banking,July
01-01-2025,Vodafone Idea,1315.41,Bills,Debit Card,January
28-05-2025,Dell Exclusive,149827.58,Electronics,Net Banking,May
15-09-2025,Air India,4406.02,Travel,Credit Card,September
29-05-2025,Ola,763.22,Transport,UPI,May
25-09-2025,Aster,3986.5,Healthcare,Net Banking,September
22-12-2025,Ola,151.23,Transport,Net Banking,December
31-01-2025,Taco Bell,1441.81,Food,Debit Card,January
17-03-2025,Apollo Pharmacy,7335.02,Healthcare,Credit Card,March
07-08-2025,Sony Center,80272.99,Electronics,Credit Card,August
21-04-2025,Aster,6652.98,Healthcare,UPI,April
12-03-2025,Ajio,7513.01,Online Shopping,Credit Card,March
10-06-2025,Tata Cliq,4946.21,Online Shopping,Debit Card,June
27-03-2025,Airtel,5449.3,Bills,Credit Card,March
09-04-2025,BigBazaar,4952.7,Grocery,Net Banking,April
11-09-2025,ACT Fibernet,5762.81,Bills,UPI,September
22-03-2025,A2B,704.17,Food,UPI,March
08-05-2025,Myntra,1923.95,Online Shopping,Net Banking,May
02-08-2025,Fortis,7427.43,Healthcare,Credit Card,August
01-09-2025,Paradise Biryani,1044.57,Food,Debit Card,September
11-06-2025,Yulu Bikes,892.48,Transport,Debit Card,June
16-01-2025,Gas Agency,460.35,Bills,Credit Card,January
20-12-2025,Amazon,9037.37,Online Shopping,Net Banking,December
03-04-2025,Pantaloons,1612.19,Clothing,Debit Card,April
29-01-2025,Asus Store,100269.33,Electronics,UPI,January
08-08-2025,YouTube Premium,555.2,Entertainment,Credit Card,August
15-01-2025,RedBus,946.2,Transport,Debit Card,January
12-05-2025,DMart,4838.91,Grocery,Net Banking,May
29-12-2025,Noise,128986.65,Electronics,Debit Card,December
21-11-2025,JioMart,3995.22,Grocery,Credit Card,November
24-10-2025,A2B,901.05,Food,Net Banking,October
20-05-2025,Vodafone Idea,1097.54,Bills,Credit Card,May
25-03-2025,Dominos,1021.76,Food,Credit Card,March
09-03-2025,Aha,491.77,Entertainment,Debit Card,March
20-01-2025,Apple Music,731.05,Entertainment,Credit Card,January
22-05-2025,Fortis,13964.06,Healthcare,UPI,May
10-06-2025,Apollo Hospital,6206.94,Healthcare,UPI,June
29-11-2025,PharmEasy,17278.72,Healthcare,UPI,November
11-05-2025,RedBus,514.37,Transport,Net Banking,May
25-11-2025,Mi Store,106950.42,Electronics,Debit Card,November
12-08-2025,Jio Fiber,2972.85,Bills,UPI,August
26-10-2025,Dominos,1196.77,Food,Debit Card,October
12-05-2025,Levis,2807.18,Clothing,UPI,May
03-12-2025,Ajio,984.38,Online Shopping,UPI,December
08-03-2025,Yatra,13349.42,Travel,Net Banking,March
26-04-2025,Yatra,1268.84,Travel,Debit Card,April
27-06-2025,Taco Bell,686.29,Food,UPI,June
19-04-2025,TSRTC,1643.41,Transport,Debit Card,April
24-05-2025,BSNL,2566.06,Bills,UPI,May
22-11-2025,Pantaloons,6753.37,Clothing,Credit Card,November
17-05-2025,Gas Agency,4575.96,Bills,Debit Card,May
10-02-2025,Metro Rail,708.24,Transport,Credit Card,February
30-08-2025,BMTC,717.24,Transport,UPI,August
25-09-2025,Lenskart,2288.3,Online Shopping,Debit Card,September
10-02-2025,Meru Cabs,1775.92,Transport,Net Banking,February
23-10-2025,Fortis,3913.41,Healthcare,Debit Card,October
15-02-2025,Star Bazaar,3719.22,Grocery,Net Banking,February
15-09-2025,Nature's Basket,4077.1,Grocery,Net Banking,September
26-09-2025,Meesho,7650.33,Online Shopping,Net Banking,September
02-09-2025,Croma,33395.76,Electronics,Net Banking,September
04-01-2025,Chai Point,1292.15,Food,Debit Card,January
09-10-2025,Meru Cabs,217.47,Transport,Credit Card,October
03-10-2025,McDonalds,866.95,Food,Net Banking,October
07-02-2025,BMTC,1326.27,Transport,Credit Card,February
27-09-2025,Spencers,4234.16,Grocery,Credit Card,September
09-09-2025,Metro Rail,1540.62,Transport,Credit Card,September
10-10-2025,Ajio,8571.36,Online Shopping,Credit Card,October
01-03-2025,Tata Cliq,3449.18,Online Shopping,Net Banking,March
13-02-2025,Asus Store,121932.04,Electronics,Net Banking,February
11-06-2025,Taco Bell,854.95,Food,UPI,June
11-02-2025,Reliance Fresh,609.77,Grocery,Net Banking,February
26-06-2025,Netflix,334.77,Entertainment,Credit Card,June
31-03-2025,Yulu Bikes,743.49,Transport,Credit Card,March
04-04-2025,Amazon,9255.34,Online Shopping,Debit Card,April
27-09-2025,TNEB,4815.99,Bills,UPI,September
22-12-2025,BMTC,1069.34,Transport,Net Banking,December
18-10-2025,Max Fashion,6022.16,Clothing,Debit Card,October
12-05-2025,Netmeds,13424.06,Healthcare,Credit Card,May
25-08-2025,1mg,7053.85,Healthcare,Credit Card,August
09-03-2025,Vodafone Idea,1271.83,Bills,Net Banking,March
02-07-2025,Puma,3591.8,Clothing,Debit Card,July
12-09-2025,Subway,112.38,Food,Debit Card,September
01-02-2025,TNEB,3153.35,Bills,Net Banking,February
25-05-2025,Wrogn,5714.56,Clothing,UPI,May
04-10-2025,Puma,3707.8,Clothing,Net Banking,October
20-05-2025,Sony Center,133651.65,Electronics,UPI,May
27-06-2025,Snapdeal,9010.39,Online Shopping,Net Banking,June
26-02-2025,Mi Store,79609.54,Electronics,Debit Card,February
08-10-2025,Zee5,472.16,Entertainment,Debit Card,October
12-06-2025,Aha,796.06,Entertainment,Net Banking,June
31-01-2025,Tata Cliq,2285.42,Online Shopping,Debit Card,January
02-07-2025,Chai Point,709.31,Food,Credit Card,July
14-02-2025,Asus Store,4384.42,Electronics,Debit Card,February
12-11-2025,Netmeds,3336.29,Healthcare,Credit Card,November
11-04-2025,Vodafone Idea,2277.77,Bills,Debit Card,April
18-05-2025,Pizza Hut,848.22,Food,UPI,May
11-09-2025,H&M,1058.36,Clothing,Debit Card,September
26-02-2025,Gaana,312.8,Entertainment,Net Banking,February
04-09-2025,Star Bazaar,1518.47,Grocery,UPI,September
11-07-2025,Metro Rail,768.79,Transport,Debit Card,July
24-05-2025,TSRTC,682.38,Transport,Credit Card,May
28-09-2025,Rapido,631.03,Transport,Net Banking,September
30-12-2025,Nature's Basket,4822,Grocery,UPI,December
30-10-2025,Kauvery,10823.94,Healthcare,UPI,October
02-05-2025,Air India,7302.97,Travel,Debit Card,May
07-08-2025,Max Fashion,7332.71,Clothing,UPI,August
04-05-2025,Croma,9276.48,Electronics,Debit Card,May
05-05-2025,Spencers,3718.52,Grocery,Net Banking,May
16-04-2025,Subway,1429.62,Food,UPI,April
05-04-2025,Puma,2300.14,Clothing,Net Banking,April
18-02-2025,Boat Lifestyle,21654.08,Electronics,Debit Card,February
19-05-2025,Water Board,5542.92,Bills,Net Banking,May
22-03-2025,Yulu Bikes,381.22,Transport,UPI,March
31-01-2025,Goibibo,11301.57,Travel,Credit Card,January
22-02-2025,CCD,1463.42,Food,Net Banking,February
11-07-2025,Snapdeal,12752.76,Online Shopping,Credit Card,July
07-08-2025,Ajio,11678.53,Online Shopping,UPI,August
13-07-2025,Aster,6219.35,Healthcare,UPI,July
13-09-2025,Flipkart,3482.55,Online Shopping,Credit Card,September
10-06-2025,Aha,985.58,Entertainment,Credit Card,June
16-09-2025,DMart,3347.57,Grocery,Credit Card,September
28-12-2025,Vistara,4848.69,Travel,Net Banking,December
28-02-2025,Allen Solly,3820,Clothing,Debit Card,February
25-07-2025,Burger King,1294.08,Food,Net Banking,July
13-06-2025,MakeMyTrip,2098,Travel,Net Banking,June
31-07-2025,Flipkart,7043.25,Online Shopping,Credit Card,July
05-09-2025,Taco Bell,1025.1,Food,UPI,September
28-05-2025,Spencers,2859.32,Grocery,Debit Card,May
23-01-2025,Apple Store,95277.88,Electronics,UPI,January
23-03-2025,Rapido,1201.88,Transport,Debit Card,March
01-11-2025,Jio Fiber,3635.3,Bills,Credit Card,November
26-01-2025,Apple Music,769.82,Entertainment,Debit Card,January
19-07-2025,Hotstar,434.12,Entertainment,UPI,July
13-12-2025,Snapdeal,11038.23,Online Shopping,Net Banking,December
06-09-2025,Saravana Bhavan,156.61,Food,UPI,September
16-02-2025,MakeMyTrip,1443.82,Travel,UPI,February
05-04-2025,Airtel,984.73,Bills,Net Banking,April
23-02-2025,Gas Agency,560.67,Bills,Debit Card,February
22-06-2025,Air India,21037.92,Travel,Net Banking,June
17-12-2025,AirAsia,12100.86,Travel,Debit Card,December
17-07-2025,Uber,475.67,Transport,UPI,July
03-04-2025,Snapdeal,15996.31,Online Shopping,Debit Card,April
13-04-2025,Jio Fiber,5160.12,Bills,Credit Card,April
14-05-2025,Amazon,2699.64,Online Shopping,Credit Card,May
19-10-2025,Nilgiris,3228.48,Grocery,UPI,October
29-01-2025,Nykaa,3568.12,Online Shopping,Debit Card,January
17-04-2025,Yatra,6762.3,Travel,Net Banking,April
24-06-2025,DMart,544.78,Grocery,Net Banking,June
15-04-2025,Taco Bell,1101.8,Food,UPI,April
13-02-2025,Taco Bell,1128.29,Food,UPI,February
06-04-2025,MakeMyTrip,19134.58,Travel,Credit Card,April
18-03-2025,Ola,1018.39,Transport,Net Banking,March
26-10-2025,MakeMyTrip,19742.44,Travel,UPI,October
04-10-2025,YouTube Premium,187.03,Entertainment,UPI,October
28-04-2025,KFC,127.36,Food,UPI,April
23-11-2025,Nike,1858.95,Clothing,Credit Card,November
20-12-2025,Ola,250.63,Transport,Debit Card,December
08-02-2025,Flipkart,10418.07,Online Shopping,UPI,February
05-09-2025,Aha,985.74,Entertainment,Credit Card,September
11-04-2025,BSNL,4636.66,Bills,Net Banking,April
20-03-2025,Metro Rail,951.47,Transport,Debit Card,March
19-11-2025,Taco Bell,666,Food,Credit Card,November
22-02-2025,Apollo Pharmacy,11745.45,Healthcare,Debit Card,February
13-04-2025,MedPlus,858.86,Healthcare,Debit Card,April
31-08-2025,Tata Cliq,11207.32,Online Shopping,Net Banking,August
26-09-2025,DMart,1184.05,Grocery,UPI,September
10-04-2025,Allen Solly,4320.01,Clothing,UPI,April
28-04-2025,HP World,22432.73,Electronics,Debit Card,April
04-08-2025,Wrogn,4555.97,Clothing,Credit Card,August
06-02-2025,Pantaloons,1907.9,Clothing,Credit Card,February
02-03-2025,Biba,7375.27,Clothing,Credit Card,March
30-03-2025,Meesho,669.53,Online Shopping,UPI,March
08-05-2025,Ola,1492.62,Transport,Net Banking,May
11-04-2025,Noise,148868.42,Electronics,Credit Card,April
18-09-2025,Flipkart,11522.58,Online Shopping,UPI,September
21-12-2025,Zee5,213.02,Entertainment,UPI,December
08-06-2025,Spotify,187.67,Entertainment,Debit Card,June
23-01-2025,Croma,126129.14,Electronics,UPI,January
30-04-2025,Asus Store,121321.31,Electronics,Debit Card,April
28-04-2025,US Polo,2102.39,Clothing,UPI,April
20-08-2025,Noise,144680.84,Electronics,UPI,August
22-09-2025,OYO,19247.19,Travel,UPI,September
20-07-2025,Metro Rail,979.18,Transport,Debit Card,July
25-03-2025,Taco Bell,156.73,Food,Net Banking,March
18-02-2025,US Polo,1931.64,Clothing,Debit Card,February
08-04-2025,Airtel,5832.54,Bills,Net Banking,April
28-08-2025,BMTC,1315.55,Transport,Credit Card,August
09-02-2025,Nature's Basket,797.81,Grocery,Debit Card,February
10-11-2025,Burger King,406.97,Food,Net Banking,November
09-11-2025,Gas Agency,2512.27,Bills,UPI,November
25-06-2025,Saravana Bhavan,717.19,Food,Debit Card,June
07-10-2025,RedBus,1214.72,Transport,Debit Card,October
07-08-2025,Apple Store,83700.47,Electronics,Credit Card,August
16-04-2025,Tata Cliq,5446.09,Online Shopping,UPI,April
01-10-2025,Subway,786.96,Food,UPI,October
10-05-2025,Gas Agency,406.24,Bills,UPI,May
20-12-2025,Dell Exclusive,26880.08,Electronics,Credit Card,December
26-12-2025,TSRTC,1965.21,Transport,Debit Card,December
23-06-2025,Fortis,2743.05,Healthcare,Debit Card,June
04-04-2025,Air India,26089.3,Travel,Net Banking,April
30-03-2025,Burger King,480.62,Food,Debit Card,March
23-08-2025,1mg,11963.5,Healthcare,Credit Card,August
06-03-2025,BigBazaar,4701.17,Grocery,Net Banking,March
14-02-2025,Fortis,12457.2,Healthcare,UPI,February
02-12-2025,YouTube Premium,151.27,Entertainment,Net Banking,December
25-09-2025,Zee5,382.06,Entertainment,UPI,September
21-03-2025,Apple Store,31672.53,Electronics,Debit Card,March
18-08-2025,Gas Agency,5258.43,Bills,Credit Card,August
06-06-2025,Meru Cabs,515.45,Transport,UPI,June
05-02-2025,Meesho,13971.68,Online Shopping,UPI,February
16-03-2025,Uber,758.94,Transport,Net Banking,March
18-07-2025,IndiGo,22948.03,Travel,Debit Card,July
03-04-2025,OnePlus,58886.94,Electronics,UPI,April
06-03-2025,Gas Agency,4427.04,Bills,Credit Card,March
08-09-2025,Kauvery,2023.07,Healthcare,Credit Card,September
18-10-2025,Apollo Pharmacy,12768.23,Healthcare,Credit Card,October
01-03-2025,TNEB,1569.14,Bills,Debit Card,March
18-03-2025,Jio Fiber,2957.84,Bills,Credit Card,March
10-12-2025,RedBus,1883.94,Transport,Debit Card,December
20-01-2025,BigBazaar,3055.25,Grocery,Net Banking,January
10-08-2025,DMart,4970.88,Grocery,Credit Card,August
15-11-2025,Levis,2678.87,Clothing,Credit Card,November
22-10-2025,Property Tax Online,2159.24,Bills,Net Banking,October
28-11-2025,Lenskart,1610.55,Online Shopping,UPI,November
20-11-2025,Lenskart,6367.17,Online Shopping,UPI,November
10-07-2025,Apple Store,45072.31,Electronics,Debit Card,July
10-12-2025,Saravana Bhavan,262.16,Food,Net Banking,December
15-06-2025,Spotify,457,Entertainment,Debit Card,June
18-05-2025,AirAsia,23295.11,Travel,Debit Card,May
17-08-2025,PharmEasy,16371.8,Healthcare,Debit Card,August
23-06-2025,AirAsia,8726.51,Travel,Credit Card,June
28-08-2025,Pantaloons,1107.1,Clothing,Net Banking,August
31-03-2025,Meru Cabs,469.3,Transport,UPI,March
21-07-2025,MedPlus,16339.95,Healthcare,Debit Card,July
17-10-2025,TNEB,3073.97,Bills,Debit Card,October
29-03-2025,Aha,895.9,Entertainment,UPI,March
15-03-2025,Samsung Store,55623.48,Electronics,Debit Card,March
12-08-2025,Snapdeal,8853.21,Online Shopping,Net Banking,August
16-07-2025,Apple Store,77660.99,Electronics,Net Banking,July
02-07-2025,Pepperfry,16910.2,Online Shopping,UPI,July
12-04-2025,Allen Solly,3472.43,Clothing,Net Banking,April
06-10-2025,Nature's Basket,1267.28,Grocery,UPI,October
23-06-2025,Ola,1504.8,Transport,Debit Card,June
13-03-2025,Woodland,6784.91,Clothing,Credit Card,March
26-05-2025,AirAsia,17359.09,Travel,Net Banking,May
10-08-2025,Allen Solly,2073.43,Clothing,Credit Card,August
07-09-2025,Vistara,21249.98,Travel,Debit Card,September
14-10-2025,Goibibo,637.01,Travel,Net Banking,October
16-03-2025,Meesho,13379.74,Online Shopping,Debit Card,March
08-07-2025,IndiGo,645.72,Travel,Credit Card,July
02-09-2025,Samsung Store,131791.02,Electronics,UPI,September
08-02-2025,Air India,17890.12,Travel,Net Banking,February
25-05-2025,Property Tax Online,904.58,Bills,Debit Card,May
17-06-2025,RedBus,1838.98,Transport,Net Banking,June
25-08-2025,PharmEasy,12568.29,Healthcare,Net Banking,August
18-09-2025,Burger King,862.68,Food,UPI,September
04-03-2025,Biba,703.04,Clothing,UPI,March
18-08-2025,AirAsia,5058.31,Travel,Net Banking,August
23-06-2025,Tata Cliq,14791.89,Online Shopping,Debit Card,June
21-12-2025,Starbucks,315.03,Food,Net Banking,December
09-01-2025,Puma,5912.64,Clothing,Debit Card,January
18-02-2025,Reliance Digital,19881.19,Electronics,Credit Card,February
19-04-2025,Fortis,17319.26,Healthcare,Credit Card,April
23-04-2025,IRCTC,14184.12,Travel,Debit Card,April
06-09-2025,Goibibo,17686.79,Travel,Net Banking,September
23-04-2025,DMart,2993.96,Grocery,Net Banking,April
20-05-2025,Kauvery,12846.82,Healthcare,Credit Card,May
14-03-2025,Biba,6330.6,Clothing,Debit Card,March
07-04-2025,PharmEasy,17378.93,Healthcare,Net Banking,April
14-08-2025,Allen Solly,3444.23,Clothing,UPI,August
27-08-2025,US Polo,1911.73,Clothing,Debit Card,August
19-01-2025,Zee5,364.94,Entertainment,Credit Card,January
10-05-2025,Tata Cliq,8315.83,Online Shopping,Net Banking,May
25-05-2025,Airtel,2374.79,Bills,Net Banking,May
05-04-2025,Nike,6706.76,Clothing,Credit Card,April
22-09-2025,More Supermarket,4944.64,Grocery,Credit Card,September
17-08-2025,KFC,356.24,Food,Net Banking,August
24-01-2025,TNEB,570.26,Bills,UPI,January
28-08-2025,Ajio,4660.59,Online Shopping,Debit Card,August
12-01-2025,Chai Point,362.03,Food,Credit Card,January
12-07-2025,Yulu Bikes,1258.32,Transport,Debit Card,July
27-12-2025,IRCTC,9349.01,Travel,Net Banking,December
14-04-2025,H&M,4321.91,Clothing,Debit Card,April
24-02-2025,Ajio,5767.52,Online Shopping,Net Banking,February
05-08-2025,More Supermarket,1707,Grocery,Debit Card,August
08-09-2025,IRCTC,25260.5,Travel,Credit Card,September
30-01-2025,BSNL,5054.85,Bills,Debit Card,January
26-11-2025,Croma,13015.63,Electronics,Credit Card,November
24-02-2025,Hotstar,738.66,Entertainment,Net Banking,February
15-08-2025,Vistara,9939.41,Travel,Credit Card,August
20-04-2025,Uber,1095.32,Transport,Debit Card,April
24-01-2025,Mi Store,79557.35,Electronics,Net Banking,January
28-06-2025,SonyLiv,877,Entertainment,UPI,June
11-04-2025,AirAsia,7733.8,Travel,Credit Card,April
30-08-2025,Boat Lifestyle,14131.39,Electronics,UPI,August
19-07-2025,Starbucks,651.01,Food,Debit Card,July
20-09-2025,SonyLiv,447.98,Entertainment,Net Banking,September
10-03-2025,TNEB,2869.21,Bills,Net Banking,March
20-12-2025,US Polo,7351.62,Clothing,Debit Card,December
18-01-2025,Goibibo,18781.06,Travel,Debit Card,January
18-03-2025,Barbeque Nation,1079.56,Food,Net Banking,March
10-06-2025,A2B,994.3,Food,Credit Card,June
01-06-2025,Lenskart,19174.23,Online Shopping,Debit Card,June
11-08-2025,BSNL,1052.35,Bills,Debit Card,August
08-04-2025,Snapdeal,15641.11,Online Shopping,Net Banking,April
25-01-2025,Jio Fiber,2232.88,Bills,UPI,January
13-02-2025,Noise,146242.21,Electronics,Debit Card,February
12-11-2025,IndiGo,17614.68,Travel,UPI,November
07-05-2025,Zara,6593.23,Clothing,UPI,May
19-06-2025,Nature's Basket,4591.08,Grocery,Credit Card,June
20-07-2025,BigBazaar,4652.42,Grocery,Credit Card,July
07-07-2025,Subway,207.38,Food,Net Banking,July
06-12-2025,Uber,277.66,Transport,Credit Card,December
17-10-2025,Star Bazaar,1226.08,Grocery,UPI,October
21-06-2025,Yulu Bikes,1859.92,Transport,UPI,June
09-03-2025,Reliance Digital,59539.88,Electronics,Net Banking,March
22-09-2025,Cream Stone,385.89,Food,Debit Card,September
03-09-2025,Yatra,24862.99,Travel,Net Banking,September
26-03-2025,Apple Store,4672.95,Electronics,Debit Card,March
15-08-2025,Flipkart,8857.51,Online Shopping,UPI,August
07-11-2025,Levis,5773.41,Clothing,Debit Card,November
20-01-2025,Amazon Prime,345.99,Entertainment,Net Banking,January
14-06-2025,A2B,235.68,Food,Credit Card,June
10-03-2025,Gaana,745.12,Entertainment,Net Banking,March
07-06-2025,Zee5,835.25,Entertainment,Net Banking,June
18-05-2025,Ola,1815.79,Transport,Debit Card,May
15-04-2025,Aster,9395.38,Healthcare,Net Banking,April
12-05-2025,Air India,20586.06,Travel,Debit Card,May
10-12-2025,Pepperfry,10360.62,Online Shopping,UPI,December
05-06-2025,AirAsia,24792.07,Travel,Net Banking,June
21-04-2025,Nature's Basket,3824.03,Grocery,Debit Card,April
01-06-2025,Spencers,3509.88,Grocery,Debit Card,June
22-06-2025,IndiGo,27326.08,Travel,UPI,June
17-01-2025,Wrogn,6973.86,Clothing,Credit Card,January
20-04-2025,Apple Store,94947.9,Electronics,Credit Card,April
18-08-2025,RedBus,776.13,Transport,Credit Card,August
17-04-2025,Max Fashion,2863.36,Clothing,Credit Card,April
10-09-2025,Myntra,10413.28,Online Shopping,Debit Card,September
17-07-2025,OYO,2967.06,Travel,Credit Card,July
20-04-2025,Ola,920.01,Transport,UPI,April
11-12-2025,AirAsia,24876.32,Travel,Net Banking,December
14-06-2025,Vodafone Idea,5276.3,Bills,UPI,June
20-04-2025,Chai Point,146.59,Food,Net Banking,April
22-03-2025,ACT Fibernet,3449.75,Bills,UPI,March
20-08-2025,Mi Store,61262.59,Electronics,Credit Card,August
03-11-2025,Apollo Pharmacy,19959.97,Healthcare,Credit Card,November
29-04-2025,McDonalds,1191.74,Food,UPI,April
19-11-2025,Aha,530.69,Entertainment,Credit Card,November
21-06-2025,Woodland,2503.3,Clothing,UPI,June
15-09-2025,Barbeque Nation,1161.55,Food,Credit Card,September
12-05-2025,Apple Music,212.79,Entertainment,UPI,May
11-05-2025,MedPlus,16518.09,Healthcare,Debit Card,May
05-02-2025,Nature's Basket,1105.22,Grocery,Debit Card,February
13-04-2025,Metro Rail,497.67,Transport,Credit Card,April
25-01-2025,Goibibo,28534.39,Travel,UPI,January
18-05-2025,Netmeds,17752.72,Healthcare,Debit Card,May
13-04-2025,OYO,11901.64,Travel,UPI,April
29-11-2025,Puma,3538.15,Clothing,Debit Card,November
04-08-2025,Amazon Prime,801.64,Entertainment,Debit Card,August
29-06-2025,Burger King,674.68,Food,Net Banking,June
31-12-2025,Star Bazaar,1222.79,Grocery,Net Banking,December
07-06-2025,Netflix,744.82,Entertainment,Debit Card,June
23-05-2025,YouTube Premium,152.7,Entertainment,Debit Card,May
24-10-2025,Croma,7645.24,Electronics,Credit Card,October
20-08-2025,Paradise Biryani,1206.33,Food,Net Banking,August
12-08-2025,Spotify,521.01,Entertainment,Credit Card,August
15-04-2025,Lenskart,4339.9,Online Shopping,Debit Card,April
19-12-2025,Samsung Store,85147.97,Electronics,Credit Card,December
21-12-2025,Tata Cliq,19129.99,Online Shopping,Debit Card,December
04-01-2025,Airtel,708.03,Bills,Debit Card,January
09-06-2025,Water Board,1846.73,Bills,Credit Card,June
06-09-2025,Nike,2003.49,Clothing,Net Banking,September
14-09-2025,IndiGo,10977.16,Travel,Debit Card,September
16-09-2025,AirAsia,5006.35,Travel,Debit Card,September
30-11-2025,Property Tax Online,4281.98,Bills,Net Banking,November
15-07-2025,Nilgiris,3147.08,Grocery,Debit Card,July
13-10-2025,Zee5,210.54,Entertainment,Debit Card,October
26-04-2025,OnePlus,109124.13,Electronics,Credit Card,April
26-10-2025,AirAsia,8681.09,Travel,Net Banking,October
14-01-2025,Apple Music,133,Entertainment,UPI,January
01-11-2025,SonyLiv,279.45,Entertainment,Net Banking,November
11-10-2025,Spotify,316.46,Entertainment,UPI,October
05-03-2025,CloudNine,9430.09,Healthcare,Debit Card,March
03-05-2025,Jio Fiber,5264.96,Bills,Net Banking,May
30-04-2025,Vivo Store,25307.36,Electronics,Debit Card,April
04-05-2025,Property Tax Online,3894.78,Bills,Debit Card,May
12-08-2025,Spencers,1099.24,Grocery,Net Banking,August
19-05-2025,TSRTC,504.93,Transport,Net Banking,May
18-09-2025,Zee5,800.61,Entertainment,Credit Card,September
05-12-2025,CloudNine,10377.31,Healthcare,Debit Card,December
09-10-2025,Puma,5481.39,Clothing,Credit Card,October
06-04-2025,OnePlus,101717.97,Electronics,UPI,April
02-04-2025,Jio Fiber,463.68,Bills,Credit Card,April
06-02-2025,TNEB,2588.63,Bills,UPI,February
10-12-2025,HP World,100023.31,Electronics,Net Banking,December
18-09-2025,CloudNine,4551.49,Healthcare,Credit Card,September
21-08-2025,Booking.com,15255.35,Travel,UPI,August
21-11-2025,Mi Store,53497.25,Electronics,Credit Card,November
03-08-2025,Levis,4003.98,Clothing,Debit Card,August
10-06-2025,Burger King,402.31,Food,UPI,June
07-09-2025,Meru Cabs,1178.49,Transport,Debit Card,September
21-03-2025,Property Tax Online,2686.5,Bills,Net Banking,March
14-11-2025,Reliance Digital,71195.72,Electronics,Credit Card,November
10-02-2025,Meesho,2899.28,Online Shopping,Credit Card,February
16-12-2025,Ola,1868.42,Transport,UPI,December
08-08-2025,Boat Lifestyle,106877.23,Electronics,Net Banking,August
01-01-2025,JioMart,4198.03,Grocery,Credit Card,January
16-05-2025,Gaana,661.85,Entertainment,Net Banking,May
04-07-2025,Meru Cabs,1603.79,Transport,Net Banking,July
18-01-2025,Dell Exclusive,39239.39,Electronics,Net Banking,January
16-06-2025,Ola,1425.93,Transport,Net Banking,June
01-01-2025,BMTC,863.68,Transport,UPI,January
08-02-2025,Woodland,1934.4,Clothing,Credit Card,February
07-11-2025,Nykaa,13298.55,Online Shopping,Credit Card,November
25-05-2025,Croma,41636.74,Electronics,Net Banking,May
10-02-2025,Snapdeal,5128.82,Online Shopping,Net Banking,February
02-10-2025,H&M,533.58,Clothing,Net Banking,October
18-05-2025,Meru Cabs,677.19,Transport,UPI,May
19-10-2025,Barbeque Nation,986.27,Food,Credit Card,October
15-06-2025,SonyLiv,579.93,Entertainment,Net Banking,June
06-04-2025,Max Fashion,4405.96,Clothing,Net Banking,April
24-03-2025,Levis,4233.95,Clothing,Net Banking,March
19-03-2025,Apollo Pharmacy,3794.16,Healthcare,UPI,March
27-03-2025,Cream Stone,585.17,Food,Net Banking,March
24-11-2025,Starbucks,624.66,Food,UPI,November
27-12-2025,Vistara,14448.81,Travel,UPI,December
01-11-2025,Samsung Store,75811.51,Electronics,Debit Card,November
25-09-2025,Apple Store,60321.93,Electronics,Credit Card,September
12-12-2025,Fortis,5244.13,Healthcare,Debit Card,December
06-11-2025,Booking.com,23541.71,Travel,UPI,November
15-03-2025,Ajio,7219.14,Online Shopping,Debit Card,March
02-07-2025,Gas Agency,2143.18,Bills,Net Banking,July
19-05-2025,McDonalds,1357.82,Food,UPI,May
18-06-2025,Reliance Fresh,631.66,Grocery,Credit Card,June
18-08-2025,Nilgiris,3747.49,Grocery,Debit Card,August
19-10-2025,Ajio,7304.85,Online Shopping,Debit Card,October
01-05-2025,Ola,1301.46,Transport,UPI,May
17-12-2025,H&M,6003.79,Clothing,Debit Card,December
30-10-2025,Aster,6794.18,Healthcare,Net Banking,October
04-08-2025,PharmEasy,9959.83,Healthcare,UPI,August
21-08-2025,DMart,743.28,Grocery,Net Banking,August
01-08-2025,ACT Fibernet,5473.5,Bills,Credit Card,August
07-07-2025,Lenskart,17938.78,Online Shopping,Net Banking,July
02-08-2025,Vivo Store,5518.31,Electronics,UPI,August
28-03-2025,Airtel,4150.14,Bills,Debit Card,March
10-09-2025,HP World,70563.64,Electronics,Credit Card,September
17-07-2025,Allen Solly,5934.38,Clothing,UPI,July
17-11-2025,Puma,2905.34,Clothing,Credit Card,November
21-12-2025,Tata Cliq,1327.8,Online Shopping,UPI,December
27-05-2025,Barbeque Nation,516.9,Food,Credit Card,May
02-06-2025,JioMart,1855,Grocery,Credit Card,June
20-02-2025,JioMart,3888.84,Grocery,Credit Card,February
10-06-2025,Apple Music,483.05,Entertainment,Net Banking,June
21-01-2025,Vodafone Idea,2115.45,Bills,UPI,January
25-06-2025,IRCTC,11331.33,Travel,UPI,June
11-04-2025,Aha,533.35,Entertainment,UPI,April
27-06-2025,Spotify,360.35,Entertainment,UPI,June
23-09-2025,SonyLiv,232.65,Entertainment,Credit Card,September
27-12-2025,Jio Fiber,3207.65,Bills,Net Banking,December
02-09-2025,Apple Store,3476.77,Electronics,Net Banking,September
28-03-2025,Property Tax Online,4012.24,Bills,UPI,March
27-09-2025,Property Tax Online,1936,Bills,UPI,September
04-07-2025,Netmeds,5336.76,Healthcare,UPI,July
18-09-2025,Ola,1857.53,Transport,Net Banking,September
11-05-2025,SonyLiv,198.05,Entertainment,Credit Card,May
17-11-2025,Fortis,17672.44,Healthcare,Net Banking,November
08-10-2025,Levis,4202.97,Clothing,UPI,October
12-08-2025,Property Tax Online,979.6,Bills,Credit Card,August
17-07-2025,Starbucks,776.43,Food,Debit Card,July
24-09-2025,Kauvery,17378.77,Healthcare,Debit Card,September
31-08-2025,Flipkart,4289.96,Online Shopping,Net Banking,August
03-04-2025,Nykaa,3313.93,Online Shopping,UPI,April
28-03-2025,Woodland,5596.62,Clothing,Net Banking,March
03-10-2025,US Polo,2799.37,Clothing,Net Banking,October
23-10-2025,Dominos,1252.43,Food,Credit Card,October
07-04-2025,Meru Cabs,397.79,Transport,UPI,April
07-11-2025,Snapdeal,10606.63,Online Shopping,UPI,November
30-12-2025,Vistara,20544.69,Travel,Credit Card,December
21-03-2025,Spotify,299.37,Entertainment,Net Banking,March
21-11-2025,Flipkart,19113.45,Online Shopping,Debit Card,November
28-08-2025,Reliance Fresh,2938.68,Grocery,Net Banking,August
08-09-2025,Snapdeal,1629.64,Online Shopping,Debit Card,September
17-01-2025,Puma,7885.96,Clothing,Net Banking,January
11-02-2025,MakeMyTrip,24570.52,Travel,Net Banking,February
27-04-2025,Apollo Hospital,9751.27,Healthcare,Net Banking,April
17-06-2025,Tata Cliq,13236.22,Online Shopping,Debit Card,June
18-05-2025,Flipkart,6497.12,Online Shopping,Credit Card,May
01-06-2025,Croma,14756.78,Electronics,Net Banking,June
11-12-2025,Dell Exclusive,54113.41,Electronics,Net Banking,December
09-12-2025,Asus Store,10251.95,Electronics,Debit Card,December
10-02-2025,SonyLiv,774.96,Entertainment,Debit Card,February
13-12-2025,Snapdeal,19841.89,Online Shopping,UPI,December
20-01-2025,AirAsia,14181.93,Travel,Net Banking,January
24-08-2025,Vodafone Idea,2018.63,Bills,UPI,August
28-08-2025,More Supermarket,3808.69,Grocery,UPI,August
30-01-2025,Flipkart,6495.11,Online Shopping,Net Banking,January
05-06-2025,Netmeds,18283.93,Healthcare,UPI,June
12-11-2025,Metro Rail,1479.82,Transport,UPI,November
22-08-2025,RedBus,1976.82,Transport,Net Banking,August
15-02-2025,Dell Exclusive,43427.79,Electronics,Net Banking,February
21-10-2025,Gas Agency,2230.57,Bills,UPI,October
19-02-2025,Vistara,18118.68,Travel,Debit Card,February
11-07-2025,JioMart,4493.99,Grocery,Debit Card,July
14-03-2025,Amazon,11725.73,Online Shopping,Credit Card,March
05-01-2025,Apollo Pharmacy,11102.86,Healthcare,UPI,January
21-11-2025,Croma,42058.8,Electronics,Credit Card,November
11-04-2025,Rapido,1373.91,Transport,Debit Card,April
17-12-2025,Snapdeal,438.2,Online Shopping,Credit Card,December
24-10-2025,Nike,4961.49,Clothing,Net Banking,October
15-06-2025,KFC,893.4,Food,Credit Card,June
04-10-2025,Spencers,1671.11,Grocery,Net Banking,October
13-12-2025,Yulu Bikes,1613.43,Transport,Debit Card,December
26-04-2025,Myntra,10701.7,Online Shopping,Credit Card,April
05-12-2025,Burger King,966.17,Food,Debit Card,December
07-05-2025,Amazon Prime,593.96,Entertainment,Credit Card,May
11-10-2025,Sony Center,50830.94,Electronics,UPI,October
24-09-2025,Booking.com,26504.29,Travel,UPI,September
05-03-2025,Spencers,4317.2,Grocery,UPI,March
04-11-2025,Goibibo,9802.09,Travel,Credit Card,November
25-05-2025,OYO,26838.29,Travel,Debit Card,May
30-05-2025,BMTC,1683.14,Transport,Net Banking,May
27-07-2025,DMart,2974.49,Grocery,UPI,July
28-04-2025,MedPlus,1510.32,Healthcare,Net Banking,April
09-09-2025,Nilgiris,2332.17,Grocery,Net Banking,September
08-01-2025,MedPlus,3800.8,Healthcare,Credit Card,January
26-11-2025,Sony Center,73315.08,Electronics,Credit Card,November
06-02-2025,TSRTC,1597.16,Transport,Net Banking,February
20-04-2025,Nykaa,5447.06,Online Shopping,Net Banking,April
30-08-2025,Apollo Pharmacy,1776.72,Healthcare,Debit Card,August
01-02-2025,Booking.com,16696.36,Travel,Net Banking,February
05-02-2025,Star Bazaar,3796.5,Grocery,Debit Card,February
31-12-2025,Rapido,1280.04,Transport,Credit Card,December
03-03-2025,Spencers,3591.6,Grocery,Net Banking,March
24-03-2025,Property Tax Online,5538.89,Bills,Debit Card,March
05-01-2025,KFC,1341.92,Food,Credit Card,January
25-02-2025,Pantaloons,4959.44,Clothing,Net Banking,February
28-02-2025,Flipkart,3373.93,Online Shopping,UPI,February
08-01-2025,Hotstar,573.75,Entertainment,Debit Card,January
09-04-2025,Meru Cabs,766.8,Transport,Debit Card,April
14-05-2025,Goibibo,29218.23,Travel,UPI,May
11-05-2025,Zee5,907.87,Entertainment,Debit Card,May
27-02-2025,Fortis,14786.29,Healthcare,Credit Card,February
02-09-2025,Tata Cliq,6012.98,Online Shopping,UPI,September
20-03-2025,RedBus,1992.82,Transport,Net Banking,March
17-07-2025,Amazon Prime,332.2,Entertainment,UPI,July
04-12-2025,Reliance Fresh,1521.79,Grocery,Credit Card,December
15-01-2025,Starbucks,902.28,Food,Debit Card,January
24-08-2025,Kauvery,7750.85,Healthcare,Net Banking,August
04-09-2025,OYO,16201.24,Travel,Credit Card,September
13-01-2025,Allen Solly,7152.43,Clothing,Credit Card,January
10-06-2025,Dell Exclusive,142618.89,Electronics,UPI,June
22-06-2025,Vivo Store,40569.73,Electronics,UPI,June
10-05-2025,Apollo Pharmacy,758.12,Healthcare,Net Banking,May
07-10-2025,Asus Store,146738.13,Electronics,Net Banking,October
25-07-2025,Subway,306.57,Food,Credit Card,July
08-04-2025,Aha,697.69,Entertainment,Debit Card,April
21-09-2025,Snapdeal,19363.84,Online Shopping,UPI,September
20-04-2025,CCD,419.02,Food,UPI,April
16-04-2025,Pizza Hut,1476.81,Food,Debit Card,April
22-03-2025,Nilgiris,1524.09,Grocery,Debit Card,March
02-06-2025,Jio Fiber,5625.53,Bills,Debit Card,June
25-02-2025,Apple Music,611.35,Entertainment,Credit Card,February
21-07-2025,Yulu Bikes,770.03,Transport,Debit Card,July
24-10-2025,Fortis,18682.5,Healthcare,Net Banking,October
08-03-2025,HP World,5691.5,Electronics,UPI,March
02-09-2025,Vivo Store,133751.8,Electronics,Credit Card,September
14-12-2025,Asus Store,29241.25,Electronics,Credit Card,December
16-08-2025,CCD,699.11,Food,Credit Card,August
23-12-2025,Meesho,16181.58,Online Shopping,UPI,December
13-04-2025,Metro Rail,349.23,Transport,Credit Card,April
18-12-2025,More Supermarket,2250.23,Grocery,Net Banking,December
01-08-2025,Boat Lifestyle,111657.94,Electronics,Net Banking,August
30-03-2025,MakeMyTrip,3404.91,Travel,Credit Card,March
13-05-2025,Yulu Bikes,58.21,Transport,Net Banking,May
23-12-2025,Rapido,1121.25,Transport,Debit Card,December
26-01-2025,1mg,3969.59,Healthcare,UPI,January
04-05-2025,Starbucks,379.02,Food,Credit Card,May
31-08-2025,More Supermarket,3539.05,Grocery,Net Banking,August
23-02-2025,Goibibo,16573.84,Travel,Debit Card,February
19-01-2025,Sony Center,91298.76,Electronics,Net Banking,January
19-11-2025,CCD,564.1,Food,UPI,November
16-11-2025,Reliance Digital,112761.81,Electronics,Credit Card,November
22-11-2025,Barbeque Nation,590.7,Food,Debit Card,November
26-03-2025,Apollo Hospital,17138.8,Healthcare,Debit Card,March
07-03-2025,Flipkart,1208.77,Online Shopping,Net Banking,March
26-12-2025,Max Fashion,4704.32,Clothing,UPI,December
06-05-2025,Tata Cliq,4419.55,Online Shopping,Debit Card,May
17-02-2025,PharmEasy,18212.65,Healthcare,Net Banking,February
12-02-2025,BMTC,1216.73,Transport,Net Banking,February
01-12-2025,More Supermarket,3510.13,Grocery,Net Banking,December
09-05-2025,Apple Music,746.94,Entertainment,Net Banking,May
21-01-2025,Star Bazaar,1564.4,Grocery,Debit Card,January
12-05-2025,Vodafone Idea,4962.2,Bills,Debit Card,May
08-05-2025,AirAsia,8077.37,Travel,Debit Card,May
19-01-2025,Nature's Basket,949.03,Grocery,UPI,January
29-03-2025,Flipkart,18660.5,Online Shopping,Debit Card,March
28-05-2025,Wrogn,2384.26,Clothing,Net Banking,May
12-12-2025,Gaana,278.6,Entertainment,Net Banking,December
08-01-2025,Netmeds,12054.54,Healthcare,Debit Card,January
05-06-2025,Meesho,16205.38,Online Shopping,UPI,June
21-02-2025,OnePlus,31426.39,Electronics,UPI,February
19-02-2025,Yulu Bikes,1346.99,Transport,Net Banking,February
04-10-2025,Rapido,551.16,Transport,Debit Card,October
13-12-2025,Pizza Hut,457.46,Food,Credit Card,December
19-08-2025,Taco Bell,1134.06,Food,Net Banking,August
08-06-2025,Netmeds,17521.91,Healthcare,Debit Card,June
18-08-2025,Pantaloons,4472.88,Clothing,Credit Card,August
23-06-2025,RedBus,1868.12,Transport,UPI,June
17-02-2025,Yulu Bikes,1794.84,Transport,Credit Card,February
10-02-2025,Myntra,1998.59,Online Shopping,UPI,February
25-08-2025,Yulu Bikes,156.58,Transport,Debit Card,August
08-12-2025,Allen Solly,4020.62,Clothing,Debit Card,December
28-08-2025,Nykaa,9761.19,Online Shopping,Debit Card,August
25-01-2025,TSRTC,1059.18,Transport,Net Banking,January
05-11-2025,Yatra,14735.1,Travel,Net Banking,November
21-08-2025,TNEB,214.21,Bills,Net Banking,August
19-10-2025,Zee5,226.41,Entertainment,Credit Card,October
24-10-2025,Sony Center,108636.9,Electronics,Credit Card,October
10-03-2025,Starbucks,1190.86,Food,UPI,March
13-07-2025,OnePlus,65327.02,Electronics,Credit Card,July
18-06-2025,Flipkart,9329.62,Online Shopping,UPI,June
09-11-2025,AirAsia,27648.16,Travel,Net Banking,November
02-12-2025,CloudNine,8938.66,Healthcare,Net Banking,December
22-04-2025,Wrogn,3593.32,Clothing,Credit Card,April
20-07-2025,Aster,11829.28,Healthcare,UPI,July
13-05-2025,Spotify,588.71,Entertainment,UPI,May
28-01-2025,Biba,6814.87,Clothing,Credit Card,January
04-06-2025,More Supermarket,2624.97,Grocery,Net Banking,June
22-01-2025,Zee5,377.51,Entertainment,Net Banking,January
22-09-2025,Samsung Store,64099.81,Electronics,Debit Card,September
03-09-2025,Apollo Hospital,18800.89,Healthcare,Debit Card,September
02-05-2025,OYO,2631.1,Travel,Debit Card,May
22-04-2025,Yulu Bikes,1071.05,Transport,Net Banking,April
07-11-2025,Levis,4222.91,Clothing,Credit Card,November
15-01-2025,Aha,604.52,Entertainment,Credit Card,January
17-11-2025,Meesho,13075.62,Online Shopping,UPI,November
13-03-2025,Pepperfry,16551.34,Online Shopping,Debit Card,March
16-03-2025,Ola,1427.04,Transport,Credit Card,March
19-01-2025,OYO,1940.09,Travel,Net Banking,January
14-11-2025,Reliance Digital,136347.98,Electronics,Debit Card,November
17-08-2025,MakeMyTrip,10656.22,Travel,Debit Card,August
14-06-2025,Samsung Store,20693.81,Electronics,UPI,June
30-03-2025,Burger King,555.57,Food,UPI,March
22-05-2025,Meesho,3311.49,Online Shopping,Debit Card,May
08-10-2025,Zee5,876.44,Entertainment,Credit Card,October
09-01-2025,Metro Rail,1552.86,Transport,Net Banking,January
13-08-2025,Pantaloons,1512.62,Clothing,Credit Card,August
14-09-2025,BigBazaar,1358.81,Grocery,Net Banking,September
09-11-2025,Gas Agency,4209.88,Bills,Net Banking,November
22-03-2025,Vodafone Idea,2730.7,Bills,Debit Card,March
06-07-2025,CCD,187.17,Food,UPI,July
16-08-2025,Airtel,579.33,Bills,UPI,August
31-03-2025,Tata Cliq,3100.59,Online Shopping,Net Banking,March
29-01-2025,Meru Cabs,1065.72,Transport,UPI,January
07-03-2025,Nike,6887.11,Clothing,UPI,March
19-09-2025,YouTube Premium,464.95,Entertainment,Credit Card,September
18-04-2025,Airtel,3779.62,Bills,UPI,April
26-05-2025,Pantaloons,6064.11,Clothing,UPI,May
17-06-2025,Lenskart,18827.87,Online Shopping,Net Banking,June
10-07-2025,Yatra,3998.58,Travel,Net Banking,July
25-04-2025,IndiGo,15378.87,Travel,UPI,April
14-06-2025,Asus Store,87603.4,Electronics,Debit Card,June
07-11-2025,Property Tax Online,3079.02,Bills,Debit Card,November
21-10-2025,BMTC,1856.49,Transport,UPI,October
09-06-2025,Amazon,5998.78,Online Shopping,Debit Card,June
01-06-2025,Aster,3567.41,Healthcare,Debit Card,June
05-01-2025,Kauvery,7356.15,Healthcare,Debit Card,January
14-01-2025,Spotify,956.58,Entertainment,Credit Card,January
05-04-2025,Meru Cabs,224.13,Transport,Net Banking,April
29-10-2025,Biba,4869.52,Clothing,Credit Card,October
18-06-2025,Uber,1321.72,Transport,Credit Card,June
16-08-2025,Jio Fiber,4509.38,Bills,Credit Card,August
18-10-2025,OYO,11403.35,Travel,Net Banking,October
06-07-2025,Goibibo,9975.44,Travel,Net Banking,July
12-03-2025,McDonalds,101.19,Food,UPI,March
05-03-2025,McDonalds,1295.73,Food,Credit Card,March
01-07-2025,Levis,7921.63,Clothing,Net Banking,July
26-03-2025,PharmEasy,4518.55,Healthcare,Debit Card,March
30-06-2025,Gaana,881.06,Entertainment,UPI,June
20-02-2025,A2B,1397.71,Food,UPI,February
15-11-2025,Amazon,15698.76,Online Shopping,Debit Card,November
21-07-2025,Puma,4690.91,Clothing,Net Banking,July
16-01-2025,H&M,3174.31,Clothing,Debit Card,January
04-01-2025,TNEB,2790.27,Bills,Net Banking,January
02-12-2025,US Polo,721.31,Clothing,Debit Card,December
16-08-2025,Zee5,684.52,Entertainment,UPI,August
11-12-2025,Netmeds,12679.1,Healthcare,Credit Card,December
13-06-2025,Starbucks,235.97,Food,UPI,June
10-01-2025,Nykaa,10943.22,Online Shopping,UPI,January
25-03-2025,TSRTC,95.85,Transport,Debit Card,March
22-02-2025,CCD,1334.77,Food,Net Banking,February
11-02-2025,Ola,1443.94,Transport,Net Banking,February
28-01-2025,YouTube Premium,436.49,Entertainment,Debit Card,January
09-12-2025,Nature's Basket,4463.2,Grocery,Credit Card,December
25-09-2025,RedBus,342.33,Transport,Net Banking,September
20-03-2025,Fortis,16618.39,Healthcare,UPI,March
25-03-2025,Taco Bell,158.22,Food,Net Banking,March
07-09-2025,IndiGo,26922.95,Travel,Net Banking,September
28-07-2025,Aha,464.53,Entertainment,Credit Card,July
05-07-2025,Cream Stone,184.68,Food,Credit Card,July
06-09-2025,Booking.com,28217.02,Travel,Credit Card,September
30-01-2025,ACT Fibernet,3458.77,Bills,UPI,January
04-11-2025,Apollo Pharmacy,14977.82,Healthcare,Debit Card,November
14-04-2025,Barbeque Nation,325.84,Food,Credit Card,April
10-06-2025,1mg,5188.11,Healthcare,UPI,June
15-04-2025,Vodafone Idea,1531.55,Bills,Debit Card,April
02-11-2025,ACT Fibernet,2298.36,Bills,UPI,November
22-03-2025,Taco Bell,265.57,Food,UPI,March
04-01-2025,Aha,806.63,Entertainment,UPI,January
13-01-2025,Water Board,714.35,Bills,Net Banking,January
14-08-2025,DMart,4601.75,Grocery,Debit Card,August
16-07-2025,Netmeds,8106.51,Healthcare,UPI,July
03-10-2025,Noise,5656.2,Electronics,Credit Card,October
21-02-2025,Reliance Fresh,387.06,Grocery,Credit Card,February
24-03-2025,CloudNine,18527.13,Healthcare,UPI,March
21-07-2025,Noise,93905.18,Electronics,UPI,July
28-12-2025,Meru Cabs,282.2,Transport,Net Banking,December
19-11-2025,Yatra,18348.41,Travel,Credit Card,November
12-12-2025,Sony Center,49365.94,Electronics,Credit Card,December
17-11-2025,Goibibo,29528.36,Travel,Net Banking,November
04-10-2025,H&M,3253.37,Clothing,UPI,October
23-03-2025,Subway,305.39,Food,Net Banking,March
16-12-2025,Uber,1308.94,Transport,Debit Card,December
24-07-2025,Tata Cliq,6424.12,Online Shopping,UPI,July
11-12-2025,HP World,117914.18,Electronics,Net Banking,December
20-04-2025,Star Bazaar,4168.33,Grocery,Debit Card,April
24-04-2025,Levis,919.54,Clothing,Net Banking,April
01-07-2025,Starbucks,1299.4,Food,Debit Card,July
27-11-2025,Meru Cabs,1869.78,Transport,Net Banking,November
24-04-2025,More Supermarket,4296.98,Grocery,UPI,April
10-05-2025,Pepperfry,5600.21,Online Shopping,UPI,May
30-04-2025,Amazon Prime,605.85,Entertainment,Net Banking,April
26-08-2025,Nature's Basket,4344.64,Grocery,UPI,August
06-02-2025,TSRTC,822.96,Transport,UPI,February
05-01-2025,1mg,19844.72,Healthcare,Debit Card,January
16-12-2025,Nature's Basket,4608.41,Grocery,UPI,December
12-02-2025,Rapido,1473.56,Transport,Debit Card,February
21-02-2025,Apollo Pharmacy,7216.13,Healthcare,Credit Card,February
08-12-2025,Aha,387.03,Entertainment,UPI,December
20-02-2025,Taco Bell,159.14,Food,Net Banking,February
12-12-2025,Sony Center,48510.78,Electronics,UPI,December
11-12-2025,Vivo Store,85106.06,Electronics,Debit Card,December
01-12-2025,Dell Exclusive,132931.55,Electronics,Credit Card,December
06-05-2025,KFC,1108.62,Food,UPI,May
09-06-2025,TSRTC,519.97,Transport,UPI,June
18-09-2025,Jio Fiber,2441.03,Bills,Credit Card,September
23-01-2025,Fortis,13259.87,Healthcare,Credit Card,January
05-07-2025,Gaana,650.74,Entertainment,Debit Card,July
11-01-2025,Sony Center,104523.78,Electronics,Debit Card,January
11-01-2025,Woodland,6079.89,Clothing,Net Banking,January
28-04-2025,Zara,2703.8,Clothing,Debit Card,April
10-11-2025,1mg,7879.32,Healthcare,Debit Card,November
06-04-2025,Spencers,1627.71,Grocery,Credit Card,April
06-07-2025,Netmeds,19632.9,Healthcare,UPI,July
31-12-2025,Zee5,528.51,Entertainment,Net Banking,December
25-06-2025,Gaana,610.9,Entertainment,UPI,June
01-09-2025,Metro Rail,823.19,Transport,Debit Card,September
22-02-2025,Booking.com,20276.02,Travel,UPI,February
12-07-2025,Jio Fiber,2002.39,Bills,Debit Card,July
06-05-2025,Booking.com,26712.38,Travel,Debit Card,May
15-08-2025,Barbeque Nation,275.22,Food,Debit Card,August
06-02-2025,DMart,1736.28,Grocery,Net Banking,February
06-08-2025,1mg,18844.4,Healthcare,UPI,August
12-08-2025,Lenskart,3849.71,Online Shopping,Debit Card,August
09-07-2025,Yulu Bikes,1324.09,Transport,Debit Card,July
15-04-2025,Amazon,9755.85,Online Shopping,Debit Card,April
02-03-2025,Apollo Hospital,2131.83,Healthcare,UPI,March
03-11-2025,Ajio,13560.02,Online Shopping,UPI,November
02-03-2025,Mi Store,79100.36,Electronics,Net Banking,March
07-04-2025,Kauvery,16796.61,Healthcare,Net Banking,April
16-10-2025,TNEB,2424.56,Bills,UPI,October
23-01-2025,Ajio,16502.88,Online Shopping,Credit Card,January
05-12-2025,Snapdeal,288.35,Online Shopping,Debit Card,December
13-05-2025,Subway,165.15,Food,Net Banking,May
07-10-2025,Subway,953.27,Food,Credit Card,October
07-12-2025,MakeMyTrip,9763.9,Travel,Net Banking,December
30-10-2025,YouTube Premium,639.18,Entertainment,UPI,October
19-11-2025,HP World,71069.12,Electronics,Credit Card,November
26-02-2025,Gas Agency,1340.12,Bills,Net Banking,February
16-02-2025,Goibibo,6824.47,Travel,Net Banking,February
03-12-2025,BMTC,1337.43,Transport,UPI,December
27-01-2025,Nilgiris,4375.69,Grocery,Debit Card,January
31-12-2025,MedPlus,604.72,Healthcare,UPI,December
25-07-2025,BSNL,2284.93,Bills,Net Banking,July
01-01-2025,Gaana,871.02,Entertainment,Credit Card,January
07-06-2025,Netflix,379.94,Entertainment,Credit Card,June
06-09-2025,Reliance Fresh,459.42,Grocery,UPI,September
31-08-2025,Subway,954.14,Food,UPI,August
24-08-2025,H&M,7131.84,Clothing,UPI,August
05-06-2025,Jio Fiber,282.36,Bills,Net Banking,June
13-05-2025,Aha,783.63,Entertainment,Debit Card,May
30-10-2025,Apollo Pharmacy,3107.78,Healthcare,UPI,October
18-02-2025,Vivo Store,117550.72,Electronics,Credit Card,February
03-05-2025,IndiGo,3489.67,Travel,Net Banking,May
29-03-2025,ACT Fibernet,3849.35,Bills,Debit Card,March
09-02-2025,Netflix,586.26,Entertainment,Credit Card,February
12-01-2025,Jio Fiber,3744.43,Bills,Credit Card,January
22-03-2025,US Polo,6782.25,Clothing,UPI,March
14-01-2025,Boat Lifestyle,94698.6,Electronics,Credit Card,January
15-11-2025,Yulu Bikes,697.1,Transport,Net Banking,November
22-11-2025,H&M,6664.26,Clothing,Credit Card,November
03-11-2025,Star Bazaar,1520.86,Grocery,Net Banking,November
05-04-2025,Gas Agency,2093.3,Bills,Credit Card,April
06-07-2025,Air India,25732.23,Travel,Credit Card,July
24-05-2025,Water Board,5051.66,Bills,UPI,May
10-09-2025,Croma,8421.17,Electronics,UPI,September
04-12-2025,PharmEasy,12253.85,Healthcare,Debit Card,December
16-02-2025,Burger King,326.11,Food,Credit Card,February
19-03-2025,Amazon Prime,661.41,Entertainment,Debit Card,March
23-03-2025,Sony Center,133392.93,Electronics,Net Banking,March
13-01-2025,SonyLiv,303.68,Entertainment,UPI,January
28-02-2025,Netflix,890.28,Entertainment,Credit Card,February
09-07-2025,MedPlus,8116.07,Healthcare,UPI,July
04-12-2025,Apple Music,737.89,Entertainment,Credit Card,December
03-01-2025,Yulu Bikes,104.24,Transport,Debit Card,January
06-12-2025,Apple Music,825.25,Entertainment,Net Banking,December
20-10-2025,Zee5,360.84,Entertainment,Net Banking,October
04-07-2025,Croma,16130.22,Electronics,Credit Card,July
18-09-2025,AirAsia,23191.62,Travel,Net Banking,September
01-11-2025,Chai Point,398.22,Food,Credit Card,November
28-08-2025,Apollo Hospital,11295.65,Healthcare,Debit Card,August
16-08-2025,Ola,1827.63,Transport,Net Banking,August
30-04-2025,Adidas,7205.65,Clothing,Net Banking,April
16-01-2025,Ajio,4773.91,Online Shopping,Credit Card,January
14-12-2025,JioMart,4212.51,Grocery,Credit Card,December
20-12-2025,YouTube Premium,769.89,Entertainment,Debit Card,December
10-09-2025,Asus Store,85557.39,Electronics,UPI,September
17-07-2025,Zee5,229.04,Entertainment,UPI,July
11-02-2025,Dominos,789.38,Food,Net Banking,February
02-06-2025,Booking.com,22765.7,Travel,Net Banking,June
25-08-2025,Lenskart,19814.18,Online Shopping,UPI,August
14-03-2025,Aha,834.36,Entertainment,Debit Card,March
14-02-2025,Rapido,330.66,Transport,Net Banking,February
15-06-2025,Metro Rail,421.07,Transport,Credit Card,June
09-01-2025,Kauvery,10184.37,Healthcare,UPI,January
25-08-2025,Spencers,2110.98,Grocery,Credit Card,August
02-10-2025,Metro Rail,968.17,Transport,Credit Card,October
01-08-2025,Wrogn,7999.6,Clothing,Net Banking,August
15-01-2025,Snapdeal,9398.37,Online Shopping,Net Banking,January
05-10-2025,Croma,118745.82,Electronics,Credit Card,October
03-12-2025,YouTube Premium,812.16,Entertainment,Debit Card,December
03-06-2025,Adidas,3685.75,Clothing,Credit Card,June
16-06-2025,Levis,6644.69,Clothing,Net Banking,June
22-04-2025,Reliance Digital,114922.71,Electronics,Credit Card,April
30-12-2025,IRCTC,14599.74,Travel,Net Banking,December
15-06-2025,AirAsia,24931.11,Travel,Credit Card,June
28-04-2025,Levis,3950.56,Clothing,Credit Card,April
02-11-2025,Kauvery,4859.75,Healthcare,UPI,November
13-08-2025,More Supermarket,3079.34,Grocery,Debit Card,August
26-09-2025,Pizza Hut,898.49,Food,Credit Card,September
15-11-2025,Meesho,14153.37,Online Shopping,Net Banking,November
17-05-2025,Apollo Pharmacy,15418.53,Healthcare,Net Banking,May
20-10-2025,Jio Fiber,5602.43,Bills,Debit Card,October
01-11-2025,CCD,1422.42,Food,Debit Card,November
02-11-2025,Airtel,2557.49,Bills,Debit Card,November
25-07-2025,Nature's Basket,4679.53,Grocery,Net Banking,July
05-03-2025,Pizza Hut,1153.91,Food,UPI,March
04-11-2025,IRCTC,16757.1,Travel,UPI,November
15-02-2025,PharmEasy,12469.88,Healthcare,UPI,February
04-01-2025,HP World,138433.52,Electronics,Net Banking,January
15-05-2025,IRCTC,10272.14,Travel,Net Banking,May
10-11-2025,JioMart,1994.04,Grocery,Credit Card,November
12-06-2025,Spotify,680.83,Entertainment,Net Banking,June
27-01-2025,Jio Fiber,5214.3,Bills,Debit Card,January
19-09-2025,DMart,4808.75,Grocery,Net Banking,September
03-01-2025,OYO,10027.24,Travel,Credit Card,January
18-09-2025,Yulu Bikes,1405.27,Transport,Debit Card,September
20-03-2025,RedBus,1668.6,Transport,Debit Card,March
29-06-2025,Chai Point,634.31,Food,UPI,June
30-04-2025,Allen Solly,5252.35,Clothing,Net Banking,April
19-07-2025,Snapdeal,16809.63,Online Shopping,Credit Card,July
18-08-2025,Kauvery,18926.39,Healthcare,Credit Card,August
15-02-2025,Pantaloons,2668.46,Clothing,Debit Card,February
31-05-2025,Air India,28291.11,Travel,Debit Card,May
01-10-2025,Max Fashion,2913.72,Clothing,Net Banking,October
08-01-2025,Pantaloons,2011.08,Clothing,Debit Card,January
14-03-2025,Aster,8255.87,Healthcare,Debit Card,March
25-10-2025,Asus Store,10580.17,Electronics,UPI,October
09-01-2025,IndiGo,17879.17,Travel,UPI,January
13-12-2025,CloudNine,16015.58,Healthcare,Net Banking,December
14-07-2025,Vivo Store,78786.83,Electronics,UPI,July
30-12-2025,Biba,3563.62,Clothing,UPI,December
22-12-2025,BMTC,1734.93,Transport,Net Banking,December
02-07-2025,IndiGo,18765.75,Travel,Credit Card,July
24-03-2025,IndiGo,28121.03,Travel,UPI,March
11-02-2025,Netmeds,16921.93,Healthcare,Net Banking,February
14-05-2025,H&M,874.09,Clothing,Net Banking,May
13-12-2025,Reliance Digital,34163.9,Electronics,Net Banking,December
14-01-2025,Mi Store,120051.07,Electronics,Debit Card,January
21-08-2025,CloudNine,3509.9,Healthcare,UPI,August
17-10-2025,Amazon Prime,649.76,Entertainment,Credit Card,October
18-07-2025,Meru Cabs,1157.75,Transport,Credit Card,July
15-12-2025,Metro Rail,931.48,Transport,Credit Card,December
14-08-2025,SonyLiv,902.13,Entertainment,Debit Card,August
22-03-2025,Rapido,957.89,Transport,Debit Card,March
18-10-2025,Vodafone Idea,4354,Bills,Credit Card,October
07-02-2025,Aster,15915.26,Healthcare,Debit Card,February
12-08-2025,Ola,536.47,Transport,Debit Card,August
01-11-2025,BSNL,4842.08,Bills,Debit Card,November
17-04-2025,ACT Fibernet,2219.81,Bills,Credit Card,April
19-07-2025,Spotify,735.36,Entertainment,Net Banking,July
23-03-2025,Aster,17881.23,Healthcare,Credit Card,March
29-09-2025,Levis,4869.94,Clothing,Credit Card,September
27-07-2025,A2B,770.15,Food,Debit Card,July
19-05-2025,OnePlus,122626.73,Electronics,UPI,May
29-09-2025,Spencers,2346.77,Grocery,Debit Card,September
08-05-2025,Metro Rail,1677.88,Transport,UPI,May
11-08-2025,JioMart,1448.29,Grocery,UPI,August
22-06-2025,MedPlus,18945.23,Healthcare,Credit Card,June
29-06-2025,Amazon Prime,391.67,Entertainment,UPI,June
12-04-2025,Flipkart,12004.1,Online Shopping,UPI,April
16-05-2025,Snapdeal,381.37,Online Shopping,UPI,May
08-07-2025,Yatra,24089.98,Travel,Net Banking,July
28-08-2025,Cream Stone,203.76,Food,Net Banking,August
15-05-2025,RedBus,1262.02,Transport,Net Banking,May
12-02-2025,Property Tax Online,2425.94,Bills,Credit Card,February
20-07-2025,Cream Stone,925.37,Food,Net Banking,July
22-02-2025,Nilgiris,508.16,Grocery,Net Banking,February
05-08-2025,DMart,2081.42,Grocery,Net Banking,August
23-02-2025,Sony Center,120494.84,Electronics,UPI,February
16-03-2025,TSRTC,472.49,Transport,Credit Card,March
28-01-2025,Goibibo,4019.76,Travel,Credit Card,January
13-10-2025,Spotify,307.24,Entertainment,Net Banking,October
02-03-2025,AirAsia,2115.6,Travel,Credit Card,March
30-08-2025,Gas Agency,5116.73,Bills,Debit Card,August
25-07-2025,Saravana Bhavan,1255.97,Food,Net Banking,July
25-10-2025,BigBazaar,2786.6,Grocery,Debit Card,October
20-01-2025,Metro Rail,484.07,Transport,UPI,January
20-04-2025,Amazon,11638.6,Online Shopping,Net Banking,April
08-06-2025,Pepperfry,9005.01,Online Shopping,UPI,June
27-06-2025,BMTC,575.13,Transport,Credit Card,June
20-10-2025,Sony Center,145569.45,Electronics,Net Banking,October
01-03-2025,Property Tax Online,419.27,Bills,Credit Card,March
12-06-2025,Ajio,15568.71,Online Shopping,UPI,June
22-09-2025,Ajio,11776.13,Online Shopping,Credit Card,September
11-09-2025,Air India,7128.7,Travel,Debit Card,September
09-12-2025,IRCTC,13394.43,Travel,UPI,December
06-05-2025,Nykaa,7244.26,Online Shopping,Net Banking,May
12-04-2025,Airtel,3263.94,Bills,UPI,April
27-12-2025,BSNL,2753.48,Bills,Net Banking,December
18-03-2025,Aster,2982.61,Healthcare,Net Banking,March
05-02-2025,Kauvery,17561.59,Healthcare,UPI,February
02-03-2025,Meru Cabs,1484.72,Transport,Debit Card,March
08-09-2025,Apple Music,301.86,Entertainment,UPI,September
04-07-2025,IRCTC,29558.42,Travel,UPI,July
11-03-2025,Nykaa,7810.69,Online Shopping,Debit Card,March
22-07-2025,Boat Lifestyle,80016.49,Electronics,Credit Card,July
15-07-2025,Gaana,951.5,Entertainment,UPI,July
20-04-2025,Kauvery,6752.77,Healthcare,UPI,April
15-06-2025,RedBus,1961.79,Transport,Debit Card,June
21-08-2025,RedBus,901.48,Transport,UPI,August
14-07-2025,HP World,132974.82,Electronics,Credit Card,July
11-12-2025,SonyLiv,276.24,Entertainment,Credit Card,December
17-02-2025,MedPlus,16576.84,Healthcare,Credit Card,February
12-04-2025,CloudNine,14773.9,Healthcare,Debit Card,April
24-10-2025,Spencers,2918.19,Grocery,Net Banking,October
16-09-2025,1mg,17463.19,Healthcare,Net Banking,September
02-12-2025,Flipkart,1546.52,Online Shopping,Debit Card,December
22-07-2025,ACT Fibernet,3924.98,Bills,Credit Card,July
14-05-2025,AirAsia,8314.15,Travel,Debit Card,May
30-03-2025,Amazon,17797.6,Online Shopping,Credit Card,March
29-07-2025,Hotstar,913.24,Entertainment,Net Banking,July
15-01-2025,CloudNine,16923.61,Healthcare,Net Banking,January
28-08-2025,Noise,58376.42,Electronics,Debit Card,August
04-12-2025,TNEB,4714.6,Bills,Credit Card,December
20-10-2025,OYO,913.11,Travel,Debit Card,October
07-02-2025,Zee5,563.68,Entertainment,UPI,February
18-02-2025,Snapdeal,270.87,Online Shopping,Debit Card,February
11-03-2025,MedPlus,17250.71,Healthcare,UPI,March
28-01-2025,H&M,700.27,Clothing,Credit Card,January
01-03-2025,Ajio,2375.37,Online Shopping,Net Banking,March
28-08-2025,Booking.com,11073.46,Travel,Net Banking,August
03-06-2025,HP World,130641.94,Electronics,Credit Card,June
29-10-2025,DMart,1082.14,Grocery,Credit Card,October
12-06-2025,Vistara,16400.96,Travel,UPI,June
21-09-2025,Meesho,16655.8,Online Shopping,Credit Card,September
19-06-2025,Adidas,6580.2,Clothing,Credit Card,June
29-06-2025,Barbeque Nation,1042.83,Food,Net Banking,June
25-06-2025,Taco Bell,447.16,Food,Net Banking,June
20-02-2025,Kauvery,5719.97,Healthcare,Credit Card,February
15-12-2025,Vodafone Idea,734.93,Bills,Net Banking,December
02-12-2025,Zara,969.89,Clothing,UPI,December
17-12-2025,Meru Cabs,339.07,Transport,UPI,December
27-10-2025,US Polo,3339.07,Clothing,UPI,October
29-01-2025,Netmeds,1219.45,Healthcare,Net Banking,January
26-03-2025,Snapdeal,1631.42,Online Shopping,Debit Card,March
21-11-2025,Lenskart,15090.88,Online Shopping,Debit Card,November
02-10-2025,Nykaa,7238.25,Online Shopping,Credit Card,October
03-07-2025,OnePlus,95252.63,Electronics,Debit Card,July
30-09-2025,Samsung Store,107177.99,Electronics,Debit Card,September
09-12-2025,Tata Cliq,8958.69,Online Shopping,Net Banking,December
19-05-2025,Reliance Digital,93818.37,Electronics,UPI,May
15-11-2025,Nykaa,6074.51,Online Shopping,Credit Card,November
16-04-2025,MedPlus,19128.96,Healthcare,Debit Card,April
21-01-2025,Apple Store,149925.2,Electronics,Credit Card,January
05-07-2025,Levis,957.82,Clothing,Credit Card,July
04-08-2025,Taco Bell,1351.1,Food,Credit Card,August
14-04-2025,Gas Agency,3561.9,Bills,Credit Card,April
20-10-2025,BMTC,1028.42,Transport,Debit Card,October
23-03-2025,Allen Solly,3924.15,Clothing,Net Banking,March
23-06-2025,Netflix,325.21,Entertainment,Net Banking,June
18-12-2025,McDonalds,588.96,Food,Net Banking,December
09-08-2025,Apple Music,976.93,Entertainment,Credit Card,August
19-02-2025,Starbucks,492.37,Food,Credit Card,February
02-06-2025,H&M,3836.39,Clothing,Credit Card,June
26-06-2025,More Supermarket,2321.43,Grocery,Credit Card,June
27-02-2025,McDonalds,583.26,Food,Credit Card,February
03-11-2025,Reliance Fresh,4686.32,Grocery,Net Banking,November
14-05-2025,Nilgiris,3052.32,Grocery,Debit Card,May
19-03-2025,Apollo Hospital,19035.96,Healthcare,Credit Card,March
10-03-2025,McDonalds,1366.39,Food,Credit Card,March
08-08-2025,More Supermarket,882.49,Grocery,UPI,August
16-10-2025,Wrogn,7446.55,Clothing,UPI,October
02-11-2025,ACT Fibernet,3020.22,Bills,UPI,November
19-09-2025,Tata Cliq,13945.5,Online Shopping,Net Banking,September
02-09-2025,Lenskart,11957.78,Online Shopping,Credit Card,September
09-04-2025,Nilgiris,995.44,Grocery,Credit Card,April
29-09-2025,Saravana Bhavan,1002.86,Food,UPI,September
22-01-2025,1mg,16694.48,Healthcare,Credit Card,January
24-04-2025,Spotify,440.21,Entertainment,Debit Card,April
30-03-2025,BigBazaar,232.01,Grocery,UPI,March
16-12-2025,CloudNine,5681.19,Healthcare,Credit Card,December
20-05-2025,Apple Store,25699.4,Electronics,Debit Card,May
17-10-2025,Ajio,580.37,Online Shopping,Debit Card,October
10-05-2025,BMTC,1943.72,Transport,Net Banking,May
26-12-2025,Nykaa,16160.79,Online Shopping,Debit Card,December
09-10-2025,Nike,3339.74,Clothing,Net Banking,October
04-12-2025,Woodland,1100.52,Clothing,Debit Card,December
04-09-2025,DMart,598.2,Grocery,Debit Card,September
28-07-2025,Meru Cabs,1023.11,Transport,Debit Card,July
23-09-2025,Apple Music,998.98,Entertainment,UPI,September
21-12-2025,Dominos,1189.69,Food,Credit Card,December
17-07-2025,Amazon Prime,340.96,Entertainment,Credit Card,July
20-01-2025,DMart,2223.01,Grocery,Debit Card,January
12-06-2025,Spencers,2944.36,Grocery,Net Banking,June
22-03-2025,Wrogn,4951.88,Clothing,UPI,March
16-06-2025,AirAsia,10666.77,Travel,Credit Card,June
29-08-2025,Meru Cabs,1859.89,Transport,UPI,August
21-11-2025,Tata Cliq,13112.61,Online Shopping,UPI,November
27-04-2025,SonyLiv,117.99,Entertainment,Credit Card,April
25-03-2025,Dominos,551.37,Food,Debit Card,March
26-06-2025,MedPlus,14662.58,Healthcare,Credit Card,June
14-06-2025,ACT Fibernet,1471.15,Bills,Net Banking,June
06-02-2025,MedPlus,7998.28,Healthcare,Net Banking,February
06-05-2025,BSNL,5487.32,Bills,Debit Card,May
19-01-2025,HP World,15768.89,Electronics,Debit Card,January
12-03-2025,Vodafone Idea,1409.02,Bills,Net Banking,March
18-02-2025,BigBazaar,4946.12,Grocery,Credit Card,February
28-08-2025,BigBazaar,2206.62,Grocery,Credit Card,August
12-03-2025,Pantaloons,1991.31,Clothing,Net Banking,March
17-07-2025,OYO,29890.62,Travel,Net Banking,July
13-12-2025,Netmeds,17195.14,Healthcare,Net Banking,December
11-01-2025,Chai Point,248.61,Food,Net Banking,January
30-01-2025,Levis,2108.21,Clothing,Debit Card,January
13-11-2025,More Supermarket,4426.22,Grocery,Debit Card,November
17-11-2025,Air India,28581.27,Travel,Debit Card,November
27-01-2025,H&M,1657.01,Clothing,Debit Card,January
07-07-2025,Goibibo,22835.1,Travel,UPI,July
07-03-2025,Star Bazaar,2376.12,Grocery,Net Banking,March
12-09-2025,Reliance Fresh,262.16,Grocery,Debit Card,September
14-05-2025,Property Tax Online,1141.44,Bills,Credit Card,May
18-09-2025,BigBazaar,1857.18,Grocery,Net Banking,September
01-07-2025,Taco Bell,472.14,Food,Debit Card,July
30-03-2025,OYO,2118.23,Travel,Debit Card,March
03-07-2025,Apple Music,650.27,Entertainment,Net Banking,July
23-07-2025,Burger King,151.38,Food,Net Banking,July
22-06-2025,Cream Stone,486.78,Food,Net Banking,June
12-05-2025,Mi Store,125898.61,Electronics,Debit Card,May
15-03-2025,Woodland,4149.53,Clothing,Net Banking,March
04-12-2025,1mg,4490.04,Healthcare,Debit Card,December
13-05-2025,Meesho,13488.59,Online Shopping,Credit Card,May
10-08-2025,Hotstar,736.89,Entertainment,UPI,August
20-05-2025,DMart,813.51,Grocery,Debit Card,May
15-11-2025,Mi Store,28699.14,Electronics,Debit Card,November
10-08-2025,Ola,988.9,Transport,Debit Card,August
26-11-2025,Booking.com,586.7,Travel,Credit Card,November
22-08-2025,Cream Stone,1415.43,Food,Net Banking,August
13-10-2025,Vivo Store,144280.06,Electronics,Credit Card,October
25-06-2025,SonyLiv,863.6,Entertainment,Net Banking,June
06-07-2025,ACT Fibernet,536.37,Bills,Debit Card,July
11-04-2025,Adidas,6482.47,Clothing,Credit Card,April
17-08-2025,IRCTC,22739.25,Travel,Debit Card,August
19-02-2025,CloudNine,11376.34,Healthcare,UPI,February
07-09-2025,Wrogn,7499.38,Clothing,Debit Card,September
27-09-2025,IndiGo,14697.53,Travel,Credit Card,September
01-05-2025,Nilgiris,2854.67,Grocery,UPI,May
01-09-2025,Ola,1326.03,Transport,Credit Card,September
31-07-2025,Lenskart,4048.78,Online Shopping,Debit Card,July
27-10-2025,RedBus,978.56,Transport,UPI,October
04-07-2025,TNEB,1002.74,Bills,Debit Card,July
09-08-2025,Nilgiris,747.14,Grocery,UPI,August
29-08-2025,Ola,1847.13,Transport,Credit Card,August
01-04-2025,Zara,5710.97,Clothing,Credit Card,April
28-10-2025,Vistara,22513.11,Travel,Credit Card,October
17-03-2025,Spencers,1294.27,Grocery,Credit Card,March
18-10-2025,CloudNine,6353.91,Healthcare,UPI,October
01-01-2025,DMart,2613.78,Grocery,UPI,January
05-01-2025,Spencers,2997.14,Grocery,Debit Card,January
01-04-2025,Chai Point,1072.57,Food,Credit Card,April
14-11-2025,Aster,14387.86,Healthcare,Net Banking,November
01-07-2025,Pizza Hut,656.05,Food,Credit Card,July
19-02-2025,Myntra,7852.49,Online Shopping,Net Banking,February
16-05-2025,Zee5,456.41,Entertainment,UPI,May
14-12-2025,Amazon Prime,262.78,Entertainment,Net Banking,December
04-02-2025,Tata Cliq,13494.75,Online Shopping,Net Banking,February
11-07-2025,OYO,28842.31,Travel,Net Banking,July
15-08-2025,Netflix,126.63,Entertainment,Debit Card,August
09-12-2025,Spotify,936.61,Entertainment,Net Banking,December
26-01-2025,JioMart,4455.77,Grocery,Credit Card,January
13-04-2025,Star Bazaar,2046.35,Grocery,Debit Card,April
13-02-2025,Vivo Store,147469.65,Electronics,Net Banking,February
25-12-2025,Meru Cabs,676.31,Transport,Credit Card,December
26-09-2025,Amazon Prime,842.58,Entertainment,Credit Card,September
04-07-2025,Allen Solly,3795.63,Clothing,Net Banking,July
21-12-2025,US Polo,7985.56,Clothing,Net Banking,December
04-02-2025,A2B,535.26,Food,Net Banking,February
20-02-2025,Croma,80843.83,Electronics,Net Banking,February
17-12-2025,Goibibo,14515.11,Travel,Debit Card,December
04-11-2025,Goibibo,28037.63,Travel,UPI,November
19-01-2025,Vodafone Idea,1366.02,Bills,UPI,January
14-06-2025,TSRTC,1738.43,Transport,UPI,June
01-11-2025,PharmEasy,10159.57,Healthcare,Debit Card,November
07-01-2025,Cream Stone,168.65,Food,Credit Card,January
13-07-2025,Cream Stone,1373.85,Food,Net Banking,July
30-03-2025,Amazon,578.53,Online Shopping,Credit Card,March
17-12-2025,TSRTC,527.93,Transport,Net Banking,December
06-08-2025,Star Bazaar,907.48,Grocery,Debit Card,August
19-02-2025,Puma,3638.74,Clothing,Debit Card,February
16-12-2025,Aster,10453.71,Healthcare,UPI,December
19-01-2025,Reliance Digital,30001.8,Electronics,Debit Card,January
01-02-2025,Reliance Digital,70534.23,Electronics,Debit Card,February
30-06-2025,Air India,13663.51,Travel,Debit Card,June
20-11-2025,Noise,142018.76,Electronics,UPI,November
29-04-2025,Snapdeal,399.82,Online Shopping,Credit Card,April
10-02-2025,Lenskart,13578.97,Online Shopping,Debit Card,February
16-06-2025,HP World,22163.25,Electronics,Debit Card,June
07-07-2025,TSRTC,1176.66,Transport,UPI,July
25-06-2025,Amazon Prime,964.75,Entertainment,Net Banking,June
11-09-2025,Kauvery,4536.16,Healthcare,UPI,September
21-03-2025,Nature's Basket,368,Grocery,Debit Card,March
24-01-2025,Star Bazaar,419.66,Grocery,Credit Card,January
16-09-2025,Fortis,6980.6,Healthcare,Credit Card,September
09-06-2025,Ola,331.08,Transport,UPI,June
01-05-2025,BSNL,395.57,Bills,Credit Card,May
13-09-2025,Water Board,404.24,Bills,Debit Card,September
09-07-2025,Zara,1159.83,Clothing,Credit Card,July
04-07-2025,Rapido,1702.6,Transport,Net Banking,July
15-12-2025,Property Tax Online,3631.51,Bills,UPI,December
12-06-2025,Nike,5662.67,Clothing,Net Banking,June
29-08-2025,Croma,116676.19,Electronics,Net Banking,August
06-03-2025,OnePlus,68551.77,Electronics,Debit Card,March
29-12-2025,Zara,4945.65,Clothing,Debit Card,December
14-12-2025,JioMart,2190.41,Grocery,Debit Card,December
05-11-2025,Myntra,12885.4,Online Shopping,Debit Card,November
31-10-2025,Star Bazaar,3190.97,Grocery,UPI,October
22-10-2025,Goibibo,20900.47,Travel,Debit Card,October
19-12-2025,Yulu Bikes,736.11,Transport,Debit Card,December
26-01-2025,1mg,16924.84,Healthcare,UPI,January
03-11-2025,Hotstar,751.75,Entertainment,Debit Card,November
28-04-2025,Goibibo,2431.6,Travel,Credit Card,April
27-12-2025,Flipkart,2910.16,Online Shopping,Debit Card,December
12-07-2025,Pepperfry,14809.34,Online Shopping,Credit Card,July
16-07-2025,Allen Solly,2381.78,Clothing,Debit Card,July
19-04-2025,Hotstar,260.02,Entertainment,Credit Card,April
07-08-2025,Sony Center,11015.43,Electronics,UPI,August
02-03-2025,US Polo,1568.12,Clothing,Credit Card,March
22-08-2025,Barbeque Nation,896.75,Food,Credit Card,August
15-01-2025,Chai Point,174.02,Food,Net Banking,January
14-03-2025,Vistara,1540.11,Travel,UPI,March
02-04-2025,BMTC,1822.89,Transport,UPI,April
16-05-2025,Croma,28277.55,Electronics,Credit Card,May
09-10-2025,Yulu Bikes,1482.08,Transport,Net Banking,October
26-03-2025,Allen Solly,7216.61,Clothing,UPI,March
05-12-2025,PharmEasy,5709.39,Healthcare,Net Banking,December
20-09-2025,Water Board,703.57,Bills,Debit Card,September
15-12-2025,Booking.com,26508.43,Travel,Net Banking,December
17-04-2025,1mg,16745.45,Healthcare,Net Banking,April
17-12-2025,Subway,1412.27,Food,Credit Card,December
08-07-2025,Tata Cliq,13024.38,Online Shopping,Debit Card,July
26-01-2025,BSNL,4287.43,Bills,Credit Card,January
16-10-2025,McDonalds,1028.93,Food,Credit Card,October
16-06-2025,CloudNine,230.24,Healthcare,Debit Card,June
06-06-2025,Property Tax Online,784.99,Bills,Net Banking,June
25-02-2025,Adidas,5931.99,Clothing,Debit Card,February
08-12-2025,More Supermarket,1447.51,Grocery,Credit Card,December
19-07-2025,YouTube Premium,307.98,Entertainment,Net Banking,July
07-02-2025,Amazon Prime,337.93,Entertainment,UPI,February
07-03-2025,Amazon Prime,949.14,Entertainment,Debit Card,March
12-11-2025,Nykaa,11769.65,Online Shopping,Debit Card,November
19-06-2025,CCD,278.91,Food,Net Banking,June
22-01-2025,Croma,13792.62,Electronics,Net Banking,January
10-07-2025,TSRTC,211.51,Transport,UPI,July
16-09-2025,OnePlus,18560.85,Electronics,Net Banking,September
26-06-2025,Allen Solly,7162.07,Clothing,Debit Card,June
12-08-2025,Meesho,9797.04,Online Shopping,Debit Card,August
23-02-2025,Netflix,646.95,Entertainment,Debit Card,February
09-01-2025,Cream Stone,442.92,Food,UPI,January
30-12-2025,Barbeque Nation,299.86,Food,Credit Card,December
08-06-2025,Myntra,12724.01,Online Shopping,Credit Card,June
27-02-2025,Spotify,572.83,Entertainment,Net Banking,February
08-06-2025,Reliance Fresh,1155.28,Grocery,Net Banking,June
31-03-2025,KFC,604.07,Food,UPI,March
11-08-2025,Woodland,6592.16,Clothing,Debit Card,August
16-10-2025,Yatra,28695.94,Travel,Credit Card,October
09-08-2025,Rapido,1268.89,Transport,Net Banking,August
23-02-2025,TNEB,1786.56,Bills,UPI,February
16-12-2025,Water Board,2572.85,Bills,UPI,December
11-06-2025,MedPlus,16260.21,Healthcare,Net Banking,June
23-12-2025,Zee5,842.75,Entertainment,Credit Card,December
03-12-2025,PharmEasy,14515.08,Healthcare,UPI,December
01-11-2025,Jio Fiber,5893.72,Bills,Net Banking,November
16-07-2025,ACT Fibernet,1730.55,Bills,Net Banking,July
03-03-2025,Biba,5369.6,Clothing,Net Banking,March
11-10-2025,Flipkart,9020.36,Online Shopping,Debit Card,October
12-02-2025,RedBus,1321.89,Transport,Credit Card,February
05-09-2025,US Polo,3739.99,Clothing,Debit Card,September
07-10-2025,US Polo,2281.63,Clothing,UPI,October
12-04-2025,Aha,448.48,Entertainment,Net Banking,April
28-11-2025,MakeMyTrip,12604.51,Travel,Credit Card,November
18-05-2025,Spotify,126.07,Entertainment,Debit Card,May
11-09-2025,Ajio,4921.65,Online Shopping,Credit Card,September
09-05-2025,Saravana Bhavan,658.23,Food,Debit Card,May
28-10-2025,Tata Cliq,7908.13,Online Shopping,Debit Card,October
29-08-2025,JioMart,3931.21,Grocery,Net Banking,August
25-02-2025,Airtel,4219.15,Bills,Credit Card,February
12-09-2025,Snapdeal,19162.42,Online Shopping,Net Banking,September
01-03-2025,Zee5,430.58,Entertainment,Debit Card,March
12-05-2025,Metro Rail,1107.73,Transport,Debit Card,May
13-06-2025,DMart,2843.19,Grocery,UPI,June
22-10-2025,Dell Exclusive,116297.96,Electronics,Credit Card,October
05-01-2025,Chai Point,461.84,Food,Debit Card,January
09-02-2025,A2B,100.5,Food,Credit Card,February
27-06-2025,US Polo,3421.7,Clothing,Net Banking,June
18-11-2025,Samsung Store,44836.97,Electronics,Credit Card,November
05-12-2025,Yatra,20181.76,Travel,UPI,December
24-06-2025,Boat Lifestyle,44754.94,Electronics,UPI,June
23-11-2025,BSNL,3068.77,Bills,UPI,November
29-10-2025,OnePlus,28536.98,Electronics,Debit Card,October
28-05-2025,IndiGo,5961.84,Travel,UPI,May
14-07-2025,Vodafone Idea,2455.47,Bills,Credit Card,July
12-08-2025,Vodafone Idea,3889.84,Bills,UPI,August
29-10-2025,Uber,1247.59,Transport,UPI,October
01-09-2025,Reliance Fresh,3248.17,Grocery,Credit Card,September
06-05-2025,Kauvery,15192.7,Healthcare,Debit Card,May
29-10-2025,OnePlus,72844.42,Electronics,Net Banking,October
09-06-2025,Adidas,687.83,Clothing,UPI,June
23-10-2025,1mg,18168.59,Healthcare,Debit Card,October
11-10-2025,PharmEasy,5007.56,Healthcare,Net Banking,October
20-08-2025,Aster,16172.06,Healthcare,Credit Card,August
07-03-2025,YouTube Premium,759.69,Entertainment,Credit Card,March
04-05-2025,US Polo,2557.38,Clothing,UPI,May
30-11-2025,Ola,1096.42,Transport,Debit Card,November
18-01-2025,Nike,1393.92,Clothing,UPI,January
14-01-2025,CCD,739.2,Food,Credit Card,January
16-06-2025,Vistara,29777.76,Travel,Debit Card,June
02-12-2025,Paradise Biryani,240.32,Food,UPI,December
31-10-2025,Uber,1502.62,Transport,Net Banking,October
09-09-2025,Reliance Fresh,3767.1,Grocery,UPI,September
23-04-2025,Dominos,1395.67,Food,UPI,April
16-05-2025,US Polo,4480.32,Clothing,Credit Card,May
16-05-2025,Tata Cliq,19386.21,Online Shopping,Debit Card,May
27-08-2025,Puma,2945.49,Clothing,UPI,August
17-07-2025,MakeMyTrip,18178.72,Travel,Credit Card,July
11-11-2025,Wrogn,683.09,Clothing,Credit Card,November
23-01-2025,Myntra,18163.03,Online Shopping,Debit Card,January
23-08-2025,JioMart,2056.02,Grocery,UPI,August
11-12-2025,Gas Agency,3399.99,Bills,Net Banking,December
18-12-2025,Gaana,176.5,Entertainment,Net Banking,December
27-06-2025,Uber,1117.73,Transport,Debit Card,June
07-05-2025,YouTube Premium,479.92,Entertainment,Net Banking,May
16-02-2025,Mi Store,105261.83,Electronics,Debit Card,February
30-11-2025,Ajio,8214.25,Online Shopping,Debit Card,November
01-11-2025,Nilgiris,1954.25,Grocery,UPI,November
12-06-2025,Dell Exclusive,63053.25,Electronics,Credit Card,June
12-04-2025,Pepperfry,6852.12,Online Shopping,UPI,April
31-03-2025,Subway,863.68,Food,UPI,March
11-05-2025,Aster,608.02,Healthcare,UPI,May
14-09-2025,Paradise Biryani,604.6,Food,Credit Card,September
23-03-2025,Woodland,3330.64,Clothing,Net Banking,March
22-01-2025,Pantaloons,3379.75,Clothing,Credit Card,January
28-08-2025,Hotstar,790.54,Entertainment,Credit Card,August
24-11-2025,Wrogn,7382.95,Clothing,Net Banking,November
13-12-2025,Pizza Hut,1469.01,Food,UPI,December
20-04-2025,TSRTC,1816.49,Transport,UPI,April
01-05-2025,Levis,7991.31,Clothing,Debit Card,May
01-04-2025,Dell Exclusive,56506.99,Electronics,UPI,April
23-06-2025,CCD,888.92,Food,Net Banking,June
11-05-2025,Apollo Pharmacy,6708.6,Healthcare,Credit Card,May
05-06-2025,Gas Agency,5146.92,Bills,UPI,June
28-01-2025,Rapido,713.36,Transport,UPI,January
13-07-2025,Vivo Store,37033.08,Electronics,Net Banking,July
27-06-2025,Apollo Hospital,9092.06,Healthcare,Debit Card,June
23-04-2025,OnePlus,29618.42,Electronics,Net Banking,April
23-02-2025,Gaana,676.82,Entertainment,UPI,February
27-04-2025,Vistara,17807.74,Travel,Net Banking,April
14-05-2025,Allen Solly,1902.17,Clothing,Debit Card,May
28-09-2025,CloudNine,11819.82,Healthcare,UPI,September
29-11-2025,AirAsia,9628.66,Travel,Credit Card,November
13-07-2025,Uber,494.4,Transport,Net Banking,July
27-04-2025,Metro Rail,238.28,Transport,UPI,April
28-08-2025,RedBus,1853.34,Transport,Net Banking,August
25-07-2025,Ajio,7403.05,Online Shopping,Debit Card,July
07-08-2025,Taco Bell,691.95,Food,Credit Card,August
14-04-2025,MakeMyTrip,13058.86,Travel,Net Banking,April
21-12-2025,MakeMyTrip,23818.31,Travel,Credit Card,December
10-01-2025,Vodafone Idea,1880.81,Bills,UPI,January
25-10-2025,Aster,16446.67,Healthcare,Net Banking,October
14-09-2025,Paradise Biryani,1396.27,Food,Debit Card,September
18-11-2025,Pepperfry,1882.3,Online Shopping,Debit Card,November
12-04-2025,More Supermarket,2904.76,Grocery,UPI,April
08-03-2025,Netflix,99.44,Entertainment,Net Banking,March
01-06-2025,BMTC,419.26,Transport,Credit Card,June
09-12-2025,Noise,5251.13,Electronics,Debit Card,December
26-03-2025,SonyLiv,344.37,Entertainment,UPI,March
18-12-2025,Gas Agency,404.57,Bills,UPI,December
11-12-2025,Amazon,17616.61,Online Shopping,Debit Card,December
08-02-2025,Nature's Basket,2672.98,Grocery,Net Banking,February
23-02-2025,Apollo Hospital,17960.18,Healthcare,Net Banking,February
06-02-2025,Apple Music,982.65,Entertainment,UPI,February
04-01-2025,Star Bazaar,264.55,Grocery,Debit Card,January
05-05-2025,Reliance Fresh,963.71,Grocery,Debit Card,May
05-06-2025,Vivo Store,14589.11,Electronics,Credit Card,June
18-12-2025,Jio Fiber,5003.83,Bills,Credit Card,December
19-07-2025,TNEB,2718.54,Bills,Net Banking,July
27-02-2025,BMTC,1068.47,Transport,UPI,February
02-06-2025,HP World,130899.88,Electronics,Net Banking,June
12-03-2025,Wrogn,3980.46,Clothing,Debit Card,March
26-04-2025,Max Fashion,923.83,Clothing,Debit Card,April
03-03-2025,Subway,1332.28,Food,UPI,March
03-06-2025,Netmeds,5071.68,Healthcare,UPI,June
01-07-2025,YouTube Premium,293.43,Entertainment,UPI,July
31-10-2025,Ola,81.6,Transport,Credit Card,October
22-01-2025,Aster,15297.36,Healthcare,Net Banking,January
23-12-2025,Pantaloons,3531.68,Clothing,Net Banking,December
25-10-2025,H&M,6467.91,Clothing,Net Banking,October
09-12-2025,Property Tax Online,5856.13,Bills,UPI,December
21-09-2025,DMart,3296.17,Grocery,Net Banking,September
25-02-2025,DMart,674.79,Grocery,Credit Card,February
09-12-2025,Puma,2340.07,Clothing,Credit Card,December
07-12-2025,Property Tax Online,5676.52,Bills,Net Banking,December
25-07-2025,OnePlus,110784.78,Electronics,Credit Card,July
06-11-2025,ACT Fibernet,2261.65,Bills,UPI,November
25-04-2025,Property Tax Online,2563.32,Bills,Net Banking,April
21-11-2025,Spotify,227.98,Entertainment,Debit Card,November
12-07-2025,BigBazaar,4344.82,Grocery,Net Banking,July
29-10-2025,Gas Agency,1204.04,Bills,UPI,October
07-10-2025,Starbucks,1347.39,Food,UPI,October
26-11-2025,Nike,4839.91,Clothing,Credit Card,November
20-03-2025,A2B,1062.92,Food,UPI,March
19-08-2025,Snapdeal,18618.98,Online Shopping,Credit Card,August
17-11-2025,Reliance Digital,10147.07,Electronics,Credit Card,November
11-10-2025,OnePlus,43429.56,Electronics,UPI,October
15-08-2025,OYO,15218.93,Travel,Debit Card,August
08-12-2025,Star Bazaar,2463.46,Grocery,Credit Card,December
11-05-2025,Asus Store,30660.46,Electronics,Debit Card,May
09-03-2025,RedBus,460.57,Transport,Net Banking,March
22-02-2025,OYO,22252.71,Travel,Credit Card,February
12-01-2025,Vodafone Idea,2056.43,Bills,Debit Card,January
17-03-2025,Lenskart,14357.43,Online Shopping,Net Banking,March
13-06-2025,Max Fashion,3802.88,Clothing,UPI,June
28-06-2025,BMTC,1730.6,Transport,Net Banking,June
07-10-2025,Fortis,2923.93,Healthcare,Net Banking,October
06-06-2025,Meesho,4464.79,Online Shopping,UPI,June
03-07-2025,McDonalds,1105.94,Food,UPI,July
27-10-2025,Tata Cliq,6066.7,Online Shopping,UPI,October
03-02-2025,Metro Rail,989.01,Transport,Credit Card,February
22-05-2025,Jio Fiber,4119.78,Bills,Debit Card,May
19-07-2025,Spotify,239.8,Entertainment,Credit Card,July
26-08-2025,Aster,15555.39,Healthcare,Credit Card,August
14-09-2025,AirAsia,3388.72,Travel,Credit Card,September
25-01-2025,Ajio,12133.48,Online Shopping,Debit Card,January
08-05-2025,Saravana Bhavan,1460.29,Food,UPI,May
03-08-2025,Yatra,28640.99,Travel,UPI,August
22-06-2025,Spencers,4937.52,Grocery,Debit Card,June
07-03-2025,Metro Rail,582.02,Transport,UPI,March
03-09-2025,Max Fashion,4793.71,Clothing,Net Banking,September
18-09-2025,BigBazaar,1549.92,Grocery,UPI,September
28-12-2025,Max Fashion,6331.51,Clothing,UPI,December
22-07-2025,Levis,6652.05,Clothing,UPI,July
04-06-2025,Spencers,1218.05,Grocery,UPI,June
28-08-2025,Property Tax Online,769.09,Bills,Net Banking,August
06-05-2025,SonyLiv,649.84,Entertainment,Credit Card,May
23-01-2025,A2B,1366,Food,Credit Card,January
28-05-2025,Dominos,166.55,Food,Net Banking,May
27-01-2025,Rapido,1777.46,Transport,Debit Card,January
21-08-2025,DMart,1667.73,Grocery,Debit Card,August
14-12-2025,Vodafone Idea,560.69,Bills,Debit Card,December
02-07-2025,IndiGo,14451.75,Travel,Net Banking,July
28-12-2025,Paradise Biryani,1241.46,Food,Net Banking,December
22-05-2025,Noise,83754.03,Electronics,Credit Card,May
18-04-2025,Boat Lifestyle,60575.87,Electronics,Net Banking,April
02-04-2025,Reliance Fresh,2591.87,Grocery,UPI,April
14-08-2025,Nature's Basket,242.72,Grocery,Credit Card,August
01-05-2025,Goibibo,11084.88,Travel,Net Banking,May
02-12-2025,MakeMyTrip,5058.29,Travel,Net Banking,December
10-07-2025,Hotstar,256.25,Entertainment,Credit Card,July
06-08-2025,Croma,137398.45,Electronics,Net Banking,August
08-02-2025,Subway,1392.53,Food,Credit Card,February
25-10-2025,Wrogn,7419.57,Clothing,Credit Card,October
20-10-2025,Property Tax Online,3108.67,Bills,Debit Card,October
10-03-2025,Rapido,478.45,Transport,Debit Card,March
27-05-2025,JioMart,2410.58,Grocery,Debit Card,May
15-04-2025,Taco Bell,581.29,Food,Credit Card,April
23-11-2025,RedBus,855.69,Transport,Credit Card,November
05-11-2025,Water Board,5439.65,Bills,Debit Card,November
03-08-2025,HP World,135969.59,Electronics,UPI,August
28-09-2025,Vistara,15743.04,Travel,Credit Card,September
04-03-2025,Chai Point,1488,Food,Debit Card,March
10-12-2025,Vodafone Idea,1713.09,Bills,Net Banking,December
29-10-2025,BigBazaar,561.33,Grocery,UPI,October
11-01-2025,Vistara,11898.44,Travel,Net Banking,January
03-06-2025,Aster,19186.83,Healthcare,Credit Card,June
22-12-2025,Levis,7008.66,Clothing,Net Banking,December
18-01-2025,A2B,444.21,Food,UPI,January
22-10-2025,MedPlus,9034.01,Healthcare,Net Banking,October
11-08-2025,CCD,886.04,Food,Credit Card,August
31-07-2025,Apple Store,50968.02,Electronics,Debit Card,July
21-03-2025,Air India,21757.23,Travel,Debit Card,March
17-01-2025,Zara,5008.45,Clothing,Debit Card,January
06-02-2025,Air India,16556.96,Travel,UPI,February
06-08-2025,BSNL,4915.99,Bills,UPI,August
23-11-2025,Cream Stone,767.84,Food,Debit Card,November
31-07-2025,Dell Exclusive,16926.32,Electronics,Net Banking,July
17-07-2025,Netmeds,17321.49,Healthcare,Debit Card,July
18-01-2025,Rapido,401.36,Transport,Net Banking,January
28-06-2025,Property Tax Online,5097.82,Bills,UPI,June
21-07-2025,IRCTC,22484.89,Travel,Net Banking,July
27-11-2025,US Polo,1486.41,Clothing,UPI,November
10-08-2025,Croma,27810.14,Electronics,UPI,August
12-01-2025,Ola,649.03,Transport,Net Banking,January
26-05-2025,Nilgiris,276.76,Grocery,Debit Card,May
10-05-2025,IRCTC,27088.5,Travel,Debit Card,May
30-12-2025,Paradise Biryani,475.19,Food,Credit Card,December
09-06-2025,Barbeque Nation,791.01,Food,Credit Card,June
10-01-2025,Reliance Fresh,2479.44,Grocery,Net Banking,January
05-05-2025,Ajio,12800.73,Online Shopping,Credit Card,May
05-05-2025,Noise,5051.77,Electronics,Debit Card,May
16-04-2025,Amazon Prime,198.75,Entertainment,Net Banking,April
29-01-2025,Spencers,4530.78,Grocery,Debit Card,January
24-07-2025,CCD,719.08,Food,UPI,July
22-05-2025,OYO,26258.19,Travel,Credit Card,May
17-04-2025,MedPlus,19853.17,Healthcare,Debit Card,April
01-05-2025,Woodland,5344.42,Clothing,Credit Card,May
12-03-2025,Lenskart,18769.15,Online Shopping,Credit Card,March
28-09-2025,Amazon Prime,880.69,Entertainment,Credit Card,September
02-01-2025,DMart,3005.39,Grocery,Net Banking,January
03-09-2025,Tata Cliq,7017.43,Online Shopping,Debit Card,September
22-09-2025,Meru Cabs,1834.71,Transport,UPI,September
07-07-2025,Sony Center,70551.62,Electronics,Net Banking,July
30-08-2025,Woodland,3887.13,Clothing,Net Banking,August
26-03-2025,Reliance Digital,44045.88,Electronics,Credit Card,March
15-05-2025,Goibibo,9254.14,Travel,UPI,May
17-11-2025,OYO,5172.31,Travel,Debit Card,November
05-08-2025,Metro Rail,74.37,Transport,Credit Card,August
02-06-2025,Noise,79845.29,Electronics,UPI,June
06-06-2025,Star Bazaar,1987.32,Grocery,UPI,June
14-03-2025,Zara,1339.23,Clothing,Credit Card,March
07-01-2025,Yulu Bikes,125.12,Transport,Credit Card,January
16-07-2025,Apple Store,144071.63,Electronics,Debit Card,July
06-09-2025,Croma,102084.89,Electronics,Net Banking,September
22-09-2025,Puma,3139.51,Clothing,UPI,September
24-06-2025,OnePlus,94527.81,Electronics,Net Banking,June
24-01-2025,TNEB,946.49,Bills,Net Banking,January
05-02-2025,Spotify,773.52,Entertainment,UPI,February
16-01-2025,Star Bazaar,3028.9,Grocery,Net Banking,January
18-09-2025,Water Board,3593.83,Bills,Debit Card,September
05-02-2025,Spencers,3307.49,Grocery,UPI,February
26-11-2025,CCD,1154.09,Food,Net Banking,November
16-05-2025,Burger King,728.11,Food,Credit Card,May
11-05-2025,CloudNine,14416.26,Healthcare,Debit Card,May
31-12-2025,OnePlus,92539.39,Electronics,Net Banking,December
10-12-2025,Nykaa,19138.31,Online Shopping,Debit Card,December
07-03-2025,Apollo Hospital,19171.26,Healthcare,UPI,March
11-04-2025,KFC,1186.64,Food,Debit Card,April
18-04-2025,Fortis,14521.31,Healthcare,UPI,April
11-04-2025,Adidas,5316.1,Clothing,Net Banking,April
13-05-2025,Dell Exclusive,93854.85,Electronics,Net Banking,May
07-12-2025,Snapdeal,10112.47,Online Shopping,Net Banking,December
03-07-2025,Cream Stone,150.46,Food,Net Banking,July
13-07-2025,Mi Store,9900.85,Electronics,Net Banking,July
17-11-2025,IndiGo,21171.58,Travel,UPI,November
14-01-2025,ACT Fibernet,938.83,Bills,Credit Card,January
20-08-2025,IRCTC,6788.85,Travel,Net Banking,August
24-05-2025,DMart,4290.64,Grocery,Debit Card,May
17-01-2025,TNEB,4550.61,Bills,Credit Card,January
13-06-2025,Property Tax Online,3866.92,Bills,Net Banking,June
08-08-2025,Allen Solly,2092.53,Clothing,Debit Card,August
22-04-2025,Noise,29492.37,Electronics,Credit Card,April
13-09-2025,Amazon,12278.1,Online Shopping,UPI,September
18-09-2025,Air India,12883.14,Travel,Credit Card,September
29-04-2025,YouTube Premium,950.86,Entertainment,UPI,April
25-01-2025,IRCTC,5858.15,Travel,Net Banking,January
09-05-2025,Airtel,4626.98,Bills,Debit Card,May
14-08-2025,Airtel,2641.59,Bills,Net Banking,August
04-03-2025,Meru Cabs,602.24,Transport,Debit Card,March
28-10-2025,Ola,1357.91,Transport,Net Banking,October
05-12-2025,YouTube Premium,916.74,Entertainment,Credit Card,December
25-11-2025,Allen Solly,5521.72,Clothing,UPI,November
04-03-2025,Myntra,1787.01,Online Shopping,UPI,March
21-02-2025,Apple Music,635.98,Entertainment,Net Banking,February
01-10-2025,DMart,1487.51,Grocery,Debit Card,October
11-11-2025,Starbucks,519.46,Food,Debit Card,November
31-12-2025,Chai Point,457.49,Food,Debit Card,December
19-11-2025,ACT Fibernet,2993.98,Bills,Credit Card,November
22-07-2025,Meesho,6781.56,Online Shopping,Net Banking,July
30-10-2025,Rapido,1862.9,Transport,Credit Card,October
14-06-2025,Property Tax Online,2975.76,Bills,Debit Card,June
19-06-2025,Gas Agency,4867.79,Bills,UPI,June
14-02-2025,Hotstar,812.11,Entertainment,UPI,February
02-07-2025,HP World,126421.06,Electronics,Debit Card,July
20-07-2025,Booking.com,21714.2,Travel,Credit Card,July
25-08-2025,Apollo Hospital,14166.66,Healthcare,Credit Card,August
19-03-2025,Apollo Pharmacy,17889.69,Healthcare,UPI,March
14-05-2025,Woodland,7646.12,Clothing,UPI,May
15-03-2025,Yulu Bikes,1328.05,Transport,Credit Card,March
27-04-2025,Hotstar,800.87,Entertainment,Credit Card,April
19-12-2025,Woodland,591.33,Clothing,UPI,December
22-06-2025,Water Board,4557.25,Bills,Credit Card,June
22-08-2025,CloudNine,8986.21,Healthcare,UPI,August
30-09-2025,BigBazaar,4187.76,Grocery,Credit Card,September
02-11-2025,Boat Lifestyle,138750.17,Electronics,Debit Card,November
29-12-2025,Noise,121441.21,Electronics,Net Banking,December
21-07-2025,OnePlus,86790.29,Electronics,Debit Card,July
23-07-2025,Meru Cabs,379.57,Transport,Net Banking,July
15-12-2025,TNEB,903.8,Bills,Net Banking,December
24-01-2025,Asus Store,79698.14,Electronics,Net Banking,January
09-06-2025,Fortis,17412.21,Healthcare,Net Banking,June
19-12-2025,Yulu Bikes,1370.47,Transport,UPI,December
15-07-2025,US Polo,5186.54,Clothing,Net Banking,July
26-12-2025,BMTC,1334.25,Transport,Net Banking,December
01-03-2025,Netmeds,7703.86,Healthcare,Net Banking,March
10-09-2025,Netflix,176.31,Entertainment,Debit Card,September
11-01-2025,Jio Fiber,4175.51,Bills,UPI,January
24-01-2025,Spencers,3226.9,Grocery,Debit Card,January
13-11-2025,Biba,3577.56,Clothing,Debit Card,November
14-10-2025,Property Tax Online,5052.83,Bills,Debit Card,October
23-10-2025,ACT Fibernet,558.76,Bills,Debit Card,October
06-10-2025,Puma,2291.3,Clothing,UPI,October
28-12-2025,RedBus,736.24,Transport,Net Banking,December
19-05-2025,Starbucks,911.9,Food,Debit Card,May
15-08-2025,Flipkart,6605.3,Online Shopping,Credit Card,August
23-09-2025,Saravana Bhavan,450.05,Food,Net Banking,September
29-05-2025,Booking.com,26577.89,Travel,Debit Card,May
03-05-2025,Nykaa,8368.84,Online Shopping,Net Banking,May
18-11-2025,Apollo Hospital,8795.87,Healthcare,Credit Card,November
22-03-2025,US Polo,4198.96,Clothing,Credit Card,March
21-09-2025,Netflix,617.71,Entertainment,Debit Card,September
23-06-2025,Lenskart,8136.23,Online Shopping,Debit Card,June
16-04-2025,Vodafone Idea,4982.06,Bills,Credit Card,April
11-07-2025,Subway,131.78,Food,UPI,July
26-04-2025,Meru Cabs,87.44,Transport,Net Banking,April
26-10-2025,Spencers,4080.83,Grocery,Credit Card,October
30-12-2025,Asus Store,29429.76,Electronics,UPI,December
05-01-2025,1mg,8486.73,Healthcare,Credit Card,January
19-10-2025,BMTC,1545.39,Transport,Net Banking,October
11-09-2025,Uber,883.23,Transport,Debit Card,September
16-05-2025,Sony Center,18955.81,Electronics,Net Banking,May
05-02-2025,Adidas,4092.11,Clothing,Debit Card,February
18-07-2025,Tata Cliq,9198.23,Online Shopping,Credit Card,July
01-01-2025,TNEB,3430.73,Bills,Credit Card,January
26-07-2025,Air India,22231.53,Travel,UPI,July
12-05-2025,Amazon,16121.32,Online Shopping,Net Banking,May
26-08-2025,Nature's Basket,1522.8,Grocery,Debit Card,August
04-04-2025,Barbeque Nation,399.31,Food,UPI,April
28-09-2025,Netmeds,3255.16,Healthcare,Debit Card,September
10-06-2025,Max Fashion,5048.6,Clothing,Net Banking,June
05-01-2025,Burger King,250.72,Food,UPI,January
16-03-2025,AirAsia,22608.88,Travel,Net Banking,March
16-01-2025,Taco Bell,417.71,Food,Debit Card,January
21-09-2025,BMTC,665.42,Transport,UPI,September
02-01-2025,Lenskart,5764.96,Online Shopping,UPI,January
05-12-2025,Netflix,614.75,Entertainment,UPI,December
13-01-2025,Jio Fiber,1614.14,Bills,Net Banking,January
14-01-2025,Asus Store,64262.79,Electronics,Debit Card,January
08-08-2025,Uber,1314.2,Transport,Debit Card,August
26-06-2025,Apple Music,663.07,Entertainment,Debit Card,June
07-01-2025,Spotify,198.5,Entertainment,Debit Card,January
02-07-2025,Air India,19334.56,Travel,Debit Card,July
21-02-2025,Nature's Basket,3885.4,Grocery,Debit Card,February
08-11-2025,Gas Agency,358.14,Bills,Net Banking,November
11-10-2025,SonyLiv,495.23,Entertainment,UPI,October
29-07-2025,Zara,6321.93,Clothing,UPI,July
02-11-2025,Netmeds,8642.98,Healthcare,UPI,November
25-08-2025,BSNL,5372.21,Bills,Credit Card,August
02-06-2025,Aha,152.7,Entertainment,Debit Card,June
25-10-2025,Yatra,26225.92,Travel,Credit Card,October
14-06-2025,Kauvery,10528.04,Healthcare,Debit Card,June
30-08-2025,Ajio,3276.5,Online Shopping,Credit Card,August
17-07-2025,Yatra,24172.14,Travel,Credit Card,July
16-02-2025,Myntra,9201.83,Online Shopping,Credit Card,February
03-08-2025,Subway,720.76,Food,Net Banking,August
20-06-2025,IndiGo,21434.61,Travel,Debit Card,June
23-09-2025,Hotstar,272.22,Entertainment,Credit Card,September
22-01-2025,Amazon Prime,717.9,Entertainment,Credit Card,January
13-07-2025,BigBazaar,2723.88,Grocery,Credit Card,July
14-04-2025,Pantaloons,2666.09,Clothing,Debit Card,April
22-12-2025,Subway,1405.12,Food,Credit Card,December
30-09-2025,Yulu Bikes,236.77,Transport,Credit Card,September
13-10-2025,Yulu Bikes,603.78,Transport,Credit Card,October
29-08-2025,Rapido,1940.48,Transport,UPI,August
28-07-2025,BigBazaar,222.48,Grocery,Debit Card,July
04-01-2025,Subway,603.38,Food,UPI,January
19-04-2025,Croma,148113.75,Electronics,Debit Card,April
19-02-2025,Allen Solly,7913.89,Clothing,Debit Card,February
25-10-2025,Flipkart,16816.51,Online Shopping,UPI,October
24-11-2025,Subway,472.83,Food,Debit Card,November
06-06-2025,Jio Fiber,3376.56,Bills,Credit Card,June
02-01-2025,Pantaloons,3911.64,Clothing,Credit Card,January
22-12-2025,Zara,2511.12,Clothing,Debit Card,December
29-04-2025,OYO,22066.8,Travel,Debit Card,April
14-09-2025,Cream Stone,1141.01,Food,Debit Card,September
08-08-2025,BSNL,3039.44,Bills,Debit Card,August
28-09-2025,Pizza Hut,940.41,Food,Net Banking,September
29-01-2025,Pantaloons,2657.47,Clothing,Debit Card,January
24-06-2025,Netmeds,16586.35,Healthcare,Credit Card,June
27-09-2025,Meesho,5700.11,Online Shopping,Net Banking,September
07-10-2025,Apollo Hospital,7435.35,Healthcare,UPI,October
31-08-2025,Boat Lifestyle,20234.55,Electronics,UPI,August
22-12-2025,YouTube Premium,107.6,Entertainment,Net Banking,December
13-10-2025,Cream Stone,717.38,Food,Net Banking,October
22-06-2025,BigBazaar,3864.47,Grocery,Credit Card,June
08-02-2025,Dell Exclusive,31533.94,Electronics,Debit Card,February
19-10-2025,Apple Music,131.87,Entertainment,UPI,October
15-10-2025,Mi Store,135981.42,Electronics,Net Banking,October
05-02-2025,Burger King,380.35,Food,UPI,February
26-09-2025,Woodland,5696.22,Clothing,Net Banking,September
16-09-2025,Zee5,749.57,Entertainment,Credit Card,September
23-11-2025,TNEB,432.5,Bills,Debit Card,November
05-05-2025,IndiGo,7358.45,Travel,Debit Card,May
29-04-2025,AirAsia,13433.27,Travel,Credit Card,April
12-09-2025,Fortis,6269.66,Healthcare,Credit Card,September
08-06-2025,Myntra,2305.91,Online Shopping,Credit Card,June
27-01-2025,Starbucks,429.92,Food,Credit Card,January
26-02-2025,Kauvery,3852.04,Healthcare,Debit Card,February
14-10-2025,Noise,109598.04,Electronics,Credit Card,October
25-11-2025,KFC,1343.19,Food,Credit Card,November
08-08-2025,Snapdeal,19066.67,Online Shopping,Credit Card,August
18-06-2025,Samsung Store,84176.23,Electronics,UPI,June
22-10-2025,Levis,2948.84,Clothing,Net Banking,October
15-11-2025,YouTube Premium,173.75,Entertainment,Net Banking,November
26-03-2025,Puma,3893.43,Clothing,Debit Card,March
19-09-2025,Flipkart,7438.84,Online Shopping,UPI,September
04-02-2025,Woodland,2692.12,Clothing,Debit Card,February
03-07-2025,Reliance Fresh,3341.18,Grocery,UPI,July
10-02-2025,Nilgiris,4543.73,Grocery,Credit Card,February
06-02-2025,Paradise Biryani,601.51,Food,Credit Card,February
26-04-2025,Aster,6560.89,Healthcare,Debit Card,April
15-11-2025,Zee5,437.88,Entertainment,Net Banking,November
03-12-2025,Vodafone Idea,5962.32,Bills,Debit Card,December
04-10-2025,Ajio,8552.37,Online Shopping,UPI,October
17-01-2025,Mi Store,21677.29,Electronics,Debit Card,January
11-10-2025,Jio Fiber,2014.05,Bills,Net Banking,October
22-02-2025,TSRTC,897.95,Transport,UPI,February
23-02-2025,Apple Music,241.94,Entertainment,Net Banking,February
05-01-2025,Myntra,15790.2,Online Shopping,Net Banking,January
30-07-2025,Reliance Fresh,4460.8,Grocery,Credit Card,July
23-07-2025,Nilgiris,1478.7,Grocery,Credit Card,July
19-07-2025,Paradise Biryani,1414.48,Food,UPI,July
19-10-2025,Lenskart,10691.39,Online Shopping,Net Banking,October
15-10-2025,TNEB,2554.16,Bills,Debit Card,October
23-06-2025,Zee5,415.54,Entertainment,Net Banking,June
20-04-2025,More Supermarket,1418.76,Grocery,Credit Card,April
31-08-2025,Gaana,286.31,Entertainment,Credit Card,August
25-02-2025,Apple Music,634.76,Entertainment,Credit Card,February
17-06-2025,Mi Store,58363.45,Electronics,Credit Card,June
02-09-2025,JioMart,3667.02,Grocery,Debit Card,September
14-07-2025,Goibibo,23483.65,Travel,Net Banking,July
20-09-2025,Paradise Biryani,1229.64,Food,UPI,September
08-02-2025,Myntra,14395.95,Online Shopping,Credit Card,February
23-12-2025,HP World,147742.75,Electronics,UPI,December
24-02-2025,Uber,541.69,Transport,UPI,February
30-03-2025,Starbucks,229.29,Food,Credit Card,March
24-10-2025,Vodafone Idea,968.04,Bills,Credit Card,October
15-04-2025,Reliance Digital,114392.15,Electronics,Net Banking,April
05-12-2025,MedPlus,1267.93,Healthcare,Credit Card,December
26-09-2025,Saravana Bhavan,256.89,Food,Net Banking,September
20-09-2025,JioMart,227.03,Grocery,Net Banking,September
09-02-2025,Hotstar,182.89,Entertainment,Credit Card,February
07-04-2025,TNEB,4129.39,Bills,UPI,April
13-03-2025,Goibibo,5145.97,Travel,Net Banking,March
01-07-2025,Puma,3961.59,Clothing,UPI,July
28-10-2025,Aha,879.1,Entertainment,Debit Card,October
26-12-2025,Apollo Hospital,9301.88,Healthcare,UPI,December
02-02-2025,BigBazaar,1177.09,Grocery,UPI,February
30-01-2025,BigBazaar,2707.04,Grocery,Net Banking,January
20-04-2025,Air India,23200.21,Travel,Credit Card,April
29-05-2025,Meesho,4963.36,Online Shopping,Net Banking,May
06-03-2025,Property Tax Online,5395.3,Bills,Debit Card,March
15-07-2025,Paradise Biryani,398.32,Food,Debit Card,July
13-12-2025,DMart,1929.77,Grocery,Net Banking,December
13-07-2025,MedPlus,17594.3,Healthcare,Credit Card,July
25-10-2025,Chai Point,478.5,Food,Debit Card,October
28-06-2025,Nykaa,15605.72,Online Shopping,Debit Card,June
01-07-2025,Boat Lifestyle,94778.38,Electronics,Net Banking,July
26-10-2025,Yulu Bikes,1805.67,Transport,Debit Card,October
07-11-2025,Pantaloons,1345.01,Clothing,Debit Card,November
11-12-2025,JioMart,4115.73,Grocery,UPI,December
23-09-2025,Croma,111508.11,Electronics,Net Banking,September
31-08-2025,Fortis,926.03,Healthcare,Net Banking,August
12-12-2025,PharmEasy,13588.9,Healthcare,Credit Card,December
31-12-2025,Apple Music,984.95,Entertainment,UPI,December
20-09-2025,1mg,8383.71,Healthcare,Debit Card,September
12-07-2025,Nike,6398.3,Clothing,Net Banking,July
04-10-2025,JioMart,2194.65,Grocery,Debit Card,October
02-03-2025,Pizza Hut,1026.85,Food,Net Banking,March
01-03-2025,OnePlus,10205.6,Electronics,Net Banking,March
01-02-2025,BSNL,1447.57,Bills,Net Banking,February
15-05-2025,Myntra,7940.13,Online Shopping,Net Banking,May
19-09-2025,BigBazaar,1650.73,Grocery,Credit Card,September
05-08-2025,Vistara,8145.56,Travel,Debit Card,August
02-05-2025,TNEB,2097.66,Bills,Debit Card,May
11-02-2025,Spencers,3691.33,Grocery,UPI,February
13-09-2025,Apollo Hospital,7570.81,Healthcare,UPI,September
29-03-2025,Water Board,3065.66,Bills,Net Banking,March
14-10-2025,Aha,545.36,Entertainment,Credit Card,October
04-08-2025,IRCTC,11994.56,Travel,Debit Card,August
05-02-2025,MedPlus,12978.68,Healthcare,Net Banking,February
16-03-2025,Zara,2533.35,Clothing,UPI,March
15-10-2025,Snapdeal,7087.24,Online Shopping,UPI,October
12-10-2025,Paradise Biryani,271.57,Food,UPI,October
07-12-2025,Vistara,29022.21,Travel,UPI,December
21-01-2025,Woodland,4335.83,Clothing,Debit Card,January
16-03-2025,Nykaa,5140.13,Online Shopping,Debit Card,March
11-02-2025,HP World,86466.42,Electronics,Debit Card,February
29-07-2025,Nike,5381.05,Clothing,Net Banking,July
10-08-2025,Apple Music,179.49,Entertainment,Debit Card,August
31-05-2025,Water Board,1788.91,Bills,Credit Card,May
10-04-2025,Starbucks,596.09,Food,Net Banking,April
05-06-2025,Meru Cabs,1002.39,Transport,Credit Card,June
23-03-2025,Amazon,8299.29,Online Shopping,UPI,March
07-12-2025,Sony Center,75591.45,Electronics,UPI,December
29-06-2025,IRCTC,9441.74,Travel,Credit Card,June
02-12-2025,Netflix,481.45,Entertainment,Credit Card,December
07-09-2025,Uber,308.35,Transport,Debit Card,September
26-08-2025,Adidas,2692.23,Clothing,Net Banking,August
23-03-2025,Meesho,8974.3,Online Shopping,Credit Card,March
03-06-2025,Water Board,2124.3,Bills,Net Banking,June
09-08-2025,Levis,2092.31,Clothing,Debit Card,August
09-02-2025,Aha,878.86,Entertainment,Credit Card,February
10-07-2025,MakeMyTrip,13068.14,Travel,UPI,July
10-05-2025,Dominos,888.6,Food,Credit Card,May
25-04-2025,Airtel,1638.95,Bills,Debit Card,April
03-07-2025,Uber,424.15,Transport,UPI,July
29-03-2025,CloudNine,18646.48,Healthcare,Credit Card,March
03-01-2025,Zee5,827.43,Entertainment,Net Banking,January
23-01-2025,SonyLiv,654.61,Entertainment,UPI,January
03-01-2025,Zara,5898.3,Clothing,UPI,January
08-10-2025,Yulu Bikes,724.88,Transport,Credit Card,October
11-11-2025,US Polo,699.46,Clothing,UPI,November
05-02-2025,RedBus,1813.45,Transport,UPI,February
09-12-2025,OYO,26047.73,Travel,Credit Card,December
10-07-2025,Lenskart,18836.73,Online Shopping,Debit Card,July
12-10-2025,SonyLiv,251.13,Entertainment,UPI,October
15-05-2025,Dell Exclusive,78666.23,Electronics,Credit Card,May
15-04-2025,Samsung Store,121314.21,Electronics,Net Banking,April
27-06-2025,Aster,14584.5,Healthcare,Net Banking,June
17-10-2025,Samsung Store,44792.89,Electronics,UPI,October
17-05-2025,Reliance Fresh,4769.53,Grocery,Net Banking,May
08-03-2025,Biba,3244.67,Clothing,Debit Card,March
07-08-2025,Air India,11909.26,Travel,UPI,August
04-11-2025,OYO,11021.8,Travel,Net Banking,November
28-02-2025,Pizza Hut,199.17,Food,Net Banking,February
22-02-2025,BigBazaar,1035.78,Grocery,UPI,February
13-03-2025,Netmeds,15118.17,Healthcare,Debit Card,March
