Date,Description,Amount,Category,PaymentMethod,Month,Year,Month_Number,Day,Weekday
2025-04-05,irctc,20666.49,Travel,Debit Card,April,2025,4,5,Saturday
2025-12-06,myntra,1919.05,Online Shopping,Net Banking,December,2025,12,6,Saturday
2025-06-20,bigbazaar,2837.68,Grocery,Debit Card,June,2025,6,20,Friday
2025-04-23,property tax online,1071.04,Bills,Net Banking,April,2025,4,23,Wednesday
2025-03-06,asus store,10722.8,Electronics,Debit Card,March,2025,3,6,Thursday
2025-10-30,max fashion,3502.77,Clothing,Debit Card,October,2025,10,30,Thursday
2025-06-11,property tax online,5334.34,Bills,Credit Card,June,2025,6,11,Wednesday
2025-01-03,airtel,1472.58,Bills,UPI,January,2025,1,3,Friday
2025-07-27,wrogn,1965.86,Clothing,Credit Card,July,2025,7,27,Sunday
2025-08-16,aha,250.69,Entertainment,Credit Card,August,2025,8,16,Saturday
2025-03-04,airtel,3989.88,Bills,Debit Card,March,2025,3,4,Tuesday
2025-06-23,cream stone,525.94,Food,Credit Card,June,2025,6,23,Monday
2025-06-24,cream stone,393.35,Food,UPI,June,2025,6,24,Tuesday
2025-05-10,indigo,24147.34,Travel,Net Banking,May,2025,5,10,Saturday
2025-07-28,nilgiris,1295.25,Grocery,UPI,July,2025,7,28,Monday
2025-04-26,tsrtc,1287.28,Transport,UPI,April,2025,4,26,Saturday
2025-02-11,metro rail,723.54,Transport,Debit Card,February,2025,2,11,Tuesday
2025-05-03,irctc,11324.06,Travel,Credit Card,May,2025,5,3,Saturday
2025-06-27,ajio,6989.5,Online Shopping,Credit Card,June,2025,6,27,Friday
2025-12-27,nilgiris,1436.49,Grocery,Net Banking,December,2025,12,27,Saturday
2025-11-10,nykaa,16470.71,Online Shopping,UPI,November,2025,11,10,Monday
2025-05-21,dominos,851.8,Food,Debit Card,May,2025,5,21,Wednesday
2025-03-08,airasia,20599.36,Travel,Debit Card,March,2025,3,8,Saturday
2025-11-30,kfc,1260.41,Food,Credit Card,November,2025,11,30,Sunday
2025-08-25,netflix,828.75,Entertainment,Net Banking,August,2025,8,25,Monday
2025-05-29,apple store,131786.69,Electronics,Net Banking,May,2025,5,29,Thursday
2025-02-06,spotify,177.44,Entertainment,Net Banking,February,2025,2,6,Thursday
2025-03-09,water board,2367.05,Bills,Net Banking,March,2025,3,9,Sunday
2025-02-27,vodafone idea,4047.44,Bills,Net Banking,February,2025,2,27,Thursday
2025-05-20,zara,7133.34,Clothing,UPI,May,2025,5,20,Tuesday
2025-12-27,ajio,6351.17,Online Shopping,Debit Card,December,2025,12,27,Saturday
2025-05-20,boat lifestyle,128424.24,Electronics,Debit Card,May,2025,5,20,Tuesday
2025-02-08,aster,17253.66,Healthcare,Net Banking,February,2025,2,8,Saturday
2025-09-23,oneplus,134214.53,Electronics,UPI,September,2025,9,23,Tuesday
2025-09-25,adidas,7195.3,Clothing,Debit Card,September,2025,9,25,Thursday
2025-03-27,cloudnine,18022.92,Healthcare,Debit Card,March,2025,3,27,Thursday
2025-02-06,taco bell,1158.63,Food,Credit Card,February,2025,2,6,Thursday
2025-05-26,metro rail,982.63,Transport,UPI,May,2025,5,26,Monday
2025-10-04,jiomart,552.08,Grocery,Credit Card,October,2025,10,4,Saturday
2025-05-07,zara,7654.25,Clothing,Net Banking,May,2025,5,7,Wednesday
2025-04-10,apple store,111005.98,Electronics,UPI,April,2025,4,10,Thursday
2025-05-27,barbeque nation,610.2,Food,UPI,May,2025,5,27,Tuesday
2025-11-03,bigbazaar,2051.12,Grocery,Debit Card,November,2025,11,3,Monday
2025-02-25,rapido,601.33,Transport,UPI,February,2025,2,25,Tuesday
2025-12-13,hotstar,850.41,Entertainment,UPI,December,2025,12,13,Saturday
2025-10-05,snapdeal,17659.33,Online Shopping,Debit Card,October,2025,10,5,Sunday
2025-06-20,allen solly,6845.1,Clothing,Debit Card,June,2025,6,20,Friday
2025-01-22,1mg,10543.34,Healthcare,Credit Card,January,2025,1,22,Wednesday
2025-09-16,biba,1592.02,Clothing,Net Banking,September,2025,9,16,Tuesday
2025-08-03,ola,1456.02,Transport,Net Banking,August,2025,8,3,Sunday
2025-05-11,asus store,39285.05,Electronics,Credit Card,May,2025,5,11,Sunday
2025-11-30,pharmeasy,14997.81,Healthcare,UPI,November,2025,11,30,Sunday
2025-05-27,airtel,5491.42,Bills,UPI,May,2025,5,27,Tuesday
2025-10-17,hotstar,271.2,Entertainment,UPI,October,2025,10,17,Friday
2025-06-21,indigo,18720.15,Travel,Net Banking,June,2025,6,21,Saturday
2025-12-14,apollo pharmacy,15857.73,Healthcare,Debit Card,December,2025,12,14,Sunday
2025-10-02,a2b,606.98,Food,UPI,October,2025,10,2,Thursday
2025-06-01,taco bell,866.89,Food,Net Banking,June,2025,6,1,Sunday
2025-09-24,uber,930.7,Transport,Net Banking,September,2025,9,24,Wednesday
2025-06-12,indigo,19578.06,Travel,Credit Card,June,2025,6,12,Thursday
2025-05-27,croma,102800.65,Electronics,UPI,May,2025,5,27,Tuesday
2025-05-15,us polo,7247.1,Clothing,Credit Card,May,2025,5,15,Thursday
2025-04-29,dmart,1809.33,Grocery,UPI,April,2025,4,29,Tuesday
2025-11-24,ajio,3187.72,Online Shopping,Credit Card,November,2025,11,24,Monday
2025-11-03,biba,4245.61,Clothing,Net Banking,November,2025,11,3,Monday
2025-05-08,nykaa,16580.74,Online Shopping,Credit Card,May,2025,5,8,Thursday
2025-11-28,irctc,24587.69,Travel,Debit Card,November,2025,11,28,Friday
2025-02-15,goibibo,18246.21,Travel,Credit Card,February,2025,2,15,Saturday
2025-05-16,croma,114729.44,Electronics,UPI,May,2025,5,16,Friday
2025-12-24,aster,2573.77,Healthcare,Net Banking,December,2025,12,24,Wednesday
2025-11-03,ajio,12783.42,Online Shopping,UPI,November,2025,11,3,Monday
2025-05-11,netmeds,8942.95,Healthcare,Net Banking,May,2025,5,11,Sunday
2025-01-04,jio fiber,1317.31,Bills,Credit Card,January,2025,1,4,Saturday
2025-01-06,airasia,18249.98,Travel,UPI,January,2025,1,6,Monday
2025-05-28,sonyliv,180.09,Entertainment,Debit Card,May,2025,5,28,Wednesday
2025-12-23,snapdeal,3790.59,Online Shopping,Credit Card,December,2025,12,23,Tuesday
2025-09-09,amazon,7246.88,Online Shopping,Credit Card,September,2025,9,9,Tuesday
2025-05-12,boat lifestyle,81586.75,Electronics,Debit Card,May,2025,5,12,Monday
2025-09-03,wrogn,3214.92,Clothing,Credit Card,September,2025,9,3,Wednesday
2025-01-28,uber,288.69,Transport,Net Banking,January,2025,1,28,Tuesday
2025-07-09,apollo hospital,14951.4,Healthcare,Debit Card,July,2025,7,9,Wednesday
2025-06-03,bigbazaar,3397.54,Grocery,Credit Card,June,2025,6,3,Tuesday
2025-07-08,nilgiris,1139.88,Grocery,UPI,July,2025,7,8,Tuesday
2025-08-03,gaana,342.63,Entertainment,Net Banking,August,2025,8,3,Sunday
2025-08-15,tsrtc,892.7,Transport,Credit Card,August,2025,8,15,Friday
2025-06-12,gaana,968.55,Entertainment,Net Banking,June,2025,6,12,Thursday
2025-01-10,max fashion,4490.07,Clothing,Net Banking,January,2025,1,10,Friday
2025-07-15,pizza hut,1157.6,Food,UPI,July,2025,7,15,Tuesday
2025-12-07,1mg,8764.35,Healthcare,Credit Card,December,2025,12,7,Sunday
2025-01-26,bmtc,1547.07,Transport,Net Banking,January,2025,1,26,Sunday
2025-08-28,ajio,8146.38,Online Shopping,Net Banking,August,2025,8,28,Thursday
2025-02-05,meru cabs,1920.03,Transport,Credit Card,February,2025,2,5,Wednesday
2025-10-06,max fashion,1721.41,Clothing,Credit Card,October,2025,10,6,Monday
2025-05-29,aster,14813.92,Healthcare,UPI,May,2025,5,29,Thursday
2025-05-05,act fibernet,319.22,Bills,Debit Card,May,2025,5,5,Monday
2025-04-27,water board,2338.4,Bills,UPI,April,2025,4,27,Sunday
2025-09-02,vivo store,61980.42,Electronics,Credit Card,September,2025,9,2,Tuesday
2025-02-23,ola,822.4,Transport,Debit Card,February,2025,2,23,Sunday
2025-02-26,youtube premium,184.47,Entertainment,Net Banking,February,2025,2,26,Wednesday
2025-10-08,aster,4255.27,Healthcare,Net Banking,October,2025,10,8,Wednesday
2025-11-14,pizza hut,565.33,Food,UPI,November,2025,11,14,Friday
2025-11-04,bsnl,448.88,Bills,UPI,November,2025,11,4,Tuesday
2025-02-17,apollo pharmacy,18445.07,Healthcare,Net Banking,February,2025,2,17,Monday
2025-03-28,water board,4260.5,Bills,Net Banking,March,2025,3,28,Friday
2025-04-16,chai point,589.68,Food,Net Banking,April,2025,4,16,Wednesday
2025-07-01,booking.com,27712.34,Travel,Debit Card,July,2025,7,1,Tuesday
2025-06-23,nykaa,13376.26,Online Shopping,UPI,June,2025,6,23,Monday
2025-03-17,1mg,1134.99,Healthcare,UPI,March,2025,3,17,Monday
2025-11-25,cloudnine,12384.61,Healthcare,Credit Card,November,2025,11,25,Tuesday
2025-11-08,pantaloons,6929.7,Clothing,UPI,November,2025,11,8,Saturday
2025-11-26,reliance digital,130642.49,Electronics,UPI,November,2025,11,26,Wednesday
2025-06-25,apple store,79777.72,Electronics,Net Banking,June,2025,6,25,Wednesday
2025-11-30,medplus,3370.27,Healthcare,Net Banking,November,2025,11,30,Sunday
2025-12-05,zee5,337.71,Entertainment,Credit Card,December,2025,12,5,Friday
2025-07-12,ajio,4838.78,Online Shopping,Net Banking,July,2025,7,12,Saturday
2025-06-07,airasia,5198.69,Travel,UPI,June,2025,6,7,Saturday
2025-06-11,aha,837.72,Entertainment,Net Banking,June,2025,6,11,Wednesday
2025-05-18,vivo store,77283.47,Electronics,UPI,May,2025,5,18,Sunday
2025-04-28,asus store,11685.73,Electronics,UPI,April,2025,4,28,Monday
2025-10-21,tsrtc,1439.75,Transport,UPI,October,2025,10,21,Tuesday
2025-08-05,uber,1973.48,Transport,Net Banking,August,2025,8,5,Tuesday
2025-10-06,nike,4371.85,Clothing,Net Banking,October,2025,10,6,Monday
2025-03-02,medplus,1402.49,Healthcare,UPI,March,2025,3,2,Sunday
2025-10-28,a2b,1243.48,Food,Credit Card,October,2025,10,28,Tuesday
2025-04-13,noise,113889.04,Electronics,Credit Card,April,2025,4,13,Sunday
2025-06-20,ola,1257.63,Transport,UPI,June,2025,6,20,Friday
2025-01-30,zee5,933.54,Entertainment,Net Banking,January,2025,1,30,Thursday
2025-02-08,starbucks,651.61,Food,Net Banking,February,2025,2,8,Saturday
2025-08-09,fortis,10637.38,Healthcare,Debit Card,August,2025,8,9,Saturday
2025-03-07,reliance digital,18244.44,Electronics,Debit Card,March,2025,3,7,Friday
2025-08-18,ola,1887.66,Transport,UPI,August,2025,8,18,Monday
2025-12-15,sonyliv,145.96,Entertainment,Debit Card,December,2025,12,15,Monday
2025-03-31,booking.com,12967.17,Travel,Net Banking,March,2025,3,31,Monday
2025-06-29,sony center,62817.88,Electronics,UPI,June,2025,6,29,Sunday
2025-07-29,biba,4148.95,Clothing,Debit Card,July,2025,7,29,Tuesday
2025-04-30,jiomart,2506.42,Grocery,UPI,April,2025,4,30,Wednesday
2025-11-15,rapido,228.04,Transport,UPI,November,2025,11,15,Saturday
2025-11-03,amazon,3452.95,Online Shopping,Net Banking,November,2025,11,3,Monday
2025-02-06,ccd,623.51,Food,Net Banking,February,2025,2,6,Thursday
2025-07-25,airasia,9974.99,Travel,UPI,July,2025,7,25,Friday
2025-08-30,reliance fresh,1624.5,Grocery,Debit Card,August,2025,8,30,Saturday
2025-10-11,pepperfry,14948.76,Online Shopping,UPI,October,2025,10,11,Saturday
2025-11-04,sonyliv,685.67,Entertainment,Net Banking,November,2025,11,4,Tuesday
2025-03-06,reliance digital,91984.49,Electronics,Debit Card,March,2025,3,6,Thursday
2025-05-06,spencers,4302.88,Grocery,Debit Card,May,2025,5,6,Tuesday
2025-07-05,ajio,16992.09,Online Shopping,UPI,July,2025,7,5,Saturday
2025-06-20,pharmeasy,15524.65,Healthcare,UPI,June,2025,6,20,Friday
2025-08-27,air india,27984.0,Travel,Credit Card,August,2025,8,27,Wednesday
2025-08-25,redbus,1324.57,Transport,UPI,August,2025,8,25,Monday
2025-02-06,subway,1429.47,Food,Debit Card,February,2025,2,6,Thursday
2025-09-08,indigo,7841.59,Travel,Net Banking,September,2025,9,8,Monday
2025-12-13,woodland,7711.86,Clothing,Net Banking,December,2025,12,13,Saturday
2025-05-06,ola,1376.98,Transport,Credit Card,May,2025,5,6,Tuesday
2025-02-04,a2b,563.71,Food,Credit Card,February,2025,2,4,Tuesday
2025-11-02,hp world,9965.75,Electronics,UPI,November,2025,11,2,Sunday
2025-02-16,lenskart,2429.44,Online Shopping,Net Banking,February,2025,2,16,Sunday
2025-12-29,indigo,19630.5,Travel,Credit Card,December,2025,12,29,Monday
2025-06-25,cream stone,832.44,Food,Debit Card,June,2025,6,25,Wednesday
2025-09-02,redbus,792.61,Transport,Net Banking,September,2025,9,2,Tuesday
2025-12-22,amazon,17765.64,Online Shopping,Debit Card,December,2025,12,22,Monday
2025-07-30,gaana,660.53,Entertainment,Net Banking,July,2025,7,30,Wednesday
2025-12-24,paradise biryani,194.1,Food,Credit Card,December,2025,12,24,Wednesday
2025-06-08,allen solly,6496.52,Clothing,UPI,June,2025,6,8,Sunday
2025-12-08,zee5,669.09,Entertainment,UPI,December,2025,12,8,Monday
2025-04-12,taco bell,126.15,Food,UPI,April,2025,4,12,Saturday
2025-02-22,indigo,2297.18,Travel,UPI,February,2025,2,22,Saturday
2025-03-02,us polo,7251.49,Clothing,Credit Card,March,2025,3,2,Sunday
2025-09-29,allen solly,545.49,Clothing,Credit Card,September,2025,9,29,Monday
2025-01-08,h&m,3749.25,Clothing,Credit Card,January,2025,1,8,Wednesday
2025-08-05,chai point,981.12,Food,Net Banking,August,2025,8,5,Tuesday
2025-07-08,mi store,89726.7,Electronics,UPI,July,2025,7,8,Tuesday
2025-03-09,nature's basket,525.86,Grocery,Net Banking,March,2025,3,9,Sunday
2025-02-14,oneplus,149197.11,Electronics,Debit Card,February,2025,2,14,Friday
2025-12-29,water board,1766.65,Bills,UPI,December,2025,12,29,Monday
2025-10-25,a2b,1268.04,Food,Credit Card,October,2025,10,25,Saturday
2025-11-10,flipkart,15804.76,Online Shopping,Net Banking,November,2025,11,10,Monday
2025-12-22,tata cliq,709.77,Online Shopping,Debit Card,December,2025,12,22,Monday
2025-06-13,subway,525.91,Food,Net Banking,June,2025,6,13,Friday
2025-09-07,airasia,21491.65,Travel,UPI,September,2025,9,7,Sunday
2025-11-12,cloudnine,10150.1,Healthcare,UPI,November,2025,11,12,Wednesday
2025-11-06,property tax online,599.75,Bills,Credit Card,November,2025,11,6,Thursday
2025-12-19,netflix,890.56,Entertainment,UPI,December,2025,12,19,Friday
2025-05-21,yatra,24867.56,Travel,UPI,May,2025,5,21,Wednesday
2025-07-11,wrogn,7653.49,Clothing,Net Banking,July,2025,7,11,Friday
2025-04-01,a2b,1362.74,Food,Net Banking,April,2025,4,1,Tuesday
2025-01-06,mcdonalds,448.3,Food,UPI,January,2025,1,6,Monday
2025-08-30,biba,4150.21,Clothing,UPI,August,2025,8,30,Saturday
2025-12-23,netflix,825.99,Entertainment,Debit Card,December,2025,12,23,Tuesday
2025-06-27,ajio,17939.67,Online Shopping,Debit Card,June,2025,6,27,Friday
2025-08-04,adidas,5732.02,Clothing,Net Banking,August,2025,8,4,Monday
2025-04-10,myntra,15843.46,Online Shopping,Net Banking,April,2025,4,10,Thursday
2025-09-14,woodland,2849.03,Clothing,Credit Card,September,2025,9,14,Sunday
2025-09-05,water board,2133.83,Bills,Debit Card,September,2025,9,5,Friday
2025-09-25,burger king,586.87,Food,Debit Card,September,2025,9,25,Thursday
2025-11-25,vivo store,52603.38,Electronics,Credit Card,November,2025,11,25,Tuesday
2025-06-14,ajio,5364.84,Online Shopping,Credit Card,June,2025,6,14,Saturday
2025-03-12,allen solly,6585.16,Clothing,Net Banking,March,2025,3,12,Wednesday
2025-06-21,spencers,988.93,Grocery,UPI,June,2025,6,21,Saturday
2025-04-30,reliance fresh,4025.14,Grocery,Net Banking,April,2025,4,30,Wednesday
2025-01-02,dell exclusive,6757.48,Electronics,Debit Card,January,2025,1,2,Thursday
2025-08-25,apollo hospital,9203.48,Healthcare,Debit Card,August,2025,8,25,Monday
2025-04-29,apollo pharmacy,18768.49,Healthcare,Credit Card,April,2025,4,29,Tuesday
2025-11-17,youtube premium,528.73,Entertainment,UPI,November,2025,11,17,Monday
2025-10-20,biba,5811.09,Clothing,Credit Card,October,2025,10,20,Monday
2025-03-21,adidas,729.05,Clothing,Debit Card,March,2025,3,21,Friday
2025-03-05,woodland,630.04,Clothing,Net Banking,March,2025,3,5,Wednesday
2025-09-09,vivo store,137121.24,Electronics,Debit Card,September,2025,9,9,Tuesday
2025-05-07,tata cliq,4770.36,Online Shopping,Net Banking,May,2025,5,7,Wednesday
2025-11-01,oyo,26210.65,Travel,Credit Card,November,2025,11,1,Saturday
2025-12-04,bigbazaar,4900.87,Grocery,Net Banking,December,2025,12,4,Thursday
2025-10-01,zee5,966.79,Entertainment,Credit Card,October,2025,10,1,Wednesday
2025-01-26,airasia,17034.33,Travel,Net Banking,January,2025,1,26,Sunday
2025-04-29,hp world,79693.95,Electronics,Credit Card,April,2025,4,29,Tuesday
2025-01-04,woodland,2147.95,Clothing,Debit Card,January,2025,1,4,Saturday
2025-12-26,us polo,6107.36,Clothing,Net Banking,December,2025,12,26,Friday
2025-02-01,spencers,912.56,Grocery,UPI,February,2025,2,1,Saturday
2025-03-13,myntra,9111.71,Online Shopping,Debit Card,March,2025,3,13,Thursday
2025-03-05,youtube premium,285.78,Entertainment,Credit Card,March,2025,3,5,Wednesday
2025-09-02,reliance fresh,2726.01,Grocery,Debit Card,September,2025,9,2,Tuesday
2025-11-18,kfc,964.0,Food,Credit Card,November,2025,11,18,Tuesday
2025-12-06,netmeds,1708.26,Healthcare,Debit Card,December,2025,12,6,Saturday
2025-11-20,star bazaar,1546.82,Grocery,UPI,November,2025,11,20,Thursday
2025-06-27,property tax online,748.22,Bills,Net Banking,June,2025,6,27,Friday
2025-10-10,air india,1636.45,Travel,Net Banking,October,2025,10,10,Friday
2025-04-17,property tax online,5176.22,Bills,UPI,April,2025,4,17,Thursday
2025-11-11,pepperfry,1846.59,Online Shopping,Credit Card,November,2025,11,11,Tuesday
2025-01-18,1mg,7689.79,Healthcare,Debit Card,January,2025,1,18,Saturday
2025-11-27,airasia,29257.87,Travel,Credit Card,November,2025,11,27,Thursday
2025-08-03,aha,477.4,Entertainment,Net Banking,August,2025,8,3,Sunday
2025-07-30,goibibo,22699.69,Travel,Net Banking,July,2025,7,30,Wednesday
2025-10-02,sony center,72060.14,Electronics,Credit Card,October,2025,10,2,Thursday
2025-02-16,pizza hut,914.44,Food,Credit Card,February,2025,2,16,Sunday
2025-09-07,airasia,5134.83,Travel,Net Banking,September,2025,9,7,Sunday
2025-06-24,pepperfry,17582.23,Online Shopping,Net Banking,June,2025,6,24,Tuesday
2025-11-08,zee5,669.21,Entertainment,Credit Card,November,2025,11,8,Saturday
2025-06-08,max fashion,6803.03,Clothing,Debit Card,June,2025,6,8,Sunday
2025-07-23,oyo,12058.28,Travel,Net Banking,July,2025,7,23,Wednesday
2025-10-18,act fibernet,3164.33,Bills,Debit Card,October,2025,10,18,Saturday
2025-09-12,cloudnine,3742.91,Healthcare,Debit Card,September,2025,9,12,Friday
2025-12-17,tneb,3166.76,Bills,Net Banking,December,2025,12,17,Wednesday
2025-03-07,vistara,16120.18,Travel,Credit Card,March,2025,3,7,Friday
2025-03-24,apple music,492.05,Entertainment,Debit Card,March,2025,3,24,Monday
2025-01-29,yatra,23573.49,Travel,UPI,January,2025,1,29,Wednesday
2025-02-12,tsrtc,947.12,Transport,Debit Card,February,2025,2,12,Wednesday
2025-04-03,nykaa,5859.4,Online Shopping,UPI,April,2025,4,3,Thursday
2025-08-30,wrogn,7983.18,Clothing,Credit Card,August,2025,8,30,Saturday
2025-02-25,puma,3787.78,Clothing,Debit Card,February,2025,2,25,Tuesday
2025-07-25,irctc,28758.21,Travel,Net Banking,July,2025,7,25,Friday
2025-04-12,spencers,2669.17,Grocery,Debit Card,April,2025,4,12,Saturday
2025-07-04,burger king,408.41,Food,UPI,July,2025,7,4,Friday
2025-06-16,meru cabs,879.41,Transport,Debit Card,June,2025,6,16,Monday
2025-03-17,h&m,6584.41,Clothing,Net Banking,March,2025,3,17,Monday
2025-01-21,metro rail,1597.44,Transport,Net Banking,January,2025,1,21,Tuesday
2025-05-21,jio fiber,4999.89,Bills,Credit Card,May,2025,5,21,Wednesday
2025-12-18,taco bell,1362.75,Food,Debit Card,December,2025,12,18,Thursday
2025-03-11,pepperfry,837.29,Online Shopping,Net Banking,March,2025,3,11,Tuesday
2025-08-03,yulu bikes,333.48,Transport,Net Banking,August,2025,8,3,Sunday
2025-10-20,youtube premium,682.0,Entertainment,Net Banking,October,2025,10,20,Monday
2025-07-12,youtube premium,146.61,Entertainment,Credit Card,July,2025,7,12,Saturday
2025-12-26,a2b,1259.95,Food,Net Banking,December,2025,12,26,Friday
2025-05-29,aha,261.96,Entertainment,Net Banking,May,2025,5,29,Thursday
2025-03-25,ajio,3601.37,Online Shopping,Net Banking,March,2025,3,25,Tuesday
2025-01-08,aster,9106.46,Healthcare,UPI,January,2025,1,8,Wednesday
2025-04-18,fortis,17117.0,Healthcare,Debit Card,April,2025,4,18,Friday
2025-08-14,airasia,1101.08,Travel,UPI,August,2025,8,14,Thursday
2025-03-30,reliance fresh,1778.71,Grocery,Credit Card,March,2025,3,30,Sunday
2025-09-18,1mg,11609.84,Healthcare,Credit Card,September,2025,9,18,Thursday
2025-03-26,pharmeasy,12366.48,Healthcare,UPI,March,2025,3,26,Wednesday
2025-05-09,dominos,800.74,Food,UPI,May,2025,5,9,Friday
2025-04-12,vivo store,95547.02,Electronics,UPI,April,2025,4,12,Saturday
2025-11-28,pharmeasy,12148.28,Healthcare,UPI,November,2025,11,28,Friday
2025-04-18,dell exclusive,9761.08,Electronics,Debit Card,April,2025,4,18,Friday
2025-07-16,croma,26401.86,Electronics,Debit Card,July,2025,7,16,Wednesday
2025-01-01,taco bell,124.46,Food,Net Banking,January,2025,1,1,Wednesday
2025-12-07,flipkart,8903.7,Online Shopping,UPI,December,2025,12,7,Sunday
2025-03-17,ccd,239.53,Food,Debit Card,March,2025,3,17,Monday
2025-02-14,hp world,45459.55,Electronics,Credit Card,February,2025,2,14,Friday
2025-12-03,apollo hospital,16891.8,Healthcare,Net Banking,December,2025,12,3,Wednesday
2025-08-15,meesho,9092.74,Online Shopping,Credit Card,August,2025,8,15,Friday
2025-10-28,nilgiris,1794.99,Grocery,Debit Card,October,2025,10,28,Tuesday
2025-12-18,apollo pharmacy,11275.49,Healthcare,UPI,December,2025,12,18,Thursday
2025-06-23,netmeds,16640.54,Healthcare,Debit Card,June,2025,6,23,Monday
2025-04-05,youtube premium,759.05,Entertainment,Net Banking,April,2025,4,5,Saturday
2025-03-18,samsung store,37027.33,Electronics,Debit Card,March,2025,3,18,Tuesday
2025-07-18,bigbazaar,4407.24,Grocery,Debit Card,July,2025,7,18,Friday
2025-05-02,aha,829.26,Entertainment,UPI,May,2025,5,2,Friday
2025-01-11,mcdonalds,683.57,Food,UPI,January,2025,1,11,Saturday
2025-06-04,bsnl,4274.14,Bills,Net Banking,June,2025,6,4,Wednesday
2025-01-03,pantaloons,7445.37,Clothing,UPI,January,2025,1,3,Friday
2025-05-21,irctc,20596.97,Travel,Debit Card,May,2025,5,21,Wednesday
2025-11-12,youtube premium,575.9,Entertainment,Credit Card,November,2025,11,12,Wednesday
2025-04-14,bmtc,544.17,Transport,Credit Card,April,2025,4,14,Monday
2025-02-14,tsrtc,1476.65,Transport,Credit Card,February,2025,2,14,Friday
2025-08-07,vistara,10470.61,Travel,Debit Card,August,2025,8,7,Thursday
2025-06-06,samsung store,66239.46,Electronics,Net Banking,June,2025,6,6,Friday
2025-07-29,starbucks,626.89,Food,Net Banking,July,2025,7,29,Tuesday
2025-01-10,yulu bikes,226.59,Transport,Debit Card,January,2025,1,10,Friday
2025-03-15,zee5,341.31,Entertainment,Net Banking,March,2025,3,15,Saturday
2025-10-05,ccd,291.79,Food,UPI,October,2025,10,5,Sunday
2025-03-07,dell exclusive,90972.17,Electronics,Debit Card,March,2025,3,7,Friday
2025-09-19,bsnl,3557.11,Bills,Debit Card,September,2025,9,19,Friday
2025-11-22,allen solly,7855.06,Clothing,Net Banking,November,2025,11,22,Saturday
2025-03-10,max fashion,4193.58,Clothing,Debit Card,March,2025,3,10,Monday
2025-08-03,hotstar,378.12,Entertainment,Credit Card,August,2025,8,3,Sunday
2025-07-16,flipkart,15309.14,Online Shopping,UPI,July,2025,7,16,Wednesday
2025-12-14,youtube premium,775.16,Entertainment,Net Banking,December,2025,12,14,Sunday
2025-08-03,lenskart,7743.99,Online Shopping,UPI,August,2025,8,3,Sunday
2025-07-30,nature's basket,2601.82,Grocery,UPI,July,2025,7,30,Wednesday
2025-10-08,netflix,732.13,Entertainment,Credit Card,October,2025,10,8,Wednesday
2025-02-21,kauvery,14651.58,Healthcare,Net Banking,February,2025,2,21,Friday
2025-09-14,adidas,4632.67,Clothing,Net Banking,September,2025,9,14,Sunday
2025-08-23,more supermarket,1046.02,Grocery,UPI,August,2025,8,23,Saturday
2025-11-18,pizza hut,586.05,Food,Credit Card,November,2025,11,18,Tuesday
2025-08-28,chai point,993.01,Food,Net Banking,August,2025,8,28,Thursday
2025-01-18,reliance digital,98720.47,Electronics,UPI,January,2025,1,18,Saturday
2025-01-08,apollo pharmacy,15597.99,Healthcare,UPI,January,2025,1,8,Wednesday
2025-11-13,act fibernet,3667.24,Bills,Credit Card,November,2025,11,13,Thursday
2025-03-13,yulu bikes,1655.5,Transport,Debit Card,March,2025,3,13,Thursday
2025-06-10,hotstar,830.47,Entertainment,Net Banking,June,2025,6,10,Tuesday
2025-09-19,adidas,5184.66,Clothing,Net Banking,September,2025,9,19,Friday
2025-07-20,medplus,5770.71,Healthcare,Net Banking,July,2025,7,20,Sunday
2025-10-28,snapdeal,16937.51,Online Shopping,Credit Card,October,2025,10,28,Tuesday
2025-03-04,vodafone idea,4469.07,Bills,Credit Card,March,2025,3,4,Tuesday
2025-08-20,apollo hospital,4069.84,Healthcare,Debit Card,August,2025,8,20,Wednesday
2025-08-13,air india,3259.32,Travel,Credit Card,August,2025,8,13,Wednesday
2025-04-01,pepperfry,4551.45,Online Shopping,Net Banking,April,2025,4,1,Tuesday
2025-03-02,reliance digital,125285.33,Electronics,Debit Card,March,2025,3,2,Sunday
2025-08-28,jiomart,2140.18,Grocery,UPI,August,2025,8,28,Thursday
2025-03-10,water board,1171.01,Bills,Credit Card,March,2025,3,10,Monday
2025-12-26,spencers,4987.43,Grocery,Credit Card,December,2025,12,26,Friday
2025-07-02,yatra,614.88,Travel,UPI,July,2025,7,2,Wednesday
2025-03-01,croma,134562.78,Electronics,Net Banking,March,2025,3,1,Saturday
2025-10-03,aha,828.41,Entertainment,Credit Card,October,2025,10,3,Friday
2025-09-27,vistara,21385.23,Travel,Credit Card,September,2025,9,27,Saturday
2025-06-11,uber,1898.64,Transport,Credit Card,June,2025,6,11,Wednesday
2025-12-06,mi store,12651.08,Electronics,Debit Card,December,2025,12,6,Saturday
2025-08-26,biba,5571.58,Clothing,UPI,August,2025,8,26,Tuesday
2025-05-06,pharmeasy,11866.49,Healthcare,Net Banking,May,2025,5,6,Tuesday
2025-09-18,reliance fresh,3451.68,Grocery,UPI,September,2025,9,18,Thursday
2025-07-07,adidas,2968.69,Clothing,Credit Card,July,2025,7,7,Monday
2025-07-12,subway,698.47,Food,Net Banking,July,2025,7,12,Saturday
2025-01-15,myntra,12900.53,Online Shopping,UPI,January,2025,1,15,Wednesday
2025-05-29,property tax online,4085.79,Bills,Credit Card,May,2025,5,29,Thursday
2025-09-07,snapdeal,12433.3,Online Shopping,UPI,September,2025,9,7,Sunday
2025-05-05,tneb,3815.8,Bills,Debit Card,May,2025,5,5,Monday
2025-12-06,uber,1367.86,Transport,Net Banking,December,2025,12,6,Saturday
2025-11-04,vistara,4938.58,Travel,Credit Card,November,2025,11,4,Tuesday
2025-11-14,woodland,3342.81,Clothing,Credit Card,November,2025,11,14,Friday
2025-01-25,meesho,13244.08,Online Shopping,UPI,January,2025,1,25,Saturday
2025-12-31,kauvery,12259.08,Healthcare,UPI,December,2025,12,31,Wednesday
2025-02-23,apollo hospital,10165.48,Healthcare,Credit Card,February,2025,2,23,Sunday
2025-04-09,indigo,16840.72,Travel,Credit Card,April,2025,4,9,Wednesday
2025-11-09,lenskart,19621.75,Online Shopping,Debit Card,November,2025,11,9,Sunday
2025-11-02,apollo pharmacy,17413.55,Healthcare,Debit Card,November,2025,11,2,Sunday
2025-12-02,pepperfry,3996.44,Online Shopping,Credit Card,December,2025,12,2,Tuesday
2025-11-28,dmart,4938.14,Grocery,Credit Card,November,2025,11,28,Friday
2025-08-26,redbus,1758.44,Transport,Net Banking,August,2025,8,26,Tuesday
2025-06-08,bmtc,1484.81,Transport,Debit Card,June,2025,6,8,Sunday
2025-10-22,booking.com,4103.82,Travel,Credit Card,October,2025,10,22,Wednesday
2025-05-02,pizza hut,1051.71,Food,Credit Card,May,2025,5,2,Friday
2025-10-14,tsrtc,1660.04,Transport,Debit Card,October,2025,10,14,Tuesday
2025-04-25,redbus,477.79,Transport,Debit Card,April,2025,4,25,Friday
2025-08-24,oyo,4808.63,Travel,Credit Card,August,2025,8,24,Sunday
2025-03-10,redbus,317.54,Transport,Debit Card,March,2025,3,10,Monday
2025-06-07,amazon prime,115.61,Entertainment,UPI,June,2025,6,7,Saturday
2025-02-19,ola,862.35,Transport,Credit Card,February,2025,2,19,Wednesday
2025-10-06,jio fiber,532.56,Bills,Debit Card,October,2025,10,6,Monday
2025-08-19,tneb,780.34,Bills,Debit Card,August,2025,8,19,Tuesday
2025-07-09,ola,1043.35,Transport,UPI,July,2025,7,9,Wednesday
2025-02-16,pharmeasy,12699.47,Healthcare,Net Banking,February,2025,2,16,Sunday
2025-04-30,asus store,67315.69,Electronics,Net Banking,April,2025,4,30,Wednesday
2025-02-01,nilgiris,1473.65,Grocery,UPI,February,2025,2,1,Saturday
2025-08-16,jio fiber,3338.08,Bills,Net Banking,August,2025,8,16,Saturday
2025-08-18,tata cliq,13071.67,Online Shopping,Net Banking,August,2025,8,18,Monday
2025-11-05,booking.com,15761.34,Travel,Debit Card,November,2025,11,5,Wednesday
2025-09-11,a2b,1487.69,Food,UPI,September,2025,9,11,Thursday
2025-01-23,goibibo,13599.09,Travel,UPI,January,2025,1,23,Thursday
2025-07-20,mi store,85154.28,Electronics,Credit Card,July,2025,7,20,Sunday
2025-06-25,asus store,22550.59,Electronics,Debit Card,June,2025,6,25,Wednesday
2025-08-07,h&m,3787.79,Clothing,UPI,August,2025,8,7,Thursday
2025-05-03,paradise biryani,269.94,Food,UPI,May,2025,5,3,Saturday
2025-09-15,sony center,108546.07,Electronics,Debit Card,September,2025,9,15,Monday
2025-04-02,pizza hut,1219.45,Food,Credit Card,April,2025,4,2,Wednesday
2025-03-15,zee5,424.28,Entertainment,Net Banking,March,2025,3,15,Saturday
2025-08-31,cream stone,656.16,Food,Debit Card,August,2025,8,31,Sunday
2025-04-14,irctc,27616.51,Travel,Net Banking,April,2025,4,14,Monday
2025-05-16,act fibernet,292.36,Bills,Credit Card,May,2025,5,16,Friday
2025-03-15,nykaa,677.2,Online Shopping,Net Banking,March,2025,3,15,Saturday
2025-09-28,samsung store,29016.44,Electronics,UPI,September,2025,9,28,Sunday
2025-05-19,starbucks,1300.66,Food,UPI,May,2025,5,19,Monday
2025-07-30,biba,6796.93,Clothing,Debit Card,July,2025,7,30,Wednesday
2025-05-06,lenskart,14397.23,Online Shopping,Credit Card,May,2025,5,6,Tuesday
2025-10-05,snapdeal,12541.79,Online Shopping,Credit Card,October,2025,10,5,Sunday
2025-11-19,nature's basket,1625.7,Grocery,Net Banking,November,2025,11,19,Wednesday
2025-03-13,zee5,124.01,Entertainment,Net Banking,March,2025,3,13,Thursday
2025-03-20,hotstar,507.41,Entertainment,Net Banking,March,2025,3,20,Thursday
2025-04-18,tneb,3373.73,Bills,Debit Card,April,2025,4,18,Friday
2025-01-13,zara,3511.95,Clothing,UPI,January,2025,1,13,Monday
2025-10-17,snapdeal,10500.52,Online Shopping,UPI,October,2025,10,17,Friday
2025-05-12,oneplus,4646.46,Electronics,Credit Card,May,2025,5,12,Monday
2025-09-14,apollo pharmacy,8840.97,Healthcare,UPI,September,2025,9,14,Sunday
2025-06-29,tata cliq,12847.46,Online Shopping,UPI,June,2025,6,29,Sunday
2025-09-20,reliance fresh,2591.55,Grocery,Net Banking,September,2025,9,20,Saturday
2025-12-18,nilgiris,2470.34,Grocery,Credit Card,December,2025,12,18,Thursday
2025-01-03,apple store,140355.9,Electronics,Net Banking,January,2025,1,3,Friday
2025-06-08,us polo,3810.42,Clothing,Credit Card,June,2025,6,8,Sunday
2025-06-26,pantaloons,5927.89,Clothing,Net Banking,June,2025,6,26,Thursday
2025-06-20,yatra,27128.44,Travel,Net Banking,June,2025,6,20,Friday
2025-01-05,aha,563.83,Entertainment,Credit Card,January,2025,1,5,Sunday
2025-08-17,booking.com,24786.87,Travel,UPI,August,2025,8,17,Sunday
2025-03-22,vodafone idea,4468.43,Bills,Debit Card,March,2025,3,22,Saturday
2025-12-06,metro rail,1592.39,Transport,Credit Card,December,2025,12,6,Saturday
2025-09-27,noise,53467.25,Electronics,Net Banking,September,2025,9,27,Saturday
2025-01-20,amazon prime,672.14,Entertainment,Credit Card,January,2025,1,20,Monday
2025-04-03,tsrtc,372.43,Transport,Debit Card,April,2025,4,3,Thursday
2025-07-22,adidas,4964.27,Clothing,Debit Card,July,2025,7,22,Tuesday
2025-06-10,reliance fresh,4680.79,Grocery,Credit Card,June,2025,6,10,Tuesday
2025-09-26,reliance fresh,2222.84,Grocery,UPI,September,2025,9,26,Friday
2025-03-21,gaana,226.71,Entertainment,Credit Card,March,2025,3,21,Friday
2025-07-23,paradise biryani,818.06,Food,Net Banking,July,2025,7,23,Wednesday
2025-09-08,nilgiris,1636.19,Grocery,Credit Card,September,2025,9,8,Monday
2025-03-16,croma,82995.77,Electronics,Net Banking,March,2025,3,16,Sunday
2025-08-10,metro rail,840.16,Transport,Credit Card,August,2025,8,10,Sunday
2025-07-01,tata cliq,16683.59,Online Shopping,Credit Card,July,2025,7,1,Tuesday
2025-08-20,flipkart,14058.43,Online Shopping,Net Banking,August,2025,8,20,Wednesday
2025-05-13,samsung store,76876.53,Electronics,Credit Card,May,2025,5,13,Tuesday
2025-05-06,gas agency,5865.08,Bills,Debit Card,May,2025,5,6,Tuesday
2025-02-25,rapido,991.44,Transport,Credit Card,February,2025,2,25,Tuesday
2025-11-06,star bazaar,4684.39,Grocery,Credit Card,November,2025,11,6,Thursday
2025-12-08,spotify,363.44,Entertainment,UPI,December,2025,12,8,Monday
2025-11-29,cream stone,733.4,Food,Credit Card,November,2025,11,29,Saturday
2025-12-14,barbeque nation,784.8,Food,Credit Card,December,2025,12,14,Sunday
2025-01-11,taco bell,1197.89,Food,Debit Card,January,2025,1,11,Saturday
2025-04-29,more supermarket,598.84,Grocery,Credit Card,April,2025,4,29,Tuesday
2025-02-17,meesho,17138.98,Online Shopping,UPI,February,2025,2,17,Monday
2025-01-10,goibibo,14308.69,Travel,UPI,January,2025,1,10,Friday
2025-03-19,barbeque nation,776.36,Food,Net Banking,March,2025,3,19,Wednesday
2025-02-20,tsrtc,493.69,Transport,UPI,February,2025,2,20,Thursday
2025-11-16,puma,7927.64,Clothing,Debit Card,November,2025,11,16,Sunday
2025-05-05,tata cliq,2771.36,Online Shopping,Credit Card,May,2025,5,5,Monday
2025-09-04,redbus,130.13,Transport,Net Banking,September,2025,9,4,Thursday
2025-07-13,booking.com,24788.87,Travel,Debit Card,July,2025,7,13,Sunday
2025-05-12,dmart,443.44,Grocery,UPI,May,2025,5,12,Monday
2025-10-20,medplus,7505.77,Healthcare,Net Banking,October,2025,10,20,Monday
2025-06-12,puma,2854.41,Clothing,Credit Card,June,2025,6,12,Thursday
2025-11-05,dell exclusive,74104.53,Electronics,Net Banking,November,2025,11,5,Wednesday
2025-02-26,act fibernet,1949.16,Bills,Debit Card,February,2025,2,26,Wednesday
2025-10-31,aster,15902.96,Healthcare,Credit Card,October,2025,10,31,Friday
2025-10-04,flipkart,19540.87,Online Shopping,Net Banking,October,2025,10,4,Saturday
2025-08-13,mcdonalds,390.33,Food,Debit Card,August,2025,8,13,Wednesday
2025-01-06,fortis,19019.41,Healthcare,Credit Card,January,2025,1,6,Monday
2025-07-14,air india,26944.64,Travel,UPI,July,2025,7,14,Monday
2025-12-10,airtel,393.89,Bills,Net Banking,December,2025,12,10,Wednesday
2025-10-18,bsnl,2015.64,Bills,UPI,October,2025,10,18,Saturday
2025-03-25,nature's basket,1555.25,Grocery,UPI,March,2025,3,25,Tuesday
2025-11-03,kauvery,8696.86,Healthcare,Credit Card,November,2025,11,3,Monday
2025-06-11,tata cliq,14782.03,Online Shopping,Credit Card,June,2025,6,11,Wednesday
2025-08-26,chai point,1295.45,Food,Net Banking,August,2025,8,26,Tuesday
2025-10-06,airtel,5838.45,Bills,Net Banking,October,2025,10,6,Monday
2025-02-28,netflix,733.84,Entertainment,UPI,February,2025,2,28,Friday
2025-11-08,chai point,1497.97,Food,UPI,November,2025,11,8,Saturday
2025-05-15,us polo,7164.67,Clothing,Debit Card,May,2025,5,15,Thursday
2025-10-09,aster,14109.93,Healthcare,Debit Card,October,2025,10,9,Thursday
2025-01-07,nilgiris,1181.13,Grocery,UPI,January,2025,1,7,Tuesday
2025-03-10,gas agency,453.86,Bills,Net Banking,March,2025,3,10,Monday
2025-12-10,booking.com,11762.66,Travel,UPI,December,2025,12,10,Wednesday
2025-06-23,biba,5977.64,Clothing,Net Banking,June,2025,6,23,Monday
2025-07-10,amazon,18724.54,Online Shopping,Credit Card,July,2025,7,10,Thursday
2025-07-01,cloudnine,12613.27,Healthcare,UPI,July,2025,7,1,Tuesday
2025-01-16,act fibernet,562.1,Bills,Net Banking,January,2025,1,16,Thursday
2025-10-21,samsung store,61604.27,Electronics,UPI,October,2025,10,21,Tuesday
2025-12-25,jio fiber,3535.3,Bills,Credit Card,December,2025,12,25,Thursday
2025-11-18,puma,1109.53,Clothing,Debit Card,November,2025,11,18,Tuesday
2025-02-27,jiomart,2986.54,Grocery,UPI,February,2025,2,27,Thursday
2025-05-19,mi store,82868.58,Electronics,UPI,May,2025,5,19,Monday
2025-03-25,indigo,16666.71,Travel,Net Banking,March,2025,3,25,Tuesday
2025-10-29,h&m,4960.58,Clothing,Debit Card,October,2025,10,29,Wednesday
2025-02-27,tata cliq,17441.97,Online Shopping,Debit Card,February,2025,2,27,Thursday
2025-12-03,myntra,9321.1,Online Shopping,UPI,December,2025,12,3,Wednesday
2025-10-26,mcdonalds,271.18,Food,Net Banking,October,2025,10,26,Sunday
2025-06-12,hotstar,694.82,Entertainment,Net Banking,June,2025,6,12,Thursday
2025-11-08,airtel,3286.39,Bills,UPI,November,2025,11,8,Saturday
2025-11-25,tneb,2401.19,Bills,UPI,November,2025,11,25,Tuesday
2025-04-05,chai point,218.3,Food,Debit Card,April,2025,4,5,Saturday
2025-09-26,netflix,587.47,Entertainment,Debit Card,September,2025,9,26,Friday
2025-01-20,croma,113333.12,Electronics,UPI,January,2025,1,20,Monday
2025-09-20,yulu bikes,1774.98,Transport,Debit Card,September,2025,9,20,Saturday
2025-12-31,croma,124834.5,Electronics,Net Banking,December,2025,12,31,Wednesday
2025-09-15,noise,85285.14,Electronics,Debit Card,September,2025,9,15,Monday
2025-11-08,lenskart,13646.56,Online Shopping,Debit Card,November,2025,11,8,Saturday
2025-07-11,medplus,14161.43,Healthcare,Credit Card,July,2025,7,11,Friday
2025-09-22,myntra,3079.72,Online Shopping,Credit Card,September,2025,9,22,Monday
2025-07-14,vodafone idea,4628.27,Bills,Debit Card,July,2025,7,14,Monday
2025-07-15,medplus,2205.36,Healthcare,Debit Card,July,2025,7,15,Tuesday
2025-11-14,myntra,9534.27,Online Shopping,Debit Card,November,2025,11,14,Friday
2025-06-03,nilgiris,2250.07,Grocery,Debit Card,June,2025,6,3,Tuesday
2025-12-08,bsnl,3567.82,Bills,UPI,December,2025,12,8,Monday
2025-09-12,netflix,487.16,Entertainment,Net Banking,September,2025,9,12,Friday
2025-10-29,amazon,14655.62,Online Shopping,Credit Card,October,2025,10,29,Wednesday
2025-12-18,bigbazaar,2703.56,Grocery,Debit Card,December,2025,12,18,Thursday
2025-07-17,gaana,842.74,Entertainment,Credit Card,July,2025,7,17,Thursday
2025-01-23,cream stone,241.58,Food,Debit Card,January,2025,1,23,Thursday
2025-01-28,lenskart,7056.62,Online Shopping,UPI,January,2025,1,28,Tuesday
2025-09-16,flipkart,3825.15,Online Shopping,UPI,September,2025,9,16,Tuesday
2025-11-30,tata cliq,11028.97,Online Shopping,Credit Card,November,2025,11,30,Sunday
2025-03-28,amazon prime,736.11,Entertainment,Credit Card,March,2025,3,28,Friday
2025-07-05,youtube premium,303.91,Entertainment,Net Banking,July,2025,7,5,Saturday
2025-12-05,tsrtc,343.06,Transport,Credit Card,December,2025,12,5,Friday
2025-02-11,zara,2061.92,Clothing,Debit Card,February,2025,2,11,Tuesday
2025-10-07,ola,679.11,Transport,UPI,October,2025,10,7,Tuesday
2025-11-20,flipkart,10771.58,Online Shopping,Net Banking,November,2025,11,20,Thursday
2025-12-21,booking.com,28416.93,Travel,Credit Card,December,2025,12,21,Sunday
2025-11-27,1mg,13739.47,Healthcare,Credit Card,November,2025,11,27,Thursday
2025-11-08,noise,149809.51,Electronics,UPI,November,2025,11,8,Saturday
2025-10-22,pharmeasy,18722.74,Healthcare,Net Banking,October,2025,10,22,Wednesday
2025-06-09,meru cabs,1375.27,Transport,Credit Card,June,2025,6,9,Monday
2025-11-28,tsrtc,1892.13,Transport,Credit Card,November,2025,11,28,Friday
2025-11-06,sony center,51998.8,Electronics,UPI,November,2025,11,6,Thursday
2025-11-26,pantaloons,5858.06,Clothing,Credit Card,November,2025,11,26,Wednesday
2025-07-08,vivo store,115944.18,Electronics,Net Banking,July,2025,7,8,Tuesday
2025-03-15,h&m,1364.47,Clothing,Debit Card,March,2025,3,15,Saturday
2025-09-23,ola,1345.14,Transport,Debit Card,September,2025,9,23,Tuesday
2025-06-26,youtube premium,793.92,Entertainment,Debit Card,June,2025,6,26,Thursday
2025-07-01,tsrtc,314.45,Transport,Debit Card,July,2025,7,1,Tuesday
2025-05-07,mi store,99413.08,Electronics,UPI,May,2025,5,7,Wednesday
2025-06-18,jio fiber,4032.13,Bills,UPI,June,2025,6,18,Wednesday
2025-11-14,sonyliv,940.34,Entertainment,UPI,November,2025,11,14,Friday
2025-01-12,aster,10391.15,Healthcare,UPI,January,2025,1,12,Sunday
2025-09-29,meru cabs,1307.01,Transport,Net Banking,September,2025,9,29,Monday
2025-07-14,youtube premium,799.3,Entertainment,UPI,July,2025,7,14,Monday
2025-01-20,allen solly,5466.64,Clothing,Net Banking,January,2025,1,20,Monday
2025-10-24,spotify,912.39,Entertainment,UPI,October,2025,10,24,Friday
2025-01-11,vodafone idea,2753.94,Bills,Net Banking,January,2025,1,11,Saturday
2025-08-11,oyo,1890.83,Travel,Net Banking,August,2025,8,11,Monday
2025-06-03,chai point,392.84,Food,Net Banking,June,2025,6,3,Tuesday
2025-01-19,nature's basket,2174.23,Grocery,Net Banking,January,2025,1,19,Sunday
2025-07-18,puma,5680.75,Clothing,Credit Card,July,2025,7,18,Friday
2025-12-11,spotify,343.42,Entertainment,UPI,December,2025,12,11,Thursday
2025-04-09,us polo,5174.01,Clothing,Debit Card,April,2025,4,9,Wednesday
2025-06-05,sony center,100827.11,Electronics,Net Banking,June,2025,6,5,Thursday
2025-05-22,jio fiber,1887.24,Bills,Debit Card,May,2025,5,22,Thursday
2025-11-20,aster,8174.74,Healthcare,Net Banking,November,2025,11,20,Thursday
2025-11-10,vodafone idea,5639.92,Bills,Credit Card,November,2025,11,10,Monday
2025-06-18,wrogn,3592.34,Clothing,Credit Card,June,2025,6,18,Wednesday
2025-05-23,pizza hut,1074.09,Food,Net Banking,May,2025,5,23,Friday
2025-06-22,goibibo,3934.44,Travel,Debit Card,June,2025,6,22,Sunday
2025-08-16,taco bell,1079.24,Food,UPI,August,2025,8,16,Saturday
2025-07-31,saravana bhavan,251.86,Food,Net Banking,July,2025,7,31,Thursday
2025-08-22,hp world,102786.23,Electronics,Net Banking,August,2025,8,22,Friday
2025-05-31,1mg,7587.9,Healthcare,Net Banking,May,2025,5,31,Saturday
2025-07-18,gaana,492.75,Entertainment,Credit Card,July,2025,7,18,Friday
2025-12-02,gas agency,3567.01,Bills,Net Banking,December,2025,12,2,Tuesday
2025-05-01,uber,315.77,Transport,Debit Card,May,2025,5,1,Thursday
2025-08-08,zara,3124.38,Clothing,Credit Card,August,2025,8,8,Friday
2025-08-25,air india,23581.8,Travel,Credit Card,August,2025,8,25,Monday
2025-09-08,amazon,9526.2,Online Shopping,Net Banking,September,2025,9,8,Monday
2025-08-24,more supermarket,538.14,Grocery,Net Banking,August,2025,8,24,Sunday
2025-04-29,nature's basket,2280.22,Grocery,Net Banking,April,2025,4,29,Tuesday
2025-11-09,star bazaar,942.88,Grocery,Debit Card,November,2025,11,9,Sunday
2025-12-05,spencers,3009.84,Grocery,Net Banking,December,2025,12,5,Friday
2025-09-18,subway,650.54,Food,UPI,September,2025,9,18,Thursday
2025-06-06,oneplus,61848.9,Electronics,Net Banking,June,2025,6,6,Friday
2025-07-29,aster,17638.05,Healthcare,Credit Card,July,2025,7,29,Tuesday
2025-10-19,more supermarket,4112.29,Grocery,UPI,October,2025,10,19,Sunday
2025-07-03,us polo,4140.55,Clothing,Net Banking,July,2025,7,3,Thursday
2025-05-20,ajio,16515.81,Online Shopping,UPI,May,2025,5,20,Tuesday
2025-01-04,youtube premium,511.91,Entertainment,Debit Card,January,2025,1,4,Saturday
2025-08-23,youtube premium,696.6,Entertainment,Debit Card,August,2025,8,23,Saturday
2025-03-25,chai point,499.3,Food,Net Banking,March,2025,3,25,Tuesday
2025-07-23,nilgiris,389.68,Grocery,Debit Card,July,2025,7,23,Wednesday
2025-08-01,kauvery,7540.82,Healthcare,Debit Card,August,2025,8,1,Friday
2025-04-16,samsung store,79763.99,Electronics,Debit Card,April,2025,4,16,Wednesday
2025-03-29,puma,2965.02,Clothing,Net Banking,March,2025,3,29,Saturday
2025-09-01,snapdeal,545.23,Online Shopping,Debit Card,September,2025,9,1,Monday
2025-07-09,property tax online,2880.28,Bills,Credit Card,July,2025,7,9,Wednesday
2025-01-19,booking.com,15334.58,Travel,UPI,January,2025,1,19,Sunday
2025-02-22,apple music,317.1,Entertainment,Net Banking,February,2025,2,22,Saturday
2025-01-10,levis,6106.66,Clothing,Debit Card,January,2025,1,10,Friday
2025-05-17,vodafone idea,313.83,Bills,Credit Card,May,2025,5,17,Saturday
2025-04-01,snapdeal,6800.27,Online Shopping,Debit Card,April,2025,4,1,Tuesday
2025-05-17,boat lifestyle,45452.86,Electronics,Debit Card,May,2025,5,17,Saturday
2025-02-22,levis,2416.6,Clothing,Net Banking,February,2025,2,22,Saturday
2025-03-18,water board,5008.61,Bills,Debit Card,March,2025,3,18,Tuesday
2025-12-29,nykaa,11056.9,Online Shopping,UPI,December,2025,12,29,Monday
2025-01-02,taco bell,870.88,Food,Debit Card,January,2025,1,2,Thursday
2025-09-19,booking.com,14839.72,Travel,Net Banking,September,2025,9,19,Friday
2025-12-28,pantaloons,6492.91,Clothing,Net Banking,December,2025,12,28,Sunday
2025-07-13,levis,3060.54,Clothing,Credit Card,July,2025,7,13,Sunday
2025-10-30,air india,26028.99,Travel,Debit Card,October,2025,10,30,Thursday
2025-04-20,airtel,3262.78,Bills,UPI,April,2025,4,20,Sunday
2025-11-02,nilgiris,2915.54,Grocery,UPI,November,2025,11,2,Sunday
2025-06-04,fortis,9594.79,Healthcare,UPI,June,2025,6,4,Wednesday
2025-06-30,nike,4143.09,Clothing,Net Banking,June,2025,6,30,Monday
2025-01-17,irctc,11115.37,Travel,Net Banking,January,2025,1,17,Friday
2025-11-19,more supermarket,4618.73,Grocery,Credit Card,November,2025,11,19,Wednesday
2025-04-16,kfc,1495.35,Food,Debit Card,April,2025,4,16,Wednesday
2025-03-07,act fibernet,1317.06,Bills,UPI,March,2025,3,7,Friday
2025-05-23,starbucks,837.31,Food,Debit Card,May,2025,5,23,Friday
2025-10-13,noise,149349.96,Electronics,UPI,October,2025,10,13,Monday
2025-05-28,paradise biryani,1307.46,Food,UPI,May,2025,5,28,Wednesday
2025-11-19,rapido,365.48,Transport,UPI,November,2025,11,19,Wednesday
2025-07-31,star bazaar,338.01,Grocery,Debit Card,July,2025,7,31,Thursday
2025-03-23,nilgiris,2907.71,Grocery,Credit Card,March,2025,3,23,Sunday
2025-05-07,water board,3967.31,Bills,UPI,May,2025,5,7,Wednesday
2025-12-16,oyo,2044.97,Travel,UPI,December,2025,12,16,Tuesday
2025-07-18,amazon,10497.51,Online Shopping,Net Banking,July,2025,7,18,Friday
2025-11-23,goibibo,6111.48,Travel,Net Banking,November,2025,11,23,Sunday
2025-02-14,water board,3755.84,Bills,Net Banking,February,2025,2,14,Friday
2025-01-20,saravana bhavan,554.4,Food,Net Banking,January,2025,1,20,Monday
2025-11-26,netflix,959.4,Entertainment,Net Banking,November,2025,11,26,Wednesday
2025-01-05,mcdonalds,946.7,Food,Debit Card,January,2025,1,5,Sunday
2025-06-16,vivo store,47234.6,Electronics,Debit Card,June,2025,6,16,Monday
2025-08-16,netflix,512.76,Entertainment,Debit Card,August,2025,8,16,Saturday
2025-01-24,act fibernet,1095.07,Bills,Net Banking,January,2025,1,24,Friday
2025-03-09,apollo pharmacy,1563.0,Healthcare,Credit Card,March,2025,3,9,Sunday
2025-01-08,netmeds,8794.54,Healthcare,Net Banking,January,2025,1,8,Wednesday
2025-10-18,jio fiber,866.04,Bills,Debit Card,October,2025,10,18,Saturday
2025-08-31,bsnl,5333.85,Bills,Debit Card,August,2025,8,31,Sunday
2025-12-16,spotify,450.82,Entertainment,Debit Card,December,2025,12,16,Tuesday
2025-03-11,property tax online,4252.57,Bills,Debit Card,March,2025,3,11,Tuesday
2025-07-10,paradise biryani,1434.66,Food,UPI,July,2025,7,10,Thursday
2025-05-06,starbucks,1096.88,Food,Credit Card,May,2025,5,6,Tuesday
2025-09-06,irctc,12537.15,Travel,UPI,September,2025,9,6,Saturday
2025-03-26,tsrtc,994.63,Transport,Debit Card,March,2025,3,26,Wednesday
2025-05-03,chai point,1170.89,Food,Net Banking,May,2025,5,3,Saturday
2025-04-28,property tax online,3213.42,Bills,Net Banking,April,2025,4,28,Monday
2025-09-16,apple store,9854.95,Electronics,Net Banking,September,2025,9,16,Tuesday
2025-09-21,water board,2199.1,Bills,Net Banking,September,2025,9,21,Sunday
2025-10-31,tata cliq,240.3,Online Shopping,Net Banking,October,2025,10,31,Friday
2025-04-24,hotstar,988.47,Entertainment,Debit Card,April,2025,4,24,Thursday
2025-08-12,medplus,10815.86,Healthcare,UPI,August,2025,8,12,Tuesday
2025-02-23,bmtc,1389.94,Transport,UPI,February,2025,2,23,Sunday
2025-02-10,indigo,20016.05,Travel,Credit Card,February,2025,2,10,Monday
2025-06-23,dominos,283.51,Food,Debit Card,June,2025,6,23,Monday
2025-04-16,dmart,2851.49,Grocery,UPI,April,2025,4,16,Wednesday
2025-05-18,sonyliv,190.76,Entertainment,Net Banking,May,2025,5,18,Sunday
2025-07-29,goibibo,5831.23,Travel,Net Banking,July,2025,7,29,Tuesday
2025-01-12,vivo store,72835.1,Electronics,Credit Card,January,2025,1,12,Sunday
2025-11-06,property tax online,4179.48,Bills,Debit Card,November,2025,11,6,Thursday
2025-03-23,ccd,369.6,Food,Debit Card,March,2025,3,23,Sunday
2025-10-01,dmart,4507.27,Grocery,Credit Card,October,2025,10,1,Wednesday
2025-03-25,saravana bhavan,289.19,Food,Credit Card,March,2025,3,25,Tuesday
2025-08-07,spencers,2700.35,Grocery,Net Banking,August,2025,8,7,Thursday
2025-06-16,youtube premium,446.66,Entertainment,Net Banking,June,2025,6,16,Monday
2025-09-09,rapido,454.74,Transport,Net Banking,September,2025,9,9,Tuesday
2025-04-07,rapido,1124.4,Transport,UPI,April,2025,4,7,Monday
2025-02-15,ccd,668.06,Food,Net Banking,February,2025,2,15,Saturday
2025-02-19,bsnl,4311.46,Bills,Credit Card,February,2025,2,19,Wednesday
2025-03-03,jio fiber,5628.84,Bills,Credit Card,March,2025,3,3,Monday
2025-04-30,biba,2199.05,Clothing,Net Banking,April,2025,4,30,Wednesday
2025-01-27,pantaloons,7570.65,Clothing,Credit Card,January,2025,1,27,Monday
2025-09-17,spencers,4460.32,Grocery,Credit Card,September,2025,9,17,Wednesday
2025-02-06,spencers,2046.14,Grocery,Debit Card,February,2025,2,6,Thursday
2025-12-10,pantaloons,742.77,Clothing,Credit Card,December,2025,12,10,Wednesday
2025-08-10,allen solly,5264.73,Clothing,UPI,August,2025,8,10,Sunday
2025-12-15,vodafone idea,1332.3,Bills,Credit Card,December,2025,12,15,Monday
2025-08-24,oyo,24723.19,Travel,Debit Card,August,2025,8,24,Sunday
2025-10-10,rapido,598.06,Transport,Debit Card,October,2025,10,10,Friday
2025-10-22,reliance fresh,3877.41,Grocery,Credit Card,October,2025,10,22,Wednesday
2025-07-22,myntra,3166.67,Online Shopping,UPI,July,2025,7,22,Tuesday
2025-05-25,tneb,1323.76,Bills,Debit Card,May,2025,5,25,Sunday
2025-03-21,oyo,23297.32,Travel,Net Banking,March,2025,3,21,Friday
2025-03-02,spencers,4608.97,Grocery,Credit Card,March,2025,3,2,Sunday
2025-07-21,sony center,102654.19,Electronics,UPI,July,2025,7,21,Monday
2025-11-27,flipkart,17869.11,Online Shopping,Debit Card,November,2025,11,27,Thursday
2025-05-30,amazon prime,402.57,Entertainment,Net Banking,May,2025,5,30,Friday
2025-10-19,cloudnine,13010.73,Healthcare,Debit Card,October,2025,10,19,Sunday
2025-11-12,bigbazaar,3366.42,Grocery,Debit Card,November,2025,11,12,Wednesday
2025-10-05,air india,8461.66,Travel,Net Banking,October,2025,10,5,Sunday
2025-03-27,apollo hospital,12510.41,Healthcare,UPI,March,2025,3,27,Thursday
2025-11-09,nilgiris,421.42,Grocery,UPI,November,2025,11,9,Sunday
2025-10-02,reliance digital,85807.31,Electronics,Net Banking,October,2025,10,2,Thursday
2025-03-21,tata cliq,10670.63,Online Shopping,Debit Card,March,2025,3,21,Friday
2025-09-04,biba,579.03,Clothing,Net Banking,September,2025,9,4,Thursday
2025-06-19,pharmeasy,9134.0,Healthcare,Net Banking,June,2025,6,19,Thursday
2025-01-19,netflix,770.34,Entertainment,Credit Card,January,2025,1,19,Sunday
2025-10-27,tsrtc,905.22,Transport,Credit Card,October,2025,10,27,Monday
2025-08-21,oyo,9146.54,Travel,Credit Card,August,2025,8,21,Thursday
2025-09-07,reliance digital,126973.35,Electronics,Debit Card,September,2025,9,7,Sunday
2025-10-23,jiomart,2120.58,Grocery,Net Banking,October,2025,10,23,Thursday
2025-08-24,samsung store,111887.57,Electronics,Credit Card,August,2025,8,24,Sunday
2025-11-18,yulu bikes,1436.56,Transport,Credit Card,November,2025,11,18,Tuesday
2025-05-18,vistara,2342.58,Travel,Debit Card,May,2025,5,18,Sunday
2025-03-24,uber,724.77,Transport,UPI,March,2025,3,24,Monday
2025-10-21,spencers,1212.19,Grocery,UPI,October,2025,10,21,Tuesday
2025-02-22,kfc,1160.47,Food,Debit Card,February,2025,2,22,Saturday
2025-12-10,hp world,147064.51,Electronics,Credit Card,December,2025,12,10,Wednesday
2025-02-10,adidas,7928.3,Clothing,Credit Card,February,2025,2,10,Monday
2025-07-05,h&m,2692.62,Clothing,Credit Card,July,2025,7,5,Saturday
2025-06-06,youtube premium,603.61,Entertainment,Net Banking,June,2025,6,6,Friday
2025-12-08,myntra,17217.43,Online Shopping,Net Banking,December,2025,12,8,Monday
2025-02-25,goibibo,7423.46,Travel,UPI,February,2025,2,25,Tuesday
2025-06-06,netflix,300.02,Entertainment,UPI,June,2025,6,6,Friday
2025-01-16,netflix,538.56,Entertainment,Credit Card,January,2025,1,16,Thursday
2025-01-20,aster,1028.71,Healthcare,Credit Card,January,2025,1,20,Monday
2025-04-10,flipkart,14620.72,Online Shopping,UPI,April,2025,4,10,Thursday
2025-07-31,boat lifestyle,117848.43,Electronics,Net Banking,July,2025,7,31,Thursday
2025-03-04,aster,19475.39,Healthcare,UPI,March,2025,3,4,Tuesday
2025-06-21,snapdeal,10630.41,Online Shopping,UPI,June,2025,6,21,Saturday
2025-03-07,mcdonalds,1304.28,Food,Credit Card,March,2025,3,7,Friday
2025-02-27,flipkart,7954.5,Online Shopping,Debit Card,February,2025,2,27,Thursday
2025-12-30,netmeds,14745.26,Healthcare,Net Banking,December,2025,12,30,Tuesday
2025-11-11,indigo,8661.39,Travel,Net Banking,November,2025,11,11,Tuesday
2025-03-11,youtube premium,603.5,Entertainment,Debit Card,March,2025,3,11,Tuesday
2025-04-04,nike,5275.52,Clothing,Debit Card,April,2025,4,4,Friday
2025-06-02,fortis,10473.59,Healthcare,Credit Card,June,2025,6,2,Monday
2025-09-21,hp world,45429.5,Electronics,Net Banking,September,2025,9,21,Sunday
2025-05-23,spencers,3029.15,Grocery,Net Banking,May,2025,5,23,Friday
2025-12-22,yulu bikes,572.6,Transport,Net Banking,December,2025,12,22,Monday
2025-10-03,uber,711.39,Transport,Net Banking,October,2025,10,3,Friday
2025-08-24,wrogn,7902.76,Clothing,Net Banking,August,2025,8,24,Sunday
2025-11-30,kauvery,8743.52,Healthcare,Debit Card,November,2025,11,30,Sunday
2025-04-26,bmtc,1794.71,Transport,Net Banking,April,2025,4,26,Saturday
2025-03-23,more supermarket,3121.34,Grocery,Net Banking,March,2025,3,23,Sunday
2025-01-30,pizza hut,846.93,Food,Credit Card,January,2025,1,30,Thursday
2025-08-28,samsung store,124616.3,Electronics,UPI,August,2025,8,28,Thursday
2025-02-05,chai point,319.11,Food,Debit Card,February,2025,2,5,Wednesday
2025-10-24,pharmeasy,1030.38,Healthcare,Debit Card,October,2025,10,24,Friday
2025-06-21,indigo,3283.48,Travel,Credit Card,June,2025,6,21,Saturday
2025-11-05,water board,292.83,Bills,Credit Card,November,2025,11,5,Wednesday
2025-06-11,oyo,23791.49,Travel,UPI,June,2025,6,11,Wednesday
2025-09-25,star bazaar,4510.72,Grocery,Net Banking,September,2025,9,25,Thursday
2025-04-22,bsnl,5094.47,Bills,Debit Card,April,2025,4,22,Tuesday
2025-08-06,biba,2685.24,Clothing,Debit Card,August,2025,8,6,Wednesday
2025-12-11,star bazaar,3716.69,Grocery,Net Banking,December,2025,12,11,Thursday
2025-04-09,amazon prime,966.25,Entertainment,Net Banking,April,2025,4,9,Wednesday
2025-07-31,meesho,18119.79,Online Shopping,Debit Card,July,2025,7,31,Thursday
2025-12-02,burger king,1252.09,Food,UPI,December,2025,12,2,Tuesday
2025-11-14,asus store,24850.41,Electronics,Debit Card,November,2025,11,14,Friday
2025-06-21,sony center,4274.69,Electronics,Debit Card,June,2025,6,21,Saturday
2025-02-16,irctc,22798.9,Travel,Net Banking,February,2025,2,16,Sunday
2025-07-25,nature's basket,3198.43,Grocery,UPI,July,2025,7,25,Friday
2025-08-02,jiomart,3750.45,Grocery,Debit Card,August,2025,8,2,Saturday
2025-10-14,biba,6857.44,Clothing,UPI,October,2025,10,14,Tuesday
2025-03-25,burger king,920.15,Food,Credit Card,March,2025,3,25,Tuesday
2025-02-12,chai point,806.07,Food,Debit Card,February,2025,2,12,Wednesday
2025-11-14,hotstar,189.11,Entertainment,Net Banking,November,2025,11,14,Friday
2025-12-06,reliance digital,57283.39,Electronics,Debit Card,December,2025,12,6,Saturday
2025-12-14,metro rail,259.35,Transport,Net Banking,December,2025,12,14,Sunday
2025-05-21,property tax online,4431.95,Bills,UPI,May,2025,5,21,Wednesday
2025-07-26,ccd,267.47,Food,Debit Card,July,2025,7,26,Saturday
2025-05-11,booking.com,960.81,Travel,UPI,May,2025,5,11,Sunday
2025-03-30,bigbazaar,4429.65,Grocery,Credit Card,March,2025,3,30,Sunday
2025-02-03,taco bell,1174.11,Food,Credit Card,February,2025,2,3,Monday
2025-10-20,nike,4558.86,Clothing,Credit Card,October,2025,10,20,Monday
2025-10-17,ccd,1448.1,Food,UPI,October,2025,10,17,Friday
2025-10-19,sonyliv,974.72,Entertainment,UPI,October,2025,10,19,Sunday
2025-01-25,apollo pharmacy,4233.67,Healthcare,Net Banking,January,2025,1,25,Saturday
2025-04-01,meru cabs,1392.64,Transport,Debit Card,April,2025,4,1,Tuesday
2025-04-28,kfc,1308.51,Food,Credit Card,April,2025,4,28,Monday
2025-07-21,kauvery,1660.65,Healthcare,Debit Card,July,2025,7,21,Monday
2025-06-10,pharmeasy,10204.39,Healthcare,Net Banking,June,2025,6,10,Tuesday
2025-05-26,sonyliv,610.01,Entertainment,Debit Card,May,2025,5,26,Monday
2025-11-05,tsrtc,691.63,Transport,Debit Card,November,2025,11,5,Wednesday
2025-03-18,burger king,556.6,Food,Credit Card,March,2025,3,18,Tuesday
2025-07-20,taco bell,101.46,Food,Credit Card,July,2025,7,20,Sunday
2025-01-31,water board,508.77,Bills,Net Banking,January,2025,1,31,Friday
2025-01-18,fortis,1974.71,Healthcare,UPI,January,2025,1,18,Saturday
2025-01-17,nilgiris,685.22,Grocery,Debit Card,January,2025,1,17,Friday
2025-07-09,hp world,84798.67,Electronics,Net Banking,July,2025,7,9,Wednesday
2025-01-20,nike,6335.03,Clothing,Credit Card,January,2025,1,20,Monday
2025-04-11,vodafone idea,5707.02,Bills,Debit Card,April,2025,4,11,Friday
2025-12-30,redbus,369.01,Transport,Debit Card,December,2025,12,30,Tuesday
2025-04-21,irctc,1928.17,Travel,UPI,April,2025,4,21,Monday
2025-10-27,noise,126862.8,Electronics,UPI,October,2025,10,27,Monday
2025-11-22,sonyliv,316.39,Entertainment,UPI,November,2025,11,22,Saturday
2025-09-12,airasia,10454.07,Travel,Debit Card,September,2025,9,12,Friday
2025-08-30,meru cabs,971.09,Transport,UPI,August,2025,8,30,Saturday
2025-01-06,yulu bikes,486.8,Transport,Credit Card,January,2025,1,6,Monday
2025-01-31,kauvery,18889.88,Healthcare,UPI,January,2025,1,31,Friday
2025-10-12,water board,3996.2,Bills,Credit Card,October,2025,10,12,Sunday
2025-01-06,water board,3331.01,Bills,Credit Card,January,2025,1,6,Monday
2025-11-20,dominos,571.22,Food,UPI,November,2025,11,20,Thursday
2025-01-29,a2b,835.42,Food,Debit Card,January,2025,1,29,Wednesday
2025-06-30,dominos,1367.4,Food,Debit Card,June,2025,6,30,Monday
2025-02-25,snapdeal,17628.94,Online Shopping,Net Banking,February,2025,2,25,Tuesday
2025-05-07,ccd,695.84,Food,UPI,May,2025,5,7,Wednesday
2025-06-02,hotstar,877.65,Entertainment,Net Banking,June,2025,6,2,Monday
2025-06-22,makemytrip,12420.06,Travel,Credit Card,June,2025,6,22,Sunday
2025-03-04,water board,4699.67,Bills,Credit Card,March,2025,3,4,Tuesday
2025-07-22,vistara,7003.47,Travel,UPI,July,2025,7,22,Tuesday
2025-02-18,pizza hut,265.72,Food,Credit Card,February,2025,2,18,Tuesday
2025-10-10,puma,7287.9,Clothing,Net Banking,October,2025,10,10,Friday
2025-07-12,hp world,119838.66,Electronics,UPI,July,2025,7,12,Saturday
2025-08-31,yulu bikes,471.16,Transport,Net Banking,August,2025,8,31,Sunday
2025-07-24,snapdeal,19139.33,Online Shopping,Credit Card,July,2025,7,24,Thursday
2025-01-28,puma,5661.92,Clothing,Net Banking,January,2025,1,28,Tuesday
2025-12-13,cream stone,863.04,Food,UPI,December,2025,12,13,Saturday
2025-11-05,boat lifestyle,141218.86,Electronics,UPI,November,2025,11,5,Wednesday
2025-08-01,apple store,11779.45,Electronics,Debit Card,August,2025,8,1,Friday
2025-02-27,nykaa,19542.23,Online Shopping,Credit Card,February,2025,2,27,Thursday
2025-03-20,subway,553.97,Food,Debit Card,March,2025,3,20,Thursday
2025-05-14,puma,4547.6,Clothing,Net Banking,May,2025,5,14,Wednesday
2025-05-21,cream stone,705.78,Food,Debit Card,May,2025,5,21,Wednesday
2025-07-08,bigbazaar,768.3,Grocery,Debit Card,July,2025,7,8,Tuesday
2025-05-06,spencers,639.56,Grocery,Net Banking,May,2025,5,6,Tuesday
2025-09-24,water board,1234.73,Bills,Net Banking,September,2025,9,24,Wednesday
2025-01-16,dell exclusive,49085.04,Electronics,UPI,January,2025,1,16,Thursday
2025-06-01,vistara,26640.71,Travel,UPI,June,2025,6,1,Sunday
2025-02-05,spencers,1267.41,Grocery,Net Banking,February,2025,2,5,Wednesday
2025-09-08,apollo pharmacy,8719.23,Healthcare,Debit Card,September,2025,9,8,Monday
2025-05-15,apollo pharmacy,18799.96,Healthcare,Net Banking,May,2025,5,15,Thursday
2025-06-27,netmeds,14420.78,Healthcare,UPI,June,2025,6,27,Friday
2025-12-31,hp world,7025.44,Electronics,UPI,December,2025,12,31,Wednesday
2025-10-15,ola,833.64,Transport,Credit Card,October,2025,10,15,Wednesday
2025-06-19,yulu bikes,1060.45,Transport,UPI,June,2025,6,19,Thursday
2025-03-29,ajio,6425.56,Online Shopping,UPI,March,2025,3,29,Saturday
2025-03-03,bigbazaar,4397.76,Grocery,Debit Card,March,2025,3,3,Monday
2025-12-08,oneplus,138839.82,Electronics,UPI,December,2025,12,8,Monday
2025-01-25,gaana,450.06,Entertainment,Net Banking,January,2025,1,25,Saturday
2025-04-01,aha,320.19,Entertainment,Debit Card,April,2025,4,1,Tuesday
2025-12-08,hotstar,614.79,Entertainment,Credit Card,December,2025,12,8,Monday
2025-01-11,snapdeal,2280.31,Online Shopping,UPI,January,2025,1,11,Saturday
2025-07-02,spencers,796.87,Grocery,Debit Card,July,2025,7,2,Wednesday
2025-01-10,meru cabs,111.51,Transport,Net Banking,January,2025,1,10,Friday
2025-02-09,vistara,10645.44,Travel,Debit Card,February,2025,2,9,Sunday
2025-01-14,pepperfry,9837.52,Online Shopping,Debit Card,January,2025,1,14,Tuesday
2025-09-17,1mg,762.6,Healthcare,Net Banking,September,2025,9,17,Wednesday
2025-01-30,apple music,480.04,Entertainment,Credit Card,January,2025,1,30,Thursday
2025-01-31,bsnl,585.96,Bills,Credit Card,January,2025,1,31,Friday
2025-01-22,asus store,5639.35,Electronics,Debit Card,January,2025,1,22,Wednesday
2025-12-28,vivo store,58106.34,Electronics,Debit Card,December,2025,12,28,Sunday
2025-11-23,airtel,4982.78,Bills,Debit Card,November,2025,11,23,Sunday
2025-10-18,oneplus,59260.28,Electronics,UPI,October,2025,10,18,Saturday
2025-09-24,1mg,15965.36,Healthcare,Net Banking,September,2025,9,24,Wednesday
2025-03-07,netmeds,19921.29,Healthcare,Net Banking,March,2025,3,7,Friday
2025-10-28,pharmeasy,13605.76,Healthcare,Debit Card,October,2025,10,28,Tuesday
2025-05-01,booking.com,15871.51,Travel,UPI,May,2025,5,1,Thursday
2025-04-18,adidas,1016.73,Clothing,Credit Card,April,2025,4,18,Friday
2025-07-25,jiomart,3338.95,Grocery,Credit Card,July,2025,7,25,Friday
2025-12-11,airasia,14094.1,Travel,Net Banking,December,2025,12,11,Thursday
2025-05-21,flipkart,4322.48,Online Shopping,Credit Card,May,2025,5,21,Wednesday
2025-06-24,oneplus,68038.0,Electronics,UPI,June,2025,6,24,Tuesday
2025-12-26,nature's basket,365.54,Grocery,Debit Card,December,2025,12,26,Friday
2025-05-16,saravana bhavan,143.62,Food,Credit Card,May,2025,5,16,Friday
2025-09-02,booking.com,19911.94,Travel,UPI,September,2025,9,2,Tuesday
2025-06-05,rapido,1737.48,Transport,UPI,June,2025,6,5,Thursday
2025-12-11,hp world,45883.84,Electronics,UPI,December,2025,12,11,Thursday
2025-08-01,spotify,586.34,Entertainment,Debit Card,August,2025,8,1,Friday
2025-06-16,hp world,28294.79,Electronics,UPI,June,2025,6,16,Monday
2025-08-14,dominos,1360.98,Food,UPI,August,2025,8,14,Thursday
2025-09-28,myntra,6681.25,Online Shopping,Net Banking,September,2025,9,28,Sunday
2025-09-04,lenskart,17784.38,Online Shopping,Net Banking,September,2025,9,4,Thursday
2025-02-09,flipkart,15307.59,Online Shopping,UPI,February,2025,2,9,Sunday
2025-11-28,spotify,330.83,Entertainment,Credit Card,November,2025,11,28,Friday
2025-11-12,kauvery,17967.11,Healthcare,Debit Card,November,2025,11,12,Wednesday
2025-10-13,meru cabs,458.32,Transport,Debit Card,October,2025,10,13,Monday
2025-01-01,tsrtc,1830.5,Transport,Credit Card,January,2025,1,1,Wednesday
2025-03-08,apple music,520.34,Entertainment,Debit Card,March,2025,3,8,Saturday
2025-04-01,ola,1456.54,Transport,Net Banking,April,2025,4,1,Tuesday
2025-05-06,youtube premium,407.9,Entertainment,Debit Card,May,2025,5,6,Tuesday
2025-07-08,uber,994.84,Transport,Debit Card,July,2025,7,8,Tuesday
2025-02-23,booking.com,4041.34,Travel,Credit Card,February,2025,2,23,Sunday
2025-09-19,sonyliv,230.88,Entertainment,Net Banking,September,2025,9,19,Friday
2025-08-15,jio fiber,1420.62,Bills,Debit Card,August,2025,8,15,Friday
2025-07-19,airasia,18962.18,Travel,Credit Card,July,2025,7,19,Saturday
2025-07-09,apollo pharmacy,12957.24,Healthcare,UPI,July,2025,7,9,Wednesday
2025-04-04,1mg,673.42,Healthcare,Debit Card,April,2025,4,4,Friday
2025-08-23,samsung store,48291.27,Electronics,Debit Card,August,2025,8,23,Saturday
2025-04-20,ccd,1320.45,Food,UPI,April,2025,4,20,Sunday
2025-02-02,more supermarket,2397.24,Grocery,Credit Card,February,2025,2,2,Sunday
2025-06-25,barbeque nation,530.68,Food,UPI,June,2025,6,25,Wednesday
2025-05-21,paradise biryani,935.83,Food,Net Banking,May,2025,5,21,Wednesday
2025-06-09,lenskart,6741.27,Online Shopping,UPI,June,2025,6,9,Monday
2025-06-25,wrogn,1065.89,Clothing,Credit Card,June,2025,6,25,Wednesday
2025-01-29,goibibo,29047.54,Travel,Credit Card,January,2025,1,29,Wednesday
2025-06-19,biba,7215.91,Clothing,Debit Card,June,2025,6,19,Thursday
2025-12-15,tata cliq,18577.0,Online Shopping,Net Banking,December,2025,12,15,Monday
2025-09-13,vivo store,3229.05,Electronics,UPI,September,2025,9,13,Saturday
2025-06-15,snapdeal,11143.22,Online Shopping,Net Banking,June,2025,6,15,Sunday
2025-04-09,sonyliv,370.67,Entertainment,Debit Card,April,2025,4,9,Wednesday
2025-02-09,woodland,7046.85,Clothing,UPI,February,2025,2,9,Sunday
2025-05-21,pantaloons,4349.94,Clothing,UPI,May,2025,5,21,Wednesday
2025-01-23,meesho,6755.24,Online Shopping,Debit Card,January,2025,1,23,Thursday
2025-03-22,apple music,720.96,Entertainment,Credit Card,March,2025,3,22,Saturday
2025-07-10,reliance fresh,2081.42,Grocery,UPI,July,2025,7,10,Thursday
2025-06-16,starbucks,1251.97,Food,Debit Card,June,2025,6,16,Monday
2025-08-14,reliance fresh,590.22,Grocery,Credit Card,August,2025,8,14,Thursday
2025-09-24,sony center,29600.11,Electronics,Net Banking,September,2025,9,24,Wednesday
2025-05-09,oyo,15132.07,Travel,Credit Card,May,2025,5,9,Friday
2025-07-13,aster,822.71,Healthcare,Credit Card,July,2025,7,13,Sunday
2025-09-01,adidas,7536.43,Clothing,UPI,September,2025,9,1,Monday
2025-05-21,ajio,15768.63,Online Shopping,UPI,May,2025,5,21,Wednesday
2025-09-01,netflix,633.88,Entertainment,UPI,September,2025,9,1,Monday
2025-11-08,woodland,2482.68,Clothing,Credit Card,November,2025,11,8,Saturday
2025-04-08,woodland,7312.37,Clothing,Credit Card,April,2025,4,8,Tuesday
2025-02-20,levis,3551.19,Clothing,Debit Card,February,2025,2,20,Thursday
2025-01-20,star bazaar,758.0,Grocery,Net Banking,January,2025,1,20,Monday
2025-06-24,h&m,3920.96,Clothing,Credit Card,June,2025,6,24,Tuesday
2025-01-25,apple music,948.61,Entertainment,Net Banking,January,2025,1,25,Saturday
2025-06-28,vodafone idea,501.47,Bills,Credit Card,June,2025,6,28,Saturday
2025-02-04,redbus,1705.46,Transport,Net Banking,February,2025,2,4,Tuesday
2025-01-20,puma,7495.86,Clothing,Debit Card,January,2025,1,20,Monday
2025-12-01,meesho,2346.16,Online Shopping,Debit Card,December,2025,12,1,Monday
2025-09-15,tata cliq,18904.35,Online Shopping,UPI,September,2025,9,15,Monday
2025-07-07,act fibernet,750.58,Bills,Debit Card,July,2025,7,7,Monday
2025-06-05,yulu bikes,1940.89,Transport,Debit Card,June,2025,6,5,Thursday
2025-12-03,fortis,193.25,Healthcare,Debit Card,December,2025,12,3,Wednesday
2025-08-06,allen solly,2583.75,Clothing,UPI,August,2025,8,6,Wednesday
2025-07-11,chai point,1138.84,Food,UPI,July,2025,7,11,Friday
2025-08-10,dominos,498.34,Food,Debit Card,August,2025,8,10,Sunday
2025-12-12,vivo store,103611.66,Electronics,Net Banking,December,2025,12,12,Friday
2025-01-07,oneplus,50849.39,Electronics,UPI,January,2025,1,7,Tuesday
2025-10-10,nature's basket,1109.0,Grocery,UPI,October,2025,10,10,Friday
2025-01-16,mi store,66872.52,Electronics,Net Banking,January,2025,1,16,Thursday
2025-11-11,sony center,26450.34,Electronics,Net Banking,November,2025,11,11,Tuesday
2025-09-04,zara,2698.76,Clothing,UPI,September,2025,9,4,Thursday
2025-06-26,pepperfry,120.91,Online Shopping,Debit Card,June,2025,6,26,Thursday
2025-10-26,asus store,116116.39,Electronics,UPI,October,2025,10,26,Sunday
2025-05-11,nykaa,19246.61,Online Shopping,UPI,May,2025,5,11,Sunday
2025-11-08,cloudnine,17156.26,Healthcare,Net Banking,November,2025,11,8,Saturday
2025-05-11,pizza hut,1330.23,Food,UPI,May,2025,5,11,Sunday
2025-05-26,booking.com,22861.68,Travel,UPI,May,2025,5,26,Monday
2025-11-23,airasia,17311.31,Travel,Credit Card,November,2025,11,23,Sunday
2025-10-20,nike,3223.11,Clothing,Credit Card,October,2025,10,20,Monday
2025-03-07,act fibernet,3943.29,Bills,UPI,March,2025,3,7,Friday
2025-07-05,tsrtc,656.97,Transport,Credit Card,July,2025,7,5,Saturday
2025-11-08,kfc,1101.8,Food,Debit Card,November,2025,11,8,Saturday
2025-12-16,kauvery,16635.22,Healthcare,Debit Card,December,2025,12,16,Tuesday
2025-04-30,star bazaar,2533.57,Grocery,UPI,April,2025,4,30,Wednesday
2025-06-30,dmart,3656.5,Grocery,Net Banking,June,2025,6,30,Monday
2025-05-16,noise,146221.98,Electronics,UPI,May,2025,5,16,Friday
2025-08-08,kauvery,14592.78,Healthcare,Debit Card,August,2025,8,8,Friday
2025-05-21,kauvery,13635.83,Healthcare,Net Banking,May,2025,5,21,Wednesday
2025-04-17,cream stone,131.5,Food,Credit Card,April,2025,4,17,Thursday
2025-01-01,vistara,17697.66,Travel,Credit Card,January,2025,1,1,Wednesday
2025-09-04,zee5,827.91,Entertainment,Debit Card,September,2025,9,4,Thursday
2025-04-01,medplus,17380.84,Healthcare,Debit Card,April,2025,4,1,Tuesday
2025-10-02,mcdonalds,431.71,Food,UPI,October,2025,10,2,Thursday
2025-01-10,ccd,893.7,Food,Net Banking,January,2025,1,10,Friday
2025-02-04,indigo,8435.54,Travel,Net Banking,February,2025,2,4,Tuesday
2025-06-15,nilgiris,3250.52,Grocery,Credit Card,June,2025,6,15,Sunday
2025-12-23,irctc,20146.59,Travel,Credit Card,December,2025,12,23,Tuesday
2025-01-26,yatra,20027.75,Travel,UPI,January,2025,1,26,Sunday
2025-05-16,more supermarket,3912.16,Grocery,Debit Card,May,2025,5,16,Friday
2025-09-18,airtel,4886.44,Bills,UPI,September,2025,9,18,Thursday
2025-11-12,boat lifestyle,115363.25,Electronics,UPI,November,2025,11,12,Wednesday
2025-11-30,taco bell,1132.53,Food,UPI,November,2025,11,30,Sunday
2025-04-09,boat lifestyle,94394.62,Electronics,Debit Card,April,2025,4,9,Wednesday
2025-09-28,gaana,373.72,Entertainment,Credit Card,September,2025,9,28,Sunday
2025-09-15,boat lifestyle,124461.4,Electronics,Debit Card,September,2025,9,15,Monday
2025-12-14,bigbazaar,2860.62,Grocery,Debit Card,December,2025,12,14,Sunday
2025-09-18,dmart,2487.41,Grocery,Net Banking,September,2025,9,18,Thursday
2025-12-12,biba,3700.31,Clothing,Net Banking,December,2025,12,12,Friday
2025-12-26,aha,852.26,Entertainment,Credit Card,December,2025,12,26,Friday
2025-07-09,snapdeal,14152.64,Online Shopping,Net Banking,July,2025,7,9,Wednesday
2025-03-12,barbeque nation,480.99,Food,Debit Card,March,2025,3,12,Wednesday
2025-12-10,jio fiber,4899.14,Bills,Debit Card,December,2025,12,10,Wednesday
2025-04-08,amazon,371.83,Online Shopping,Credit Card,April,2025,4,8,Tuesday
2025-04-08,pepperfry,1007.15,Online Shopping,Debit Card,April,2025,4,8,Tuesday
2025-02-20,snapdeal,9773.41,Online Shopping,Net Banking,February,2025,2,20,Thursday
2025-10-30,vistara,17239.18,Travel,Net Banking,October,2025,10,30,Thursday
2025-06-08,ajio,5437.34,Online Shopping,UPI,June,2025,6,8,Sunday
2025-11-28,samsung store,147278.88,Electronics,UPI,November,2025,11,28,Friday
2025-05-28,kfc,1108.69,Food,Credit Card,May,2025,5,28,Wednesday
2025-06-20,paradise biryani,344.98,Food,Credit Card,June,2025,6,20,Friday
2025-05-03,ccd,927.84,Food,Credit Card,May,2025,5,3,Saturday
2025-01-03,airtel,3449.0,Bills,Credit Card,January,2025,1,3,Friday
2025-09-30,gaana,413.85,Entertainment,Net Banking,September,2025,9,30,Tuesday
2025-01-28,oneplus,5636.14,Electronics,Debit Card,January,2025,1,28,Tuesday
2025-12-04,tneb,5903.78,Bills,Net Banking,December,2025,12,4,Thursday
2025-03-22,noise,147389.4,Electronics,Debit Card,March,2025,3,22,Saturday
2025-09-15,air india,27052.89,Travel,Debit Card,September,2025,9,15,Monday
2025-06-29,vivo store,114185.63,Electronics,Credit Card,June,2025,6,29,Sunday
2025-09-09,apple store,42407.59,Electronics,Debit Card,September,2025,9,9,Tuesday
2025-04-08,amazon prime,699.85,Entertainment,Debit Card,April,2025,4,8,Tuesday
2025-07-31,ajio,15972.22,Online Shopping,Net Banking,July,2025,7,31,Thursday
2025-06-07,bigbazaar,2758.43,Grocery,Debit Card,June,2025,6,7,Saturday
2025-06-01,barbeque nation,468.28,Food,UPI,June,2025,6,1,Sunday
2025-07-30,samsung store,47831.44,Electronics,UPI,July,2025,7,30,Wednesday
2025-11-03,bsnl,4757.22,Bills,Debit Card,November,2025,11,3,Monday
2025-03-26,burger king,398.91,Food,Debit Card,March,2025,3,26,Wednesday
2025-08-18,barbeque nation,667.84,Food,Credit Card,August,2025,8,18,Monday
2025-07-20,cream stone,715.24,Food,UPI,July,2025,7,20,Sunday
2025-03-12,kauvery,19512.98,Healthcare,Credit Card,March,2025,3,12,Wednesday
2025-08-04,kfc,407.5,Food,UPI,August,2025,8,4,Monday
2025-07-29,tneb,2155.85,Bills,Debit Card,July,2025,7,29,Tuesday
2025-05-19,1mg,17248.42,Healthcare,Net Banking,May,2025,5,19,Monday
2025-04-02,yulu bikes,1613.48,Transport,Net Banking,April,2025,4,2,Wednesday
2025-12-01,woodland,5939.74,Clothing,Net Banking,December,2025,12,1,Monday
2025-06-01,snapdeal,7428.31,Online Shopping,Debit Card,June,2025,6,1,Sunday
2025-02-17,lenskart,8823.95,Online Shopping,Net Banking,February,2025,2,17,Monday
2025-10-16,biba,7817.58,Clothing,Debit Card,October,2025,10,16,Thursday
2025-08-05,rapido,1762.38,Transport,Net Banking,August,2025,8,5,Tuesday
2025-10-23,spencers,2940.94,Grocery,Credit Card,October,2025,10,23,Thursday
2025-06-04,youtube premium,960.59,Entertainment,UPI,June,2025,6,4,Wednesday
2025-07-06,yulu bikes,923.53,Transport,Net Banking,July,2025,7,6,Sunday
2025-06-04,pizza hut,1312.37,Food,Debit Card,June,2025,6,4,Wednesday
2025-11-19,act fibernet,5542.36,Bills,Debit Card,November,2025,11,19,Wednesday
2025-10-11,pharmeasy,11690.41,Healthcare,Credit Card,October,2025,10,11,Saturday
2025-12-29,ajio,9313.73,Online Shopping,Debit Card,December,2025,12,29,Monday
2025-03-07,croma,88933.34,Electronics,Credit Card,March,2025,3,7,Friday
2025-02-27,kauvery,14080.97,Healthcare,UPI,February,2025,2,27,Thursday
2025-06-05,ola,859.25,Transport,Credit Card,June,2025,6,5,Thursday
2025-05-26,apollo pharmacy,5033.6,Healthcare,Debit Card,May,2025,5,26,Monday
2025-01-11,burger king,1395.14,Food,Debit Card,January,2025,1,11,Saturday
2025-11-16,paradise biryani,648.24,Food,Debit Card,November,2025,11,16,Sunday
2025-01-31,max fashion,3494.52,Clothing,UPI,January,2025,1,31,Friday
2025-06-03,nature's basket,552.8,Grocery,Debit Card,June,2025,6,3,Tuesday
2025-05-25,vivo store,23631.41,Electronics,Credit Card,May,2025,5,25,Sunday
2025-07-19,mcdonalds,649.77,Food,UPI,July,2025,7,19,Saturday
2025-11-26,pizza hut,720.59,Food,Debit Card,November,2025,11,26,Wednesday
2025-06-01,bsnl,5576.66,Bills,Credit Card,June,2025,6,1,Sunday
2025-12-21,redbus,680.23,Transport,Credit Card,December,2025,12,21,Sunday
2025-12-06,woodland,4028.13,Clothing,Net Banking,December,2025,12,6,Saturday
2025-12-01,water board,1600.73,Bills,Net Banking,December,2025,12,1,Monday
2025-09-23,kauvery,5160.03,Healthcare,UPI,September,2025,9,23,Tuesday
2025-05-16,makemytrip,15324.62,Travel,UPI,May,2025,5,16,Friday
2025-02-28,youtube premium,993.17,Entertainment,Debit Card,February,2025,2,28,Friday
2025-09-04,tata cliq,14901.24,Online Shopping,UPI,September,2025,9,4,Thursday
2025-08-09,fortis,17970.84,Healthcare,UPI,August,2025,8,9,Saturday
2025-01-09,levis,7104.45,Clothing,Debit Card,January,2025,1,9,Thursday
2025-01-20,allen solly,5453.23,Clothing,Net Banking,January,2025,1,20,Monday
2025-09-15,pepperfry,3792.32,Online Shopping,Net Banking,September,2025,9,15,Monday
2025-03-20,star bazaar,3074.61,Grocery,UPI,March,2025,3,20,Thursday
2025-03-20,lenskart,19764.91,Online Shopping,UPI,March,2025,3,20,Thursday
2025-06-18,pepperfry,3022.07,Online Shopping,UPI,June,2025,6,18,Wednesday
2025-10-09,apollo pharmacy,17710.83,Healthcare,Net Banking,October,2025,10,9,Thursday
2025-01-08,lenskart,9678.47,Online Shopping,Debit Card,January,2025,1,8,Wednesday
2025-12-14,airtel,2351.51,Bills,Debit Card,December,2025,12,14,Sunday
2025-02-21,irctc,21755.19,Travel,Debit Card,February,2025,2,21,Friday
2025-12-02,vodafone idea,872.73,Bills,Credit Card,December,2025,12,2,Tuesday
2025-04-27,zee5,516.99,Entertainment,Net Banking,April,2025,4,27,Sunday
2025-11-29,vivo store,5711.32,Electronics,Debit Card,November,2025,11,29,Saturday
2025-04-28,water board,5422.26,Bills,Credit Card,April,2025,4,28,Monday
2025-03-21,fortis,7329.69,Healthcare,Net Banking,March,2025,3,21,Friday
2025-04-22,pharmeasy,11410.82,Healthcare,Debit Card,April,2025,4,22,Tuesday
2025-05-06,spencers,1047.5,Grocery,Credit Card,May,2025,5,6,Tuesday
2025-08-03,indigo,27603.5,Travel,Debit Card,August,2025,8,3,Sunday
2025-07-29,gas agency,4661.69,Bills,Debit Card,July,2025,7,29,Tuesday
2025-12-29,spencers,1069.13,Grocery,Credit Card,December,2025,12,29,Monday
2025-01-28,metro rail,1097.98,Transport,Net Banking,January,2025,1,28,Tuesday
2025-07-20,meru cabs,1141.79,Transport,Credit Card,July,2025,7,20,Sunday
2025-06-26,makemytrip,7673.08,Travel,Debit Card,June,2025,6,26,Thursday
2025-12-07,gas agency,4008.68,Bills,UPI,December,2025,12,7,Sunday
2025-03-10,wrogn,6766.19,Clothing,UPI,March,2025,3,10,Monday
2025-02-15,mcdonalds,937.98,Food,Debit Card,February,2025,2,15,Saturday
2025-05-18,rapido,1784.97,Transport,Debit Card,May,2025,5,18,Sunday
2025-07-14,tsrtc,1671.26,Transport,Debit Card,July,2025,7,14,Monday
2025-05-12,yulu bikes,556.23,Transport,UPI,May,2025,5,12,Monday
2025-03-24,1mg,12526.46,Healthcare,Credit Card,March,2025,3,24,Monday
2025-02-18,1mg,1763.41,Healthcare,Credit Card,February,2025,2,18,Tuesday
2025-06-22,metro rail,1873.82,Transport,Credit Card,June,2025,6,22,Sunday
2025-10-20,ola,581.7,Transport,UPI,October,2025,10,20,Monday
2025-11-23,property tax online,4433.9,Bills,Credit Card,November,2025,11,23,Sunday
2025-10-03,saravana bhavan,726.73,Food,Net Banking,October,2025,10,3,Friday
2025-08-30,dmart,2161.77,Grocery,Net Banking,August,2025,8,30,Saturday
2025-06-18,vivo store,87977.29,Electronics,UPI,June,2025,6,18,Wednesday
2025-05-25,youtube premium,346.74,Entertainment,Debit Card,May,2025,5,25,Sunday
2025-01-20,pantaloons,5901.94,Clothing,Credit Card,January,2025,1,20,Monday
2025-10-19,spencers,3368.37,Grocery,Net Banking,October,2025,10,19,Sunday
2025-12-27,yatra,8961.68,Travel,Net Banking,December,2025,12,27,Saturday
2025-11-22,water board,1871.77,Bills,Net Banking,November,2025,11,22,Saturday
2025-07-06,redbus,849.83,Transport,Credit Card,July,2025,7,6,Sunday
2025-06-19,spencers,4987.51,Grocery,Credit Card,June,2025,6,19,Thursday
2025-10-20,adidas,1508.24,Clothing,Debit Card,October,2025,10,20,Monday
2025-08-02,burger king,218.62,Food,UPI,August,2025,8,2,Saturday
2025-10-29,oneplus,114216.2,Electronics,Credit Card,October,2025,10,29,Wednesday
2025-09-15,boat lifestyle,46074.97,Electronics,Credit Card,September,2025,9,15,Monday
2025-12-25,allen solly,5053.37,Clothing,Credit Card,December,2025,12,25,Thursday
2025-08-26,bmtc,424.99,Transport,Net Banking,August,2025,8,26,Tuesday
2025-11-15,apple store,54741.42,Electronics,UPI,November,2025,11,15,Saturday
2025-01-21,more supermarket,1773.68,Grocery,UPI,January,2025,1,21,Tuesday
2025-12-30,ola,1454.14,Transport,Credit Card,December,2025,12,30,Tuesday
2025-10-09,goibibo,25683.0,Travel,UPI,October,2025,10,9,Thursday
2025-02-15,flipkart,12762.93,Online Shopping,Debit Card,February,2025,2,15,Saturday
2025-12-06,rapido,1611.08,Transport,Net Banking,December,2025,12,6,Saturday
2025-12-14,meesho,6257.78,Online Shopping,Debit Card,December,2025,12,14,Sunday
2025-04-18,gaana,160.35,Entertainment,Net Banking,April,2025,4,18,Friday
2025-04-22,apple music,520.3,Entertainment,Credit Card,April,2025,4,22,Tuesday
2025-06-26,taco bell,1039.1,Food,Debit Card,June,2025,6,26,Thursday
2025-12-17,property tax online,3178.07,Bills,UPI,December,2025,12,17,Wednesday
2025-07-17,sonyliv,127.54,Entertainment,Net Banking,July,2025,7,17,Thursday
2025-11-07,barbeque nation,1428.57,Food,Debit Card,November,2025,11,7,Friday
2025-06-14,aster,138.93,Healthcare,Net Banking,June,2025,6,14,Saturday
2025-11-11,aster,952.07,Healthcare,Credit Card,November,2025,11,11,Tuesday
2025-04-27,tsrtc,1775.07,Transport,Debit Card,April,2025,4,27,Sunday
2025-09-11,zee5,398.79,Entertainment,UPI,September,2025,9,11,Thursday
2025-08-26,aha,543.51,Entertainment,Debit Card,August,2025,8,26,Tuesday
2025-10-24,makemytrip,9327.41,Travel,Debit Card,October,2025,10,24,Friday
2025-06-29,barbeque nation,975.33,Food,Net Banking,June,2025,6,29,Sunday
2025-07-17,lenskart,11030.02,Online Shopping,Net Banking,July,2025,7,17,Thursday
2025-01-23,cloudnine,18968.15,Healthcare,UPI,January,2025,1,23,Thursday
2025-11-23,metro rail,85.8,Transport,Debit Card,November,2025,11,23,Sunday
2025-09-27,taco bell,1312.47,Food,UPI,September,2025,9,27,Saturday
2025-07-11,jiomart,3079.7,Grocery,UPI,July,2025,7,11,Friday
2025-11-04,gaana,398.39,Entertainment,UPI,November,2025,11,4,Tuesday
2025-12-26,star bazaar,1659.05,Grocery,UPI,December,2025,12,26,Friday
2025-11-07,property tax online,817.58,Bills,Debit Card,November,2025,11,7,Friday
2025-07-23,jio fiber,5786.68,Bills,Debit Card,July,2025,7,23,Wednesday
2025-06-13,kauvery,4682.61,Healthcare,Debit Card,June,2025,6,13,Friday
2025-05-11,flipkart,13354.57,Online Shopping,Net Banking,May,2025,5,11,Sunday
2025-02-19,adidas,4470.83,Clothing,UPI,February,2025,2,19,Wednesday
2025-12-28,asus store,108156.02,Electronics,Credit Card,December,2025,12,28,Sunday
2025-04-11,dell exclusive,84284.59,Electronics,Credit Card,April,2025,4,11,Friday
2025-06-12,lenskart,419.0,Online Shopping,Debit Card,June,2025,6,12,Thursday
2025-09-17,nature's basket,1918.32,Grocery,Net Banking,September,2025,9,17,Wednesday
2025-04-08,pizza hut,1217.23,Food,Credit Card,April,2025,4,8,Tuesday
2025-10-21,makemytrip,11086.21,Travel,Net Banking,October,2025,10,21,Tuesday
2025-03-05,meesho,6917.49,Online Shopping,Net Banking,March,2025,3,5,Wednesday
2025-10-11,apollo hospital,10258.92,Healthcare,Net Banking,October,2025,10,11,Saturday
2025-06-10,nike,2733.01,Clothing,UPI,June,2025,6,10,Tuesday
2025-03-25,samsung store,67008.8,Electronics,Debit Card,March,2025,3,25,Tuesday
2025-05-19,cloudnine,15379.7,Healthcare,Net Banking,May,2025,5,19,Monday
2025-11-14,yulu bikes,1730.26,Transport,Net Banking,November,2025,11,14,Friday
2025-10-06,act fibernet,2910.85,Bills,Debit Card,October,2025,10,6,Monday
2025-07-05,max fashion,5217.55,Clothing,Debit Card,July,2025,7,5,Saturday
2025-07-12,netflix,564.46,Entertainment,Debit Card,July,2025,7,12,Saturday
2025-01-20,sony center,105215.65,Electronics,UPI,January,2025,1,20,Monday
2025-05-22,aster,16881.19,Healthcare,Credit Card,May,2025,5,22,Thursday
2025-06-08,act fibernet,3627.36,Bills,Credit Card,June,2025,6,8,Sunday
2025-09-08,bmtc,1919.07,Transport,Net Banking,September,2025,9,8,Monday
2025-02-05,tsrtc,121.76,Transport,Net Banking,February,2025,2,5,Wednesday
2025-02-22,mi store,51524.42,Electronics,Debit Card,February,2025,2,22,Saturday
2025-09-18,lenskart,6547.56,Online Shopping,Debit Card,September,2025,9,18,Thursday
2025-07-18,aha,652.63,Entertainment,Credit Card,July,2025,7,18,Friday
2025-06-19,cloudnine,14173.33,Healthcare,Net Banking,June,2025,6,19,Thursday
2025-04-30,airasia,29496.39,Travel,Net Banking,April,2025,4,30,Wednesday
2025-03-27,nature's basket,2413.93,Grocery,Credit Card,March,2025,3,27,Thursday
2025-03-02,amazon,527.98,Online Shopping,Net Banking,March,2025,3,2,Sunday
2025-07-28,oneplus,15506.19,Electronics,UPI,July,2025,7,28,Monday
2025-10-27,spotify,660.39,Entertainment,UPI,October,2025,10,27,Monday
2025-03-16,amazon prime,300.61,Entertainment,Debit Card,March,2025,3,16,Sunday
2025-09-29,amazon prime,799.34,Entertainment,UPI,September,2025,9,29,Monday
2025-03-05,tsrtc,1318.26,Transport,UPI,March,2025,3,5,Wednesday
2025-06-05,vodafone idea,666.87,Bills,UPI,June,2025,6,5,Thursday
2025-03-19,sonyliv,879.98,Entertainment,Debit Card,March,2025,3,19,Wednesday
2025-04-28,hp world,33237.89,Electronics,Net Banking,April,2025,4,28,Monday
2025-07-28,kauvery,15274.5,Healthcare,UPI,July,2025,7,28,Monday
2025-05-04,us polo,6845.98,Clothing,UPI,May,2025,5,4,Sunday
2025-06-01,myntra,14312.24,Online Shopping,Net Banking,June,2025,6,1,Sunday
2025-07-06,amazon,19591.4,Online Shopping,Net Banking,July,2025,7,6,Sunday
2025-07-12,yulu bikes,1113.58,Transport,Net Banking,July,2025,7,12,Saturday
2025-10-01,adidas,4599.32,Clothing,Debit Card,October,2025,10,1,Wednesday
2025-11-04,saravana bhavan,211.0,Food,Credit Card,November,2025,11,4,Tuesday
2025-02-15,dell exclusive,117703.22,Electronics,Net Banking,February,2025,2,15,Saturday
2025-07-13,star bazaar,3816.4,Grocery,Debit Card,July,2025,7,13,Sunday
2025-07-07,burger king,522.09,Food,Net Banking,July,2025,7,7,Monday
2025-04-03,pantaloons,1373.11,Clothing,UPI,April,2025,4,3,Thursday
2025-10-21,meesho,17194.79,Online Shopping,Credit Card,October,2025,10,21,Tuesday
2025-11-10,redbus,938.31,Transport,Net Banking,November,2025,11,10,Monday
2025-10-05,fortis,17494.66,Healthcare,Debit Card,October,2025,10,5,Sunday
2025-01-20,asus store,3905.52,Electronics,Debit Card,January,2025,1,20,Monday
2025-11-28,reliance fresh,1580.79,Grocery,UPI,November,2025,11,28,Friday
2025-10-25,pepperfry,18983.63,Online Shopping,Net Banking,October,2025,10,25,Saturday
2025-06-22,meesho,3655.88,Online Shopping,UPI,June,2025,6,22,Sunday
2025-10-24,cloudnine,4119.25,Healthcare,Credit Card,October,2025,10,24,Friday
2025-10-05,ola,469.14,Transport,Credit Card,October,2025,10,5,Sunday
2025-11-30,sony center,67007.22,Electronics,Debit Card,November,2025,11,30,Sunday
2025-02-16,a2b,264.33,Food,Credit Card,February,2025,2,16,Sunday
2025-09-27,vodafone idea,3693.0,Bills,Debit Card,September,2025,9,27,Saturday
2025-02-22,booking.com,17318.24,Travel,Net Banking,February,2025,2,22,Saturday
2025-03-09,pepperfry,2425.89,Online Shopping,Debit Card,March,2025,3,9,Sunday
2025-10-16,makemytrip,12814.81,Travel,UPI,October,2025,10,16,Thursday
2025-04-14,amazon,1258.97,Online Shopping,UPI,April,2025,4,14,Monday
2025-02-14,levis,6681.59,Clothing,Credit Card,February,2025,2,14,Friday
2025-11-30,pizza hut,776.04,Food,Credit Card,November,2025,11,30,Sunday
2025-12-12,subway,335.33,Food,UPI,December,2025,12,12,Friday
2025-02-18,goibibo,19052.11,Travel,Net Banking,February,2025,2,18,Tuesday
2025-05-27,amazon,2747.36,Online Shopping,Credit Card,May,2025,5,27,Tuesday
2025-11-15,tata cliq,12271.23,Online Shopping,UPI,November,2025,11,15,Saturday
2025-04-25,pizza hut,320.8,Food,UPI,April,2025,4,25,Friday
2025-04-14,uber,948.11,Transport,Debit Card,April,2025,4,14,Monday
2025-08-08,irctc,22040.26,Travel,Debit Card,August,2025,8,8,Friday
2025-07-19,nykaa,7791.9,Online Shopping,Credit Card,July,2025,7,19,Saturday
2025-01-01,bigbazaar,4302.17,Grocery,Credit Card,January,2025,1,1,Wednesday
2025-06-17,vodafone idea,4873.18,Bills,Debit Card,June,2025,6,17,Tuesday
2025-04-08,saravana bhavan,744.13,Food,Debit Card,April,2025,4,8,Tuesday
2025-09-20,uber,759.59,Transport,Credit Card,September,2025,9,20,Saturday
2025-08-17,redbus,1730.38,Transport,Debit Card,August,2025,8,17,Sunday
2025-04-23,act fibernet,3238.24,Bills,Credit Card,April,2025,4,23,Wednesday
2025-03-18,cream stone,793.6,Food,Net Banking,March,2025,3,18,Tuesday
2025-08-01,asus store,113485.54,Electronics,Net Banking,August,2025,8,1,Friday
2025-12-19,spotify,309.67,Entertainment,Debit Card,December,2025,12,19,Friday
2025-04-20,samsung store,16937.44,Electronics,Debit Card,April,2025,4,20,Sunday
2025-05-12,lenskart,15104.15,Online Shopping,Credit Card,May,2025,5,12,Monday
2025-10-25,puma,542.52,Clothing,Debit Card,October,2025,10,25,Saturday
2025-12-20,spencers,4327.53,Grocery,Net Banking,December,2025,12,20,Saturday
2025-10-16,booking.com,14296.62,Travel,Debit Card,October,2025,10,16,Thursday
2025-04-27,samsung store,126798.63,Electronics,Credit Card,April,2025,4,27,Sunday
2025-11-04,vistara,8863.91,Travel,Debit Card,November,2025,11,4,Tuesday
2025-05-21,nilgiris,388.97,Grocery,Net Banking,May,2025,5,21,Wednesday
2025-07-10,dmart,3754.16,Grocery,Net Banking,July,2025,7,10,Thursday
2025-12-21,oyo,2526.2,Travel,Debit Card,December,2025,12,21,Sunday
2025-10-09,saravana bhavan,574.92,Food,UPI,October,2025,10,9,Thursday
2025-03-29,jiomart,3745.45,Grocery,Credit Card,March,2025,3,29,Saturday
2025-03-03,pharmeasy,13050.96,Healthcare,UPI,March,2025,3,3,Monday
2025-02-20,water board,682.45,Bills,Debit Card,February,2025,2,20,Thursday
2025-01-06,oneplus,65207.52,Electronics,Net Banking,January,2025,1,6,Monday
2025-03-09,h&m,6213.94,Clothing,UPI,March,2025,3,9,Sunday
2025-11-05,pepperfry,18618.31,Online Shopping,Credit Card,November,2025,11,5,Wednesday
2025-03-05,us polo,3057.97,Clothing,Debit Card,March,2025,3,5,Wednesday
2025-05-12,sonyliv,822.41,Entertainment,Debit Card,May,2025,5,12,Monday
2025-08-20,nike,1851.12,Clothing,UPI,August,2025,8,20,Wednesday
2025-12-14,aha,873.54,Entertainment,Debit Card,December,2025,12,14,Sunday
2025-09-19,amazon,954.55,Online Shopping,Net Banking,September,2025,9,19,Friday
2025-12-31,croma,124326.04,Electronics,Net Banking,December,2025,12,31,Wednesday
2025-12-25,medplus,11681.99,Healthcare,Credit Card,December,2025,12,25,Thursday
2025-07-21,amazon prime,392.57,Entertainment,UPI,July,2025,7,21,Monday
2025-02-27,bmtc,155.46,Transport,Net Banking,February,2025,2,27,Thursday
2025-07-02,oyo,22468.84,Travel,Net Banking,July,2025,7,2,Wednesday
2025-04-18,star bazaar,2255.08,Grocery,Debit Card,April,2025,4,18,Friday
2025-11-24,myntra,19068.34,Online Shopping,Debit Card,November,2025,11,24,Monday
2025-04-27,apollo hospital,1199.75,Healthcare,Debit Card,April,2025,4,27,Sunday
2025-09-23,biba,3267.07,Clothing,Credit Card,September,2025,9,23,Tuesday
2025-07-13,jio fiber,1873.11,Bills,Credit Card,July,2025,7,13,Sunday
2025-06-11,amazon,7252.26,Online Shopping,Debit Card,June,2025,6,11,Wednesday
2025-11-20,bigbazaar,1970.92,Grocery,Debit Card,November,2025,11,20,Thursday
2025-11-08,zee5,806.04,Entertainment,Credit Card,November,2025,11,8,Saturday
2025-03-20,tata cliq,4866.22,Online Shopping,Credit Card,March,2025,3,20,Thursday
2025-06-23,cream stone,940.29,Food,Debit Card,June,2025,6,23,Monday
2025-02-09,burger king,756.43,Food,Debit Card,February,2025,2,9,Sunday
2025-04-14,metro rail,611.16,Transport,Credit Card,April,2025,4,14,Monday
2025-05-31,star bazaar,4811.62,Grocery,Debit Card,May,2025,5,31,Saturday
2025-12-04,bsnl,2998.12,Bills,Net Banking,December,2025,12,4,Thursday
2025-07-27,medplus,6806.96,Healthcare,Net Banking,July,2025,7,27,Sunday
2025-12-08,h&m,4580.55,Clothing,Credit Card,December,2025,12,8,Monday
2025-06-13,makemytrip,1956.33,Travel,Debit Card,June,2025,6,13,Friday
2025-07-31,airtel,2305.06,Bills,Debit Card,July,2025,7,31,Thursday
2025-05-24,spencers,3666.18,Grocery,UPI,May,2025,5,24,Saturday
2025-04-04,nykaa,14695.2,Online Shopping,UPI,April,2025,4,4,Friday
2025-04-01,lenskart,8178.1,Online Shopping,Net Banking,April,2025,4,1,Tuesday
2025-06-24,booking.com,7870.47,Travel,Debit Card,June,2025,6,24,Tuesday
2025-09-20,pizza hut,890.85,Food,Credit Card,September,2025,9,20,Saturday
2025-03-25,uber,889.24,Transport,Credit Card,March,2025,3,25,Tuesday
2025-07-08,uber,427.19,Transport,Debit Card,July,2025,7,8,Tuesday
2025-04-03,burger king,186.05,Food,Debit Card,April,2025,4,3,Thursday
2025-08-10,tata cliq,3464.7,Online Shopping,Credit Card,August,2025,8,10,Sunday
2025-06-07,vodafone idea,324.03,Bills,Debit Card,June,2025,6,7,Saturday
2025-11-09,irctc,26008.58,Travel,Credit Card,November,2025,11,9,Sunday
2025-07-13,biba,5995.41,Clothing,Debit Card,July,2025,7,13,Sunday
2025-08-28,apple music,143.94,Entertainment,Net Banking,August,2025,8,28,Thursday
2025-12-22,cream stone,140.1,Food,UPI,December,2025,12,22,Monday
2025-03-01,amazon prime,817.05,Entertainment,Credit Card,March,2025,3,1,Saturday
2025-05-15,taco bell,357.9,Food,Debit Card,May,2025,5,15,Thursday
2025-08-20,noise,132722.65,Electronics,Debit Card,August,2025,8,20,Wednesday
2025-06-12,makemytrip,15423.1,Travel,Debit Card,June,2025,6,12,Thursday
2025-10-26,sonyliv,464.41,Entertainment,UPI,October,2025,10,26,Sunday
2025-05-05,aster,6155.87,Healthcare,Net Banking,May,2025,5,5,Monday
2025-12-01,kfc,1373.43,Food,UPI,December,2025,12,1,Monday
2025-08-18,barbeque nation,608.77,Food,UPI,August,2025,8,18,Monday
2025-04-27,bigbazaar,4677.27,Grocery,Credit Card,April,2025,4,27,Sunday
2025-08-09,meru cabs,405.34,Transport,Debit Card,August,2025,8,9,Saturday
2025-04-09,pepperfry,10245.39,Online Shopping,Credit Card,April,2025,4,9,Wednesday
2025-10-30,allen solly,1262.47,Clothing,Credit Card,October,2025,10,30,Thursday
2025-02-26,gaana,802.99,Entertainment,Credit Card,February,2025,2,26,Wednesday
2025-04-13,meesho,15394.77,Online Shopping,UPI,April,2025,4,13,Sunday
2025-10-30,gas agency,4103.1,Bills,Net Banking,October,2025,10,30,Thursday
2025-03-18,air india,1660.55,Travel,Debit Card,March,2025,3,18,Tuesday
2025-06-02,pepperfry,739.38,Online Shopping,Debit Card,June,2025,6,2,Monday
2025-02-18,netflix,862.61,Entertainment,Net Banking,February,2025,2,18,Tuesday
2025-03-27,meru cabs,82.49,Transport,Debit Card,March,2025,3,27,Thursday
2025-08-05,us polo,6709.24,Clothing,Credit Card,August,2025,8,5,Tuesday
2025-03-05,mi store,63254.42,Electronics,Credit Card,March,2025,3,5,Wednesday
2025-11-24,cream stone,1311.07,Food,UPI,November,2025,11,24,Monday
2025-12-09,gas agency,5998.13,Bills,Credit Card,December,2025,12,9,Tuesday
2025-11-13,vodafone idea,1254.93,Bills,Credit Card,November,2025,11,13,Thursday
2025-02-02,tata cliq,18403.79,Online Shopping,UPI,February,2025,2,2,Sunday
2025-01-28,fortis,10339.69,Healthcare,Debit Card,January,2025,1,28,Tuesday
2025-03-07,apollo pharmacy,16122.93,Healthcare,Debit Card,March,2025,3,7,Friday
2025-02-07,croma,100894.23,Electronics,Debit Card,February,2025,2,7,Friday
2025-11-19,water board,1751.67,Bills,UPI,November,2025,11,19,Wednesday
2025-10-16,indigo,3360.61,Travel,Credit Card,October,2025,10,16,Thursday
2025-07-12,spencers,2948.82,Grocery,Debit Card,July,2025,7,12,Saturday
2025-08-05,vistara,12735.95,Travel,UPI,August,2025,8,5,Tuesday
2025-04-04,paradise biryani,1106.14,Food,UPI,April,2025,4,4,Friday
2025-02-15,ajio,15360.42,Online Shopping,Debit Card,February,2025,2,15,Saturday
2025-08-28,jiomart,2610.94,Grocery,Debit Card,August,2025,8,28,Thursday
2025-03-09,jiomart,1874.69,Grocery,Credit Card,March,2025,3,9,Sunday
2025-02-12,meesho,6456.66,Online Shopping,UPI,February,2025,2,12,Wednesday
2025-12-05,vistara,14151.31,Travel,UPI,December,2025,12,5,Friday
2025-08-23,hp world,55766.06,Electronics,Net Banking,August,2025,8,23,Saturday
2025-06-03,pharmeasy,432.33,Healthcare,Credit Card,June,2025,6,3,Tuesday
2025-11-04,jio fiber,5228.92,Bills,UPI,November,2025,11,4,Tuesday
2025-11-18,act fibernet,1322.38,Bills,UPI,November,2025,11,18,Tuesday
2025-04-20,wrogn,966.17,Clothing,Net Banking,April,2025,4,20,Sunday
2025-07-13,vistara,16321.32,Travel,Debit Card,July,2025,7,13,Sunday
2025-04-04,flipkart,7616.68,Online Shopping,UPI,April,2025,4,4,Friday
2025-10-23,meesho,13613.98,Online Shopping,Credit Card,October,2025,10,23,Thursday
2025-03-08,sony center,134951.28,Electronics,Credit Card,March,2025,3,8,Saturday
2025-05-18,amazon,7054.28,Online Shopping,Debit Card,May,2025,5,18,Sunday
2025-03-29,sonyliv,405.33,Entertainment,Credit Card,March,2025,3,29,Saturday
2025-05-08,redbus,1480.63,Transport,UPI,May,2025,5,8,Thursday
2025-08-05,jiomart,3578.31,Grocery,Net Banking,August,2025,8,5,Tuesday
2025-12-15,dell exclusive,32808.58,Electronics,UPI,December,2025,12,15,Monday
2025-07-12,kauvery,12058.32,Healthcare,Debit Card,July,2025,7,12,Saturday
2025-01-11,apollo pharmacy,7458.71,Healthcare,Net Banking,January,2025,1,11,Saturday
2025-06-25,levis,578.46,Clothing,Net Banking,June,2025,6,25,Wednesday
2025-03-09,uber,391.41,Transport,UPI,March,2025,3,9,Sunday
2025-12-10,apollo pharmacy,3821.78,Healthcare,Credit Card,December,2025,12,10,Wednesday
2025-02-22,redbus,1876.49,Transport,UPI,February,2025,2,22,Saturday
2025-09-18,medplus,18458.59,Healthcare,Debit Card,September,2025,9,18,Thursday
2025-05-08,yulu bikes,1472.28,Transport,Credit Card,May,2025,5,8,Thursday
2025-06-29,vistara,23544.09,Travel,Net Banking,June,2025,6,29,Sunday
2025-05-05,croma,30415.9,Electronics,Net Banking,May,2025,5,5,Monday
2025-01-21,mi store,136182.19,Electronics,Credit Card,January,2025,1,21,Tuesday
2025-09-10,irctc,28861.28,Travel,UPI,September,2025,9,10,Wednesday
2025-05-31,sony center,142943.57,Electronics,Debit Card,May,2025,5,31,Saturday
2025-12-14,subway,834.73,Food,Debit Card,December,2025,12,14,Sunday
2025-08-10,samsung store,100931.76,Electronics,Credit Card,August,2025,8,10,Sunday
2025-08-02,myntra,10136.81,Online Shopping,UPI,August,2025,8,2,Saturday
2025-10-01,amazon prime,385.0,Entertainment,UPI,October,2025,10,1,Wednesday
2025-07-22,fortis,665.19,Healthcare,Net Banking,July,2025,7,22,Tuesday
2025-10-30,yulu bikes,403.29,Transport,Debit Card,October,2025,10,30,Thursday
2025-06-06,nike,7566.57,Clothing,UPI,June,2025,6,6,Friday
2025-01-21,paradise biryani,892.06,Food,Net Banking,January,2025,1,21,Tuesday
2025-01-27,goibibo,12523.68,Travel,Credit Card,January,2025,1,27,Monday
2025-03-03,act fibernet,4731.56,Bills,Net Banking,March,2025,3,3,Monday
2025-02-22,amazon prime,244.64,Entertainment,Debit Card,February,2025,2,22,Saturday
2025-12-29,reliance fresh,4339.7,Grocery,UPI,December,2025,12,29,Monday
2025-04-08,apollo pharmacy,5331.9,Healthcare,Net Banking,April,2025,4,8,Tuesday
2025-07-13,fortis,9689.58,Healthcare,UPI,July,2025,7,13,Sunday
2025-12-16,booking.com,4678.72,Travel,UPI,December,2025,12,16,Tuesday
2025-01-10,hotstar,495.23,Entertainment,Credit Card,January,2025,1,10,Friday
2025-04-14,1mg,19545.38,Healthcare,Credit Card,April,2025,4,14,Monday
2025-08-30,spotify,851.85,Entertainment,UPI,August,2025,8,30,Saturday
2025-06-29,makemytrip,21530.29,Travel,Net Banking,June,2025,6,29,Sunday
2025-05-28,pharmeasy,15154.34,Healthcare,UPI,May,2025,5,28,Wednesday
2025-05-01,bigbazaar,4813.85,Grocery,UPI,May,2025,5,1,Thursday
2025-06-22,pepperfry,16473.78,Online Shopping,Credit Card,June,2025,6,22,Sunday
2025-04-13,act fibernet,4641.8,Bills,Debit Card,April,2025,4,13,Sunday
2025-11-10,reliance digital,91707.99,Electronics,Credit Card,November,2025,11,10,Monday
2025-10-19,amazon prime,563.66,Entertainment,Net Banking,October,2025,10,19,Sunday
2025-11-11,noise,48892.48,Electronics,UPI,November,2025,11,11,Tuesday
2025-09-04,bigbazaar,1407.26,Grocery,UPI,September,2025,9,4,Thursday
2025-06-12,netmeds,9009.2,Healthcare,Debit Card,June,2025,6,12,Thursday
2025-03-29,redbus,1904.79,Transport,Net Banking,March,2025,3,29,Saturday
2025-08-17,nilgiris,446.35,Grocery,Credit Card,August,2025,8,17,Sunday
2025-10-02,zee5,325.83,Entertainment,Credit Card,October,2025,10,2,Thursday
2025-02-28,booking.com,27013.48,Travel,UPI,February,2025,2,28,Friday
2025-11-15,spencers,3816.78,Grocery,Net Banking,November,2025,11,15,Saturday
2025-10-25,bsnl,2002.73,Bills,Credit Card,October,2025,10,25,Saturday
2025-03-15,pepperfry,13207.5,Online Shopping,Credit Card,March,2025,3,15,Saturday
2025-10-29,taco bell,1180.17,Food,Credit Card,October,2025,10,29,Wednesday
2025-08-06,uber,274.07,Transport,Net Banking,August,2025,8,6,Wednesday
2025-05-27,taco bell,125.37,Food,UPI,May,2025,5,27,Tuesday
2025-08-01,max fashion,6668.56,Clothing,Debit Card,August,2025,8,1,Friday
2025-04-11,tata cliq,10215.69,Online Shopping,Credit Card,April,2025,4,11,Friday
2025-08-10,amazon prime,339.33,Entertainment,Credit Card,August,2025,8,10,Sunday
2025-07-30,gaana,470.46,Entertainment,Net Banking,July,2025,7,30,Wednesday
2025-08-23,indigo,9301.08,Travel,Net Banking,August,2025,8,23,Saturday
2025-02-03,nature's basket,2221.07,Grocery,Credit Card,February,2025,2,3,Monday
2025-11-01,bsnl,4975.36,Bills,UPI,November,2025,11,1,Saturday
2025-03-17,wrogn,6810.38,Clothing,Net Banking,March,2025,3,17,Monday
2025-08-23,boat lifestyle,17072.16,Electronics,Credit Card,August,2025,8,23,Saturday
2025-07-02,pizza hut,1326.14,Food,Net Banking,July,2025,7,2,Wednesday
2025-09-11,meesho,3897.32,Online Shopping,Net Banking,September,2025,9,11,Thursday
2025-07-10,burger king,478.33,Food,UPI,July,2025,7,10,Thursday
2025-06-07,apollo hospital,15540.75,Healthcare,Net Banking,June,2025,6,7,Saturday
2025-04-14,bigbazaar,1404.62,Grocery,Net Banking,April,2025,4,14,Monday
2025-04-21,myntra,17560.0,Online Shopping,Debit Card,April,2025,4,21,Monday
2025-05-16,jio fiber,1334.24,Bills,UPI,May,2025,5,16,Friday
2025-06-08,apollo pharmacy,14668.28,Healthcare,Debit Card,June,2025,6,8,Sunday
2025-10-14,medplus,16437.37,Healthcare,Credit Card,October,2025,10,14,Tuesday
2025-01-11,cream stone,652.24,Food,Debit Card,January,2025,1,11,Saturday
2025-05-21,gaana,669.84,Entertainment,UPI,May,2025,5,21,Wednesday
2025-10-30,dominos,746.21,Food,Credit Card,October,2025,10,30,Thursday
2025-05-02,croma,86897.34,Electronics,Debit Card,May,2025,5,2,Friday
2025-11-09,tsrtc,292.37,Transport,Credit Card,November,2025,11,9,Sunday
2025-03-08,flipkart,3333.89,Online Shopping,Debit Card,March,2025,3,8,Saturday
2025-01-25,myntra,580.44,Online Shopping,UPI,January,2025,1,25,Saturday
2025-07-28,aha,887.18,Entertainment,Net Banking,July,2025,7,28,Monday
2025-06-06,indigo,17322.07,Travel,UPI,June,2025,6,6,Friday
2025-06-19,meesho,8119.57,Online Shopping,Net Banking,June,2025,6,19,Thursday
2025-12-02,bigbazaar,3320.09,Grocery,UPI,December,2025,12,2,Tuesday
2025-03-21,oyo,27294.62,Travel,Credit Card,March,2025,3,21,Friday
2025-08-27,levis,7336.07,Clothing,Debit Card,August,2025,8,27,Wednesday
2025-06-17,spotify,512.66,Entertainment,UPI,June,2025,6,17,Tuesday
2025-06-21,vodafone idea,4768.5,Bills,Net Banking,June,2025,6,21,Saturday
2025-05-20,saravana bhavan,1104.4,Food,Debit Card,May,2025,5,20,Tuesday
2025-04-02,ola,659.95,Transport,Debit Card,April,2025,4,2,Wednesday
2025-02-06,bsnl,793.98,Bills,Credit Card,February,2025,2,6,Thursday
2025-03-15,hotstar,375.96,Entertainment,Net Banking,March,2025,3,15,Saturday
2025-11-28,youtube premium,557.41,Entertainment,Debit Card,November,2025,11,28,Friday
2025-01-03,vistara,5845.74,Travel,Net Banking,January,2025,1,3,Friday
2025-02-20,indigo,3328.08,Travel,Credit Card,February,2025,2,20,Thursday
2025-09-16,nature's basket,370.03,Grocery,Net Banking,September,2025,9,16,Tuesday
2025-03-21,zara,4103.09,Clothing,Debit Card,March,2025,3,21,Friday
2025-12-27,lenskart,2163.08,Online Shopping,Credit Card,December,2025,12,27,Saturday
2025-04-15,pantaloons,1810.31,Clothing,Debit Card,April,2025,4,15,Tuesday
2025-06-29,hotstar,517.82,Entertainment,Net Banking,June,2025,6,29,Sunday
2025-05-21,adidas,3385.16,Clothing,Credit Card,May,2025,5,21,Wednesday
2025-07-04,spencers,4797.49,Grocery,UPI,July,2025,7,4,Friday
2025-01-24,nilgiris,1606.81,Grocery,Debit Card,January,2025,1,24,Friday
2025-07-17,subway,106.26,Food,UPI,July,2025,7,17,Thursday
2025-12-26,amazon prime,246.3,Entertainment,UPI,December,2025,12,26,Friday
2025-04-01,airasia,3308.66,Travel,Net Banking,April,2025,4,1,Tuesday
2025-07-02,h&m,4238.92,Clothing,UPI,July,2025,7,2,Wednesday
2025-09-24,saravana bhavan,1125.54,Food,UPI,September,2025,9,24,Wednesday
2025-09-23,yulu bikes,291.25,Transport,Net Banking,September,2025,9,23,Tuesday
2025-03-04,starbucks,124.3,Food,Credit Card,March,2025,3,4,Tuesday
2025-05-02,star bazaar,399.03,Grocery,Debit Card,May,2025,5,2,Friday
2025-11-28,redbus,1549.59,Transport,UPI,November,2025,11,28,Friday
2025-06-17,yulu bikes,54.11,Transport,UPI,June,2025,6,17,Tuesday
2025-02-26,pizza hut,1366.52,Food,Credit Card,February,2025,2,26,Wednesday
2025-11-18,indigo,27439.96,Travel,Debit Card,November,2025,11,18,Tuesday
2025-05-08,nature's basket,4580.45,Grocery,UPI,May,2025,5,8,Thursday
2025-04-12,meru cabs,1436.44,Transport,Credit Card,April,2025,4,12,Saturday
2025-01-12,dominos,1339.56,Food,UPI,January,2025,1,12,Sunday
2025-11-13,bsnl,5879.82,Bills,Debit Card,November,2025,11,13,Thursday
2025-10-17,netmeds,4190.51,Healthcare,Net Banking,October,2025,10,17,Friday
2025-02-20,subway,739.52,Food,Credit Card,February,2025,2,20,Thursday
2025-03-31,apollo hospital,16472.43,Healthcare,Net Banking,March,2025,3,31,Monday
2025-06-26,nykaa,10097.65,Online Shopping,UPI,June,2025,6,26,Thursday
2025-07-31,bigbazaar,1509.0,Grocery,Debit Card,July,2025,7,31,Thursday
2025-01-07,nike,3797.39,Clothing,Debit Card,January,2025,1,7,Tuesday
2025-10-04,makemytrip,22174.66,Travel,Net Banking,October,2025,10,4,Saturday
2025-08-23,metro rail,492.54,Transport,Credit Card,August,2025,8,23,Saturday
2025-03-15,nilgiris,2386.36,Grocery,Credit Card,March,2025,3,15,Saturday
2025-08-22,makemytrip,26414.15,Travel,Credit Card,August,2025,8,22,Friday
2025-10-05,bigbazaar,3234.06,Grocery,Debit Card,October,2025,10,5,Sunday
2025-03-01,spencers,686.25,Grocery,Credit Card,March,2025,3,1,Saturday
2025-03-02,booking.com,1519.02,Travel,Debit Card,March,2025,3,2,Sunday
2025-10-16,netflix,896.26,Entertainment,Net Banking,October,2025,10,16,Thursday
2025-11-20,booking.com,9952.8,Travel,UPI,November,2025,11,20,Thursday
2025-01-24,uber,1707.17,Transport,Credit Card,January,2025,1,24,Friday
2025-06-27,adidas,7175.04,Clothing,Debit Card,June,2025,6,27,Friday
2025-12-13,jio fiber,656.18,Bills,Credit Card,December,2025,12,13,Saturday
2025-02-17,bigbazaar,1916.77,Grocery,Net Banking,February,2025,2,17,Monday
2025-05-27,h&m,5934.89,Clothing,Net Banking,May,2025,5,27,Tuesday
2025-05-23,subway,637.43,Food,Credit Card,May,2025,5,23,Friday
2025-08-29,barbeque nation,653.36,Food,Credit Card,August,2025,8,29,Friday
2025-12-03,asus store,119952.17,Electronics,Net Banking,December,2025,12,3,Wednesday
2025-01-14,croma,35027.12,Electronics,Net Banking,January,2025,1,14,Tuesday
2025-06-15,fortis,13493.38,Healthcare,Debit Card,June,2025,6,15,Sunday
2025-11-23,bsnl,1904.9,Bills,UPI,November,2025,11,23,Sunday
2025-07-22,netflix,263.07,Entertainment,Net Banking,July,2025,7,22,Tuesday
2025-09-15,chai point,274.08,Food,Credit Card,September,2025,9,15,Monday
2025-07-13,samsung store,122110.45,Electronics,Net Banking,July,2025,7,13,Sunday
2025-02-22,air india,18607.4,Travel,Debit Card,February,2025,2,22,Saturday
2025-12-30,hotstar,102.93,Entertainment,Credit Card,December,2025,12,30,Tuesday
2025-07-15,pepperfry,1558.67,Online Shopping,Credit Card,July,2025,7,15,Tuesday
2025-05-25,yatra,4962.18,Travel,Debit Card,May,2025,5,25,Sunday
2025-05-19,ccd,260.44,Food,UPI,May,2025,5,19,Monday
2025-11-15,h&m,4074.32,Clothing,Credit Card,November,2025,11,15,Saturday
2025-02-03,mcdonalds,280.15,Food,Credit Card,February,2025,2,3,Monday
2025-11-16,hotstar,868.53,Entertainment,UPI,November,2025,11,16,Sunday
2025-09-23,bsnl,3710.57,Bills,UPI,September,2025,9,23,Tuesday
2025-07-07,snapdeal,10840.15,Online Shopping,Debit Card,July,2025,7,7,Monday
2025-11-12,goibibo,11920.97,Travel,Debit Card,November,2025,11,12,Wednesday
2025-10-18,youtube premium,433.19,Entertainment,Net Banking,October,2025,10,18,Saturday
2025-05-04,flipkart,11401.06,Online Shopping,UPI,May,2025,5,4,Sunday
2025-09-22,mcdonalds,514.5,Food,Credit Card,September,2025,9,22,Monday
2025-08-10,amazon prime,435.6,Entertainment,Debit Card,August,2025,8,10,Sunday
2025-11-12,cream stone,220.74,Food,UPI,November,2025,11,12,Wednesday
2025-07-02,act fibernet,2252.4,Bills,UPI,July,2025,7,2,Wednesday
2025-03-13,wrogn,1904.94,Clothing,Credit Card,March,2025,3,13,Thursday
2025-05-09,nilgiris,4940.52,Grocery,UPI,May,2025,5,9,Friday
2025-10-09,ccd,610.36,Food,UPI,October,2025,10,9,Thursday
2025-01-06,lenskart,13196.63,Online Shopping,Debit Card,January,2025,1,6,Monday
2025-10-27,puma,3495.41,Clothing,UPI,October,2025,10,27,Monday
2025-09-06,1mg,19132.33,Healthcare,Credit Card,September,2025,9,6,Saturday
2025-08-07,apple store,51484.11,Electronics,Net Banking,August,2025,8,7,Thursday
2025-04-21,hp world,34101.57,Electronics,UPI,April,2025,4,21,Monday
2025-09-08,tata cliq,3325.5,Online Shopping,UPI,September,2025,9,8,Monday
2025-08-19,flipkart,16525.58,Online Shopping,UPI,August,2025,8,19,Tuesday
2025-03-03,snapdeal,2925.07,Online Shopping,Net Banking,March,2025,3,3,Monday
2025-05-31,airtel,4957.8,Bills,Net Banking,May,2025,5,31,Saturday
2025-03-10,vodafone idea,1239.28,Bills,UPI,March,2025,3,10,Monday
2025-09-18,vodafone idea,281.92,Bills,UPI,September,2025,9,18,Thursday
2025-11-25,bigbazaar,2329.7,Grocery,UPI,November,2025,11,25,Tuesday
2025-11-19,youtube premium,505.05,Entertainment,UPI,November,2025,11,19,Wednesday
2025-01-09,tneb,4175.77,Bills,Credit Card,January,2025,1,9,Thursday
2025-04-04,chai point,789.54,Food,Credit Card,April,2025,4,4,Friday
2025-03-24,act fibernet,1935.93,Bills,UPI,March,2025,3,24,Monday
2025-01-20,more supermarket,4797.0,Grocery,Credit Card,January,2025,1,20,Monday
2025-09-03,cloudnine,12695.44,Healthcare,Net Banking,September,2025,9,3,Wednesday
2025-08-28,bigbazaar,1306.88,Grocery,UPI,August,2025,8,28,Thursday
2025-01-22,apollo pharmacy,19592.02,Healthcare,Debit Card,January,2025,1,22,Wednesday
2025-04-12,bmtc,677.17,Transport,Debit Card,April,2025,4,12,Saturday
2025-02-14,makemytrip,4021.7,Travel,Credit Card,February,2025,2,14,Friday
2025-08-17,levis,3246.05,Clothing,UPI,August,2025,8,17,Sunday
2025-11-11,croma,113281.26,Electronics,UPI,November,2025,11,11,Tuesday
2025-05-19,pepperfry,16505.62,Online Shopping,Credit Card,May,2025,5,19,Monday
2025-12-19,lenskart,2489.7,Online Shopping,Credit Card,December,2025,12,19,Friday
2025-06-22,aha,293.27,Entertainment,UPI,June,2025,6,22,Sunday
2025-01-02,air india,15810.41,Travel,Credit Card,January,2025,1,2,Thursday
2025-02-03,apollo hospital,387.95,Healthcare,UPI,February,2025,2,3,Monday
2025-09-17,dmart,2768.78,Grocery,Debit Card,September,2025,9,17,Wednesday
2025-05-01,biba,4439.68,Clothing,Debit Card,May,2025,5,1,Thursday
2025-12-31,pantaloons,3486.6,Clothing,Debit Card,December,2025,12,31,Wednesday
2025-08-12,bmtc,1886.25,Transport,Credit Card,August,2025,8,12,Tuesday
2025-04-29,vistara,29246.06,Travel,Credit Card,April,2025,4,29,Tuesday
2025-10-26,jiomart,953.31,Grocery,Net Banking,October,2025,10,26,Sunday
2025-07-16,yulu bikes,1292.61,Transport,UPI,July,2025,7,16,Wednesday
2025-02-24,netflix,232.39,Entertainment,Credit Card,February,2025,2,24,Monday
2025-09-04,cream stone,665.41,Food,Net Banking,September,2025,9,4,Thursday
2025-04-12,nykaa,18212.33,Online Shopping,Net Banking,April,2025,4,12,Saturday
2025-06-01,pantaloons,7011.38,Clothing,UPI,June,2025,6,1,Sunday
2025-12-26,croma,52970.55,Electronics,UPI,December,2025,12,26,Friday
2025-11-15,redbus,398.65,Transport,Credit Card,November,2025,11,15,Saturday
2025-09-07,booking.com,21773.55,Travel,UPI,September,2025,9,7,Sunday
2025-03-31,boat lifestyle,144088.15,Electronics,Credit Card,March,2025,3,31,Monday
2025-01-07,nilgiris,3367.14,Grocery,Credit Card,January,2025,1,7,Tuesday
2025-01-03,spencers,1362.21,Grocery,UPI,January,2025,1,3,Friday
2025-09-01,gas agency,5937.54,Bills,Credit Card,September,2025,9,1,Monday
2025-09-17,reliance digital,88527.84,Electronics,Credit Card,September,2025,9,17,Wednesday
2025-12-07,apple music,851.61,Entertainment,Debit Card,December,2025,12,7,Sunday
2025-12-12,meesho,12541.41,Online Shopping,UPI,December,2025,12,12,Friday
2025-10-27,apple store,69864.78,Electronics,UPI,October,2025,10,27,Monday
2025-08-24,subway,466.35,Food,Credit Card,August,2025,8,24,Sunday
2025-10-02,indigo,24875.08,Travel,Credit Card,October,2025,10,2,Thursday
2025-09-25,aha,754.78,Entertainment,Net Banking,September,2025,9,25,Thursday
2025-12-04,yatra,4802.36,Travel,Debit Card,December,2025,12,4,Thursday
2025-08-14,vivo store,4538.49,Electronics,Credit Card,August,2025,8,14,Thursday
2025-10-21,pepperfry,7830.8,Online Shopping,Credit Card,October,2025,10,21,Tuesday
2025-04-21,dominos,368.04,Food,UPI,April,2025,4,21,Monday
2025-07-15,hp world,142238.41,Electronics,Credit Card,July,2025,7,15,Tuesday
2025-04-17,booking.com,12012.27,Travel,UPI,April,2025,4,17,Thursday
2025-11-11,water board,4291.7,Bills,Debit Card,November,2025,11,11,Tuesday
2025-06-16,rapido,907.11,Transport,UPI,June,2025,6,16,Monday
2025-08-10,more supermarket,1480.16,Grocery,Debit Card,August,2025,8,10,Sunday
2025-01-27,tsrtc,138.44,Transport,UPI,January,2025,1,27,Monday
2025-01-06,rapido,1628.81,Transport,UPI,January,2025,1,6,Monday
2025-09-04,act fibernet,1077.08,Bills,UPI,September,2025,9,4,Thursday
2025-02-02,spencers,4747.96,Grocery,Net Banking,February,2025,2,2,Sunday
2025-04-20,bsnl,2964.74,Bills,Net Banking,April,2025,4,20,Sunday
2025-09-28,uber,337.38,Transport,UPI,September,2025,9,28,Sunday
2025-05-27,us polo,1782.95,Clothing,Credit Card,May,2025,5,27,Tuesday
2025-09-27,ola,963.89,Transport,Debit Card,September,2025,9,27,Saturday
2025-01-20,samsung store,60867.5,Electronics,Net Banking,January,2025,1,20,Monday
2025-12-16,jio fiber,1020.02,Bills,UPI,December,2025,12,16,Tuesday
2025-09-11,gaana,989.62,Entertainment,Net Banking,September,2025,9,11,Thursday
2025-03-14,mcdonalds,1026.65,Food,Credit Card,March,2025,3,14,Friday
2025-01-23,oneplus,141702.11,Electronics,Debit Card,January,2025,1,23,Thursday
2025-03-27,cream stone,466.15,Food,Credit Card,March,2025,3,27,Thursday
2025-01-27,woodland,6932.98,Clothing,Net Banking,January,2025,1,27,Monday
2025-03-30,indigo,7685.02,Travel,Credit Card,March,2025,3,30,Sunday
2025-03-16,subway,651.4,Food,Net Banking,March,2025,3,16,Sunday
2025-10-05,rapido,979.84,Transport,Net Banking,October,2025,10,5,Sunday
2025-08-26,burger king,192.99,Food,Debit Card,August,2025,8,26,Tuesday
2025-06-09,apollo pharmacy,14384.11,Healthcare,Debit Card,June,2025,6,9,Monday
2025-02-06,metro rail,452.66,Transport,Credit Card,February,2025,2,6,Thursday
2025-01-24,gaana,167.48,Entertainment,Debit Card,January,2025,1,24,Friday
2025-11-21,more supermarket,1544.45,Grocery,Credit Card,November,2025,11,21,Friday
2025-05-11,amazon prime,251.79,Entertainment,Debit Card,May,2025,5,11,Sunday
2025-10-04,reliance fresh,3723.46,Grocery,Credit Card,October,2025,10,4,Saturday
2025-12-02,aster,4217.92,Healthcare,Debit Card,December,2025,12,2,Tuesday
2025-01-15,yatra,21066.76,Travel,Debit Card,January,2025,1,15,Wednesday
2025-07-11,hotstar,970.11,Entertainment,Net Banking,July,2025,7,11,Friday
2025-04-28,airasia,17877.83,Travel,Net Banking,April,2025,4,28,Monday
2025-06-17,rapido,1858.28,Transport,Credit Card,June,2025,6,17,Tuesday
2025-11-19,air india,3599.75,Travel,UPI,November,2025,11,19,Wednesday
2025-06-18,vodafone idea,703.37,Bills,Net Banking,June,2025,6,18,Wednesday
2025-03-05,apple store,34711.89,Electronics,Net Banking,March,2025,3,5,Wednesday
2025-09-26,dmart,3222.32,Grocery,Debit Card,September,2025,9,26,Friday
2025-01-11,samsung store,149113.6,Electronics,Net Banking,January,2025,1,11,Saturday
2025-07-30,sony center,106154.47,Electronics,UPI,July,2025,7,30,Wednesday
2025-12-08,sonyliv,387.63,Entertainment,Debit Card,December,2025,12,8,Monday
2025-04-03,pepperfry,11694.18,Online Shopping,Net Banking,April,2025,4,3,Thursday
2025-11-08,medplus,10772.9,Healthcare,Net Banking,November,2025,11,8,Saturday
2025-07-17,nykaa,17263.74,Online Shopping,Net Banking,July,2025,7,17,Thursday
2025-09-19,goibibo,23676.89,Travel,Credit Card,September,2025,9,19,Friday
2025-12-02,max fashion,4285.52,Clothing,Net Banking,December,2025,12,2,Tuesday
2025-03-20,vistara,26974.48,Travel,Net Banking,March,2025,3,20,Thursday
2025-08-05,barbeque nation,493.66,Food,UPI,August,2025,8,5,Tuesday
2025-12-26,vodafone idea,527.19,Bills,Debit Card,December,2025,12,26,Friday
2025-04-21,pharmeasy,7262.52,Healthcare,UPI,April,2025,4,21,Monday
2025-06-20,dell exclusive,10234.61,Electronics,UPI,June,2025,6,20,Friday
2025-09-01,us polo,5037.46,Clothing,UPI,September,2025,9,1,Monday
2025-09-02,jiomart,2706.64,Grocery,Debit Card,September,2025,9,2,Tuesday
2025-01-20,booking.com,2232.34,Travel,UPI,January,2025,1,20,Monday
2025-12-05,spotify,861.94,Entertainment,Debit Card,December,2025,12,5,Friday
2025-04-26,burger king,691.83,Food,Credit Card,April,2025,4,26,Saturday
2025-11-07,oneplus,47463.97,Electronics,Debit Card,November,2025,11,7,Friday
2025-06-25,water board,4399.24,Bills,UPI,June,2025,6,25,Wednesday
2025-01-23,dell exclusive,37042.87,Electronics,UPI,January,2025,1,23,Thursday
2025-04-27,pepperfry,17899.65,Online Shopping,Credit Card,April,2025,4,27,Sunday
2025-12-14,noise,120560.9,Electronics,Net Banking,December,2025,12,14,Sunday
2025-08-13,air india,29906.37,Travel,UPI,August,2025,8,13,Wednesday
2025-03-14,metro rail,168.41,Transport,Credit Card,March,2025,3,14,Friday
2025-07-14,bsnl,880.16,Bills,UPI,July,2025,7,14,Monday
2025-01-15,yulu bikes,77.25,Transport,UPI,January,2025,1,15,Wednesday
2025-04-03,netmeds,9441.02,Healthcare,UPI,April,2025,4,3,Thursday
2025-05-15,cloudnine,14280.56,Healthcare,Debit Card,May,2025,5,15,Thursday
2025-06-27,bsnl,4746.45,Bills,UPI,June,2025,6,27,Friday
2025-10-03,bigbazaar,1687.56,Grocery,Credit Card,October,2025,10,3,Friday
2025-09-30,zara,1686.13,Clothing,Debit Card,September,2025,9,30,Tuesday
2025-09-18,aster,6278.96,Healthcare,Credit Card,September,2025,9,18,Thursday
2025-01-27,airtel,542.76,Bills,Debit Card,January,2025,1,27,Monday
2025-11-02,taco bell,150.79,Food,Debit Card,November,2025,11,2,Sunday
2025-09-20,subway,230.44,Food,Net Banking,September,2025,9,20,Saturday
2025-06-07,youtube premium,534.3,Entertainment,Debit Card,June,2025,6,7,Saturday
2025-08-24,saravana bhavan,835.5,Food,Debit Card,August,2025,8,24,Sunday
2025-12-16,zee5,455.09,Entertainment,Credit Card,December,2025,12,16,Tuesday
2025-04-13,sonyliv,814.41,Entertainment,Net Banking,April,2025,4,13,Sunday
2025-08-23,wrogn,2683.55,Clothing,Debit Card,August,2025,8,23,Saturday
2025-05-29,air india,7414.07,Travel,UPI,May,2025,5,29,Thursday
2025-09-11,oyo,4912.14,Travel,UPI,September,2025,9,11,Thursday
2025-07-01,allen solly,4142.69,Clothing,Credit Card,July,2025,7,1,Tuesday
2025-05-28,nykaa,17596.36,Online Shopping,Net Banking,May,2025,5,28,Wednesday
2025-03-30,amazon,18415.14,Online Shopping,Net Banking,March,2025,3,30,Sunday
2025-09-02,max fashion,5714.65,Clothing,Debit Card,September,2025,9,2,Tuesday
2025-08-22,bsnl,3922.35,Bills,UPI,August,2025,8,22,Friday
2025-08-21,airasia,19231.26,Travel,Debit Card,August,2025,8,21,Thursday
2025-10-27,samsung store,114562.9,Electronics,Credit Card,October,2025,10,27,Monday
2025-12-05,meesho,2131.87,Online Shopping,Net Banking,December,2025,12,5,Friday
2025-11-14,vodafone idea,4328.55,Bills,Net Banking,November,2025,11,14,Friday
2025-01-05,myntra,6247.98,Online Shopping,Credit Card,January,2025,1,5,Sunday
2025-02-06,bigbazaar,4832.11,Grocery,UPI,February,2025,2,6,Thursday
2025-06-18,apple music,599.46,Entertainment,Credit Card,June,2025,6,18,Wednesday
2025-05-02,allen solly,1986.61,Clothing,Net Banking,May,2025,5,2,Friday
2025-02-11,gas agency,5797.84,Bills,UPI,February,2025,2,11,Tuesday
2025-07-06,redbus,994.53,Transport,Debit Card,July,2025,7,6,Sunday
2025-05-27,max fashion,2066.83,Clothing,Net Banking,May,2025,5,27,Tuesday
2025-08-03,dmart,3970.15,Grocery,Credit Card,August,2025,8,3,Sunday
2025-02-04,hp world,145008.11,Electronics,Net Banking,February,2025,2,4,Tuesday
2025-05-19,apple music,468.07,Entertainment,Credit Card,May,2025,5,19,Monday
2025-05-08,apollo hospital,5930.81,Healthcare,Debit Card,May,2025,5,8,Thursday
2025-10-08,cream stone,397.8,Food,UPI,October,2025,10,8,Wednesday
2025-11-08,noise,123317.58,Electronics,Credit Card,November,2025,11,8,Saturday
2025-02-28,1mg,17506.31,Healthcare,Debit Card,February,2025,2,28,Friday
2025-07-05,kfc,1394.93,Food,UPI,July,2025,7,5,Saturday
2025-02-02,biba,1944.82,Clothing,Net Banking,February,2025,2,2,Sunday
2025-05-29,flipkart,7653.66,Online Shopping,Net Banking,May,2025,5,29,Thursday
2025-01-14,pharmeasy,13392.33,Healthcare,Debit Card,January,2025,1,14,Tuesday
2025-03-07,indigo,3876.57,Travel,Net Banking,March,2025,3,7,Friday
2025-11-16,oyo,13344.24,Travel,Credit Card,November,2025,11,16,Sunday
2025-04-08,fortis,18706.94,Healthcare,Net Banking,April,2025,4,8,Tuesday
2025-04-03,vistara,7238.15,Travel,UPI,April,2025,4,3,Thursday
2025-01-08,amazon,7245.63,Online Shopping,Net Banking,January,2025,1,8,Wednesday
2025-08-03,burger king,825.7,Food,Net Banking,August,2025,8,3,Sunday
2025-02-10,property tax online,3524.27,Bills,Debit Card,February,2025,2,10,Monday
2025-09-02,ajio,19087.25,Online Shopping,Credit Card,September,2025,9,2,Tuesday
2025-10-04,airtel,4935.02,Bills,UPI,October,2025,10,4,Saturday
2025-01-06,gaana,924.88,Entertainment,Net Banking,January,2025,1,6,Monday
2025-03-27,rapido,280.65,Transport,Debit Card,March,2025,3,27,Thursday
2025-12-30,barbeque nation,1139.21,Food,UPI,December,2025,12,30,Tuesday
2025-01-26,airtel,4444.5,Bills,Debit Card,January,2025,1,26,Sunday
2025-08-20,levis,7840.93,Clothing,Debit Card,August,2025,8,20,Wednesday
2025-01-28,jio fiber,499.75,Bills,Net Banking,January,2025,1,28,Tuesday
2025-12-15,biba,2956.87,Clothing,Debit Card,December,2025,12,15,Monday
2025-11-08,nykaa,6814.9,Online Shopping,Credit Card,November,2025,11,8,Saturday
2025-07-12,kauvery,724.92,Healthcare,Net Banking,July,2025,7,12,Saturday
2025-08-22,indigo,21341.75,Travel,Net Banking,August,2025,8,22,Friday
2025-01-01,cloudnine,17662.65,Healthcare,Net Banking,January,2025,1,1,Wednesday
2025-04-07,hp world,133048.53,Electronics,Debit Card,April,2025,4,7,Monday
2025-07-08,cloudnine,15727.34,Healthcare,Debit Card,July,2025,7,8,Tuesday
2025-07-02,noise,98284.28,Electronics,Net Banking,July,2025,7,2,Wednesday
2025-08-10,1mg,5748.93,Healthcare,Credit Card,August,2025,8,10,Sunday
2025-10-19,us polo,5871.57,Clothing,Debit Card,October,2025,10,19,Sunday
2025-05-27,vodafone idea,4494.59,Bills,Credit Card,May,2025,5,27,Tuesday
2025-04-08,water board,5901.46,Bills,Debit Card,April,2025,4,8,Tuesday
2025-07-24,kfc,575.63,Food,Credit Card,July,2025,7,24,Thursday
2025-10-20,jiomart,3524.49,Grocery,Credit Card,October,2025,10,20,Monday
2025-03-27,tneb,2631.01,Bills,Debit Card,March,2025,3,27,Thursday
2025-06-12,act fibernet,4964.08,Bills,UPI,June,2025,6,12,Thursday
2025-07-11,bsnl,2637.13,Bills,Debit Card,July,2025,7,11,Friday
2025-03-22,biba,6567.31,Clothing,UPI,March,2025,3,22,Saturday
2025-06-24,apollo pharmacy,4933.99,Healthcare,Credit Card,June,2025,6,24,Tuesday
2025-03-31,hp world,119774.25,Electronics,Net Banking,March,2025,3,31,Monday
2025-03-17,irctc,27699.45,Travel,UPI,March,2025,3,17,Monday
2025-11-05,saravana bhavan,274.08,Food,Credit Card,November,2025,11,5,Wednesday
2025-02-22,jiomart,3772.43,Grocery,UPI,February,2025,2,22,Saturday
2025-07-17,hp world,25577.05,Electronics,UPI,July,2025,7,17,Thursday
2025-12-23,property tax online,217.2,Bills,Net Banking,December,2025,12,23,Tuesday
2025-04-11,biba,3070.09,Clothing,Debit Card,April,2025,4,11,Friday
2025-03-06,ajio,18560.12,Online Shopping,Debit Card,March,2025,3,6,Thursday
2025-01-17,tsrtc,1655.54,Transport,Credit Card,January,2025,1,17,Friday
2025-09-02,noise,79404.26,Electronics,UPI,September,2025,9,2,Tuesday
2025-06-26,lenskart,14353.27,Online Shopping,Net Banking,June,2025,6,26,Thursday
2025-08-23,spencers,3028.58,Grocery,Net Banking,August,2025,8,23,Saturday
2025-11-28,aster,2816.8,Healthcare,Net Banking,November,2025,11,28,Friday
2025-07-09,samsung store,143910.77,Electronics,Net Banking,July,2025,7,9,Wednesday
2025-11-26,reliance fresh,1603.62,Grocery,UPI,November,2025,11,26,Wednesday
2025-11-19,air india,3135.92,Travel,Credit Card,November,2025,11,19,Wednesday
2025-12-26,taco bell,674.73,Food,Credit Card,December,2025,12,26,Friday
2025-10-28,apollo pharmacy,1296.4,Healthcare,Debit Card,October,2025,10,28,Tuesday
2025-03-12,air india,28470.79,Travel,Debit Card,March,2025,3,12,Wednesday
2025-01-09,paradise biryani,483.17,Food,UPI,January,2025,1,9,Thursday
2025-06-10,nykaa,18078.03,Online Shopping,Credit Card,June,2025,6,10,Tuesday
2025-03-18,oneplus,146735.98,Electronics,UPI,March,2025,3,18,Tuesday
2025-07-01,aster,276.78,Healthcare,Net Banking,July,2025,7,1,Tuesday
2025-07-29,saravana bhavan,1261.82,Food,UPI,July,2025,7,29,Tuesday
2025-08-24,airtel,4471.2,Bills,Debit Card,August,2025,8,24,Sunday
2025-05-26,bmtc,66.43,Transport,Net Banking,May,2025,5,26,Monday
2025-12-07,apollo pharmacy,5452.85,Healthcare,Credit Card,December,2025,12,7,Sunday
2025-06-05,dell exclusive,43375.53,Electronics,UPI,June,2025,6,5,Thursday
2025-01-22,dominos,663.04,Food,Net Banking,January,2025,1,22,Wednesday
2025-12-05,barbeque nation,748.13,Food,Credit Card,December,2025,12,5,Friday
2025-08-29,apple music,809.96,Entertainment,UPI,August,2025,8,29,Friday
2025-08-05,bmtc,698.7,Transport,UPI,August,2025,8,5,Tuesday
2025-08-29,tneb,422.31,Bills,Net Banking,August,2025,8,29,Friday
2025-02-24,myntra,4248.89,Online Shopping,UPI,February,2025,2,24,Monday
2025-05-18,vivo store,69143.95,Electronics,UPI,May,2025,5,18,Sunday
2025-12-14,bmtc,378.39,Transport,Credit Card,December,2025,12,14,Sunday
2025-02-07,a2b,315.65,Food,Credit Card,February,2025,2,7,Friday
2025-01-28,myntra,5350.06,Online Shopping,Debit Card,January,2025,1,28,Tuesday
2025-05-05,bigbazaar,314.65,Grocery,Credit Card,May,2025,5,5,Monday
2025-11-03,myntra,8903.04,Online Shopping,UPI,November,2025,11,3,Monday
2025-05-07,reliance digital,140838.53,Electronics,UPI,May,2025,5,7,Wednesday
2025-07-18,yatra,14668.51,Travel,Net Banking,July,2025,7,18,Friday
2025-06-13,medplus,5348.35,Healthcare,UPI,June,2025,6,13,Friday
2025-10-22,dmart,497.85,Grocery,UPI,October,2025,10,22,Wednesday
2025-08-25,reliance digital,44489.53,Electronics,Net Banking,August,2025,8,25,Monday
2025-10-11,biba,1991.76,Clothing,Credit Card,October,2025,10,11,Saturday
2025-08-07,boat lifestyle,71015.98,Electronics,UPI,August,2025,8,7,Thursday
2025-11-05,fortis,19237.79,Healthcare,Credit Card,November,2025,11,5,Wednesday
2025-12-16,dominos,482.55,Food,Net Banking,December,2025,12,16,Tuesday
2025-06-21,apple music,376.58,Entertainment,Credit Card,June,2025,6,21,Saturday
2025-01-25,metro rail,1897.52,Transport,Debit Card,January,2025,1,25,Saturday
2025-05-31,dominos,1374.35,Food,Debit Card,May,2025,5,31,Saturday
2025-12-08,samsung store,94511.16,Electronics,Credit Card,December,2025,12,8,Monday
2025-07-10,amazon prime,712.81,Entertainment,Net Banking,July,2025,7,10,Thursday
2025-05-03,zee5,310.35,Entertainment,UPI,May,2025,5,3,Saturday
2025-11-26,subway,559.88,Food,Net Banking,November,2025,11,26,Wednesday
2025-08-24,vivo store,95066.9,Electronics,Credit Card,August,2025,8,24,Sunday
2025-06-03,1mg,15906.96,Healthcare,UPI,June,2025,6,3,Tuesday
2025-06-29,spotify,890.13,Entertainment,Credit Card,June,2025,6,29,Sunday
2025-09-15,spencers,4280.42,Grocery,Debit Card,September,2025,9,15,Monday
2025-02-12,asus store,19218.71,Electronics,Net Banking,February,2025,2,12,Wednesday
2025-06-08,noise,49119.01,Electronics,UPI,June,2025,6,8,Sunday
2025-10-05,max fashion,6435.08,Clothing,UPI,October,2025,10,5,Sunday
2025-03-30,aster,14902.82,Healthcare,UPI,March,2025,3,30,Sunday
2025-02-10,irctc,9336.2,Travel,Net Banking,February,2025,2,10,Monday
2025-11-25,airasia,12580.06,Travel,Debit Card,November,2025,11,25,Tuesday
2025-11-04,apollo pharmacy,19851.76,Healthcare,Credit Card,November,2025,11,4,Tuesday
2025-06-17,puma,5547.4,Clothing,Credit Card,June,2025,6,17,Tuesday
2025-02-06,airtel,405.59,Bills,Credit Card,February,2025,2,6,Thursday
2025-10-15,booking.com,19665.82,Travel,Debit Card,October,2025,10,15,Wednesday
2025-05-20,dmart,1101.03,Grocery,Debit Card,May,2025,5,20,Tuesday
2025-05-15,redbus,1507.47,Transport,Credit Card,May,2025,5,15,Thursday
2025-03-20,youtube premium,111.49,Entertainment,Net Banking,March,2025,3,20,Thursday
2025-02-27,act fibernet,890.96,Bills,UPI,February,2025,2,27,Thursday
2025-12-18,pepperfry,5604.69,Online Shopping,Debit Card,December,2025,12,18,Thursday
2025-01-24,more supermarket,3818.78,Grocery,Credit Card,January,2025,1,24,Friday
2025-06-14,reliance digital,69180.43,Electronics,Debit Card,June,2025,6,14,Saturday
2025-07-29,flipkart,5195.02,Online Shopping,Net Banking,July,2025,7,29,Tuesday
2025-04-26,chai point,395.26,Food,UPI,April,2025,4,26,Saturday
2025-08-24,spencers,2790.2,Grocery,Debit Card,August,2025,8,24,Sunday
2025-05-26,ajio,14158.96,Online Shopping,Net Banking,May,2025,5,26,Monday
2025-05-17,hp world,141844.68,Electronics,UPI,May,2025,5,17,Saturday
2025-10-10,tata cliq,539.36,Online Shopping,UPI,October,2025,10,10,Friday
2025-07-29,a2b,277.94,Food,UPI,July,2025,7,29,Tuesday
2025-08-11,pepperfry,14887.16,Online Shopping,Debit Card,August,2025,8,11,Monday
2025-05-09,zara,2076.81,Clothing,Credit Card,May,2025,5,9,Friday
2025-09-29,water board,5333.09,Bills,Credit Card,September,2025,9,29,Monday
2025-06-26,redbus,943.21,Transport,Debit Card,June,2025,6,26,Thursday
2025-05-15,amazon,2224.2,Online Shopping,UPI,May,2025,5,15,Thursday
2025-11-07,amazon prime,204.7,Entertainment,Net Banking,November,2025,11,7,Friday
2025-02-24,h&m,3783.07,Clothing,Credit Card,February,2025,2,24,Monday
2025-09-03,nature's basket,1889.3,Grocery,Net Banking,September,2025,9,3,Wednesday
2025-08-15,snapdeal,19497.19,Online Shopping,Debit Card,August,2025,8,15,Friday
2025-09-27,rapido,228.81,Transport,Debit Card,September,2025,9,27,Saturday
2025-09-27,gas agency,5157.62,Bills,Credit Card,September,2025,9,27,Saturday
2025-02-18,cream stone,1056.93,Food,Debit Card,February,2025,2,18,Tuesday
2025-02-17,air india,14802.7,Travel,Debit Card,February,2025,2,17,Monday
2025-09-01,lenskart,9416.72,Online Shopping,Net Banking,September,2025,9,1,Monday
2025-01-16,pharmeasy,1725.8,Healthcare,Credit Card,January,2025,1,16,Thursday
2025-10-24,amazon,5331.64,Online Shopping,Debit Card,October,2025,10,24,Friday
2025-05-31,netflix,313.6,Entertainment,UPI,May,2025,5,31,Saturday
2025-06-18,vodafone idea,691.0,Bills,Net Banking,June,2025,6,18,Wednesday
2025-12-01,airtel,5066.79,Bills,Debit Card,December,2025,12,1,Monday
2025-12-26,tsrtc,766.43,Transport,Debit Card,December,2025,12,26,Friday
2025-06-11,netflix,647.68,Entertainment,Debit Card,June,2025,6,11,Wednesday
2025-12-13,makemytrip,19674.72,Travel,Debit Card,December,2025,12,13,Saturday
2025-05-11,oneplus,45489.94,Electronics,Net Banking,May,2025,5,11,Sunday
2025-03-28,chai point,331.11,Food,Credit Card,March,2025,3,28,Friday
2025-04-10,pepperfry,9926.96,Online Shopping,Net Banking,April,2025,4,10,Thursday
2025-08-22,meru cabs,895.62,Transport,UPI,August,2025,8,22,Friday
2025-11-08,bsnl,3956.82,Bills,UPI,November,2025,11,8,Saturday
2025-03-30,jio fiber,5398.66,Bills,Debit Card,March,2025,3,30,Sunday
2025-04-12,spotify,248.75,Entertainment,Debit Card,April,2025,4,12,Saturday
2025-10-21,cloudnine,7516.25,Healthcare,Net Banking,October,2025,10,21,Tuesday
2025-06-23,tsrtc,498.36,Transport,UPI,June,2025,6,23,Monday
2025-10-22,ccd,799.04,Food,Credit Card,October,2025,10,22,Wednesday
2025-12-31,booking.com,15182.05,Travel,Debit Card,December,2025,12,31,Wednesday
2025-08-07,yulu bikes,1953.54,Transport,UPI,August,2025,8,7,Thursday
2025-05-31,nilgiris,4783.06,Grocery,UPI,May,2025,5,31,Saturday
2025-07-05,dell exclusive,140455.49,Electronics,Credit Card,July,2025,7,5,Saturday
2025-10-27,cream stone,796.01,Food,UPI,October,2025,10,27,Monday
2025-06-10,makemytrip,14469.33,Travel,Credit Card,June,2025,6,10,Tuesday
2025-01-15,amazon,7774.24,Online Shopping,Net Banking,January,2025,1,15,Wednesday
2025-03-24,bmtc,1660.05,Transport,Debit Card,March,2025,3,24,Monday
2025-12-11,nykaa,12615.03,Online Shopping,UPI,December,2025,12,11,Thursday
2025-01-11,adidas,4506.61,Clothing,Net Banking,January,2025,1,11,Saturday
2025-12-24,reliance fresh,1869.46,Grocery,Debit Card,December,2025,12,24,Wednesday
2025-08-24,bmtc,1019.39,Transport,Debit Card,August,2025,8,24,Sunday
2025-02-21,samsung store,110070.13,Electronics,Net Banking,February,2025,2,21,Friday
2025-06-08,wrogn,4179.72,Clothing,Credit Card,June,2025,6,8,Sunday
2025-04-26,hp world,52458.14,Electronics,UPI,April,2025,4,26,Saturday
2025-06-11,jio fiber,1387.62,Bills,Debit Card,June,2025,6,11,Wednesday
2025-03-06,allen solly,3437.12,Clothing,Credit Card,March,2025,3,6,Thursday
2025-08-18,lenskart,13723.55,Online Shopping,Net Banking,August,2025,8,18,Monday
2025-01-14,amazon,7916.15,Online Shopping,UPI,January,2025,1,14,Tuesday
2025-01-02,star bazaar,4235.13,Grocery,Credit Card,January,2025,1,2,Thursday
2025-04-20,more supermarket,4413.21,Grocery,Credit Card,April,2025,4,20,Sunday
2025-06-09,pepperfry,13284.4,Online Shopping,Debit Card,June,2025,6,9,Monday
2025-09-11,nike,1944.32,Clothing,UPI,September,2025,9,11,Thursday
2025-08-03,ola,1181.36,Transport,Credit Card,August,2025,8,3,Sunday
2025-06-27,us polo,6087.2,Clothing,Net Banking,June,2025,6,27,Friday
2025-10-03,more supermarket,831.87,Grocery,Debit Card,October,2025,10,3,Friday
2025-05-15,goibibo,6758.59,Travel,Net Banking,May,2025,5,15,Thursday
2025-11-23,kfc,1135.69,Food,Credit Card,November,2025,11,23,Sunday
2025-09-25,croma,113294.3,Electronics,Credit Card,September,2025,9,25,Thursday
2025-08-17,redbus,393.03,Transport,Credit Card,August,2025,8,17,Sunday
2025-01-13,mcdonalds,1017.64,Food,UPI,January,2025,1,13,Monday
2025-09-08,airasia,20569.42,Travel,Debit Card,September,2025,9,8,Monday
2025-03-28,adidas,2528.34,Clothing,Debit Card,March,2025,3,28,Friday
2025-04-12,star bazaar,4341.93,Grocery,Debit Card,April,2025,4,12,Saturday
2025-10-14,netflix,643.95,Entertainment,UPI,October,2025,10,14,Tuesday
2025-11-28,netflix,209.94,Entertainment,Debit Card,November,2025,11,28,Friday
2025-06-14,act fibernet,5015.72,Bills,UPI,June,2025,6,14,Saturday
2025-11-11,adidas,3888.67,Clothing,Net Banking,November,2025,11,11,Tuesday
2025-01-03,yulu bikes,597.81,Transport,Credit Card,January,2025,1,3,Friday
2025-05-19,act fibernet,2598.53,Bills,Credit Card,May,2025,5,19,Monday
2025-12-22,irctc,26347.43,Travel,Credit Card,December,2025,12,22,Monday
2025-05-13,more supermarket,1839.22,Grocery,Credit Card,May,2025,5,13,Tuesday
2025-09-15,yulu bikes,1317.18,Transport,Net Banking,September,2025,9,15,Monday
2025-02-09,medplus,15844.52,Healthcare,Net Banking,February,2025,2,9,Sunday
2025-03-31,samsung store,136702.8,Electronics,Debit Card,March,2025,3,31,Monday
2025-01-13,vistara,28673.41,Travel,UPI,January,2025,1,13,Monday
2025-03-23,aster,18849.52,Healthcare,Debit Card,March,2025,3,23,Sunday
2025-06-29,cloudnine,10837.32,Healthcare,Net Banking,June,2025,6,29,Sunday
2025-01-09,aha,876.32,Entertainment,Net Banking,January,2025,1,9,Thursday
2025-12-03,chai point,140.39,Food,Debit Card,December,2025,12,3,Wednesday
2025-02-02,apollo pharmacy,14027.72,Healthcare,Net Banking,February,2025,2,2,Sunday
2025-10-02,goibibo,3993.48,Travel,Credit Card,October,2025,10,2,Thursday
2025-10-25,oyo,22555.05,Travel,Net Banking,October,2025,10,25,Saturday
2025-04-01,amazon prime,372.8,Entertainment,Credit Card,April,2025,4,1,Tuesday
2025-06-20,nature's basket,2052.43,Grocery,UPI,June,2025,6,20,Friday
2025-05-29,nature's basket,2839.15,Grocery,UPI,May,2025,5,29,Thursday
2025-04-28,dell exclusive,76287.81,Electronics,Debit Card,April,2025,4,28,Monday
2025-09-16,apollo hospital,8372.26,Healthcare,Debit Card,September,2025,9,16,Tuesday
2025-07-12,max fashion,514.33,Clothing,UPI,July,2025,7,12,Saturday
2025-08-25,samsung store,90186.36,Electronics,UPI,August,2025,8,25,Monday
2025-03-03,pharmeasy,13743.93,Healthcare,Debit Card,March,2025,3,3,Monday
2025-06-14,apple music,677.52,Entertainment,Credit Card,June,2025,6,14,Saturday
2025-07-08,spencers,1137.32,Grocery,Debit Card,July,2025,7,8,Tuesday
2025-04-05,pharmeasy,2799.15,Healthcare,Debit Card,April,2025,4,5,Saturday
2025-07-23,sony center,80819.09,Electronics,Net Banking,July,2025,7,23,Wednesday
2025-10-17,zara,1943.06,Clothing,Credit Card,October,2025,10,17,Friday
2025-05-29,reliance digital,19732.17,Electronics,UPI,May,2025,5,29,Thursday
2025-10-30,ajio,13664.51,Online Shopping,Credit Card,October,2025,10,30,Thursday
2025-02-16,us polo,7206.91,Clothing,Credit Card,February,2025,2,16,Sunday
2025-05-23,apollo hospital,2178.48,Healthcare,UPI,May,2025,5,23,Friday
2025-07-31,bmtc,906.71,Transport,Credit Card,July,2025,7,31,Thursday
2025-01-11,woodland,6028.14,Clothing,Credit Card,January,2025,1,11,Saturday
2025-01-08,zee5,496.67,Entertainment,Credit Card,January,2025,1,8,Wednesday
2025-09-12,dmart,1853.31,Grocery,Credit Card,September,2025,9,12,Friday
2025-02-04,1mg,11064.92,Healthcare,UPI,February,2025,2,4,Tuesday
2025-07-13,ajio,491.01,Online Shopping,Credit Card,July,2025,7,13,Sunday
2025-04-11,more supermarket,909.92,Grocery,UPI,April,2025,4,11,Friday
2025-02-21,meru cabs,1636.4,Transport,Net Banking,February,2025,2,21,Friday
2025-07-05,burger king,497.69,Food,Credit Card,July,2025,7,5,Saturday
2025-12-21,property tax online,1770.33,Bills,Debit Card,December,2025,12,21,Sunday
2025-07-25,meru cabs,773.1,Transport,Debit Card,July,2025,7,25,Friday
2025-06-29,nike,2179.35,Clothing,Debit Card,June,2025,6,29,Sunday
2025-01-29,apollo pharmacy,1140.03,Healthcare,UPI,January,2025,1,29,Wednesday
2025-10-24,max fashion,6752.39,Clothing,Credit Card,October,2025,10,24,Friday
2025-10-16,wrogn,7455.07,Clothing,UPI,October,2025,10,16,Thursday
2025-07-04,dmart,4135.07,Grocery,Net Banking,July,2025,7,4,Friday
2025-04-22,uber,116.35,Transport,Credit Card,April,2025,4,22,Tuesday
2025-02-04,meesho,8484.9,Online Shopping,Credit Card,February,2025,2,4,Tuesday
2025-02-28,dmart,4823.54,Grocery,Credit Card,February,2025,2,28,Friday
2025-01-15,chai point,1287.3,Food,Debit Card,January,2025,1,15,Wednesday
2025-12-08,amazon,6182.72,Online Shopping,UPI,December,2025,12,8,Monday
2025-09-29,pantaloons,1554.38,Clothing,Credit Card,September,2025,9,29,Monday
2025-05-28,dmart,3646.85,Grocery,Net Banking,May,2025,5,28,Wednesday
2025-01-23,ccd,1131.08,Food,Debit Card,January,2025,1,23,Thursday
2025-07-05,cloudnine,4093.75,Healthcare,Credit Card,July,2025,7,5,Saturday
2025-06-06,water board,3152.5,Bills,UPI,June,2025,6,6,Friday
2025-07-28,biba,2893.94,Clothing,Debit Card,July,2025,7,28,Monday
2025-02-25,makemytrip,21145.29,Travel,Debit Card,February,2025,2,25,Tuesday
2025-02-23,gas agency,1962.62,Bills,Net Banking,February,2025,2,23,Sunday
2025-12-26,lenskart,3963.87,Online Shopping,Net Banking,December,2025,12,26,Friday
2025-11-22,rapido,1751.8,Transport,Debit Card,November,2025,11,22,Saturday
2025-11-22,spotify,778.29,Entertainment,UPI,November,2025,11,22,Saturday
2025-10-03,medplus,12928.7,Healthcare,UPI,October,2025,10,3,Friday
2025-01-24,taco bell,384.0,Food,UPI,January,2025,1,24,Friday
2025-01-03,fortis,1484.72,Healthcare,Credit Card,January,2025,1,3,Friday
2025-03-30,snapdeal,9763.1,Online Shopping,Debit Card,March,2025,3,30,Sunday
2025-12-30,tneb,1314.22,Bills,Debit Card,December,2025,12,30,Tuesday
2025-05-06,noise,10879.73,Electronics,Credit Card,May,2025,5,6,Tuesday
2025-09-09,vistara,4182.97,Travel,UPI,September,2025,9,9,Tuesday
2025-06-07,bmtc,617.7,Transport,Credit Card,June,2025,6,7,Saturday
2025-08-17,spotify,490.42,Entertainment,Net Banking,August,2025,8,17,Sunday
2025-11-19,nykaa,7607.1,Online Shopping,Net Banking,November,2025,11,19,Wednesday
2025-08-28,star bazaar,1578.72,Grocery,Net Banking,August,2025,8,28,Thursday
2025-08-08,meru cabs,784.22,Transport,Net Banking,August,2025,8,8,Friday
2025-10-20,irctc,3217.19,Travel,Debit Card,October,2025,10,20,Monday
2025-05-27,zee5,501.74,Entertainment,Net Banking,May,2025,5,27,Tuesday
2025-10-12,irctc,21553.14,Travel,Debit Card,October,2025,10,12,Sunday
2025-04-24,indigo,11264.19,Travel,Debit Card,April,2025,4,24,Thursday
2025-03-07,levis,2109.88,Clothing,Debit Card,March,2025,3,7,Friday
2025-01-10,metro rail,108.55,Transport,Credit Card,January,2025,1,10,Friday
2025-01-14,nykaa,4271.25,Online Shopping,Debit Card,January,2025,1,14,Tuesday
2025-12-28,airtel,3022.25,Bills,Credit Card,December,2025,12,28,Sunday
2025-10-22,goibibo,6679.6,Travel,Credit Card,October,2025,10,22,Wednesday
2025-06-02,mcdonalds,306.22,Food,Credit Card,June,2025,6,2,Monday
2025-05-02,rapido,1897.85,Transport,Debit Card,May,2025,5,2,Friday
2025-04-09,booking.com,2582.11,Travel,UPI,April,2025,4,9,Wednesday
2025-02-02,yatra,1945.69,Travel,Debit Card,February,2025,2,2,Sunday
2025-08-07,hp world,115263.6,Electronics,UPI,August,2025,8,7,Thursday
2025-02-16,allen solly,2219.97,Clothing,UPI,February,2025,2,16,Sunday
2025-01-30,jiomart,2768.52,Grocery,Credit Card,January,2025,1,30,Thursday
2025-01-18,dell exclusive,70295.55,Electronics,Debit Card,January,2025,1,18,Saturday
2025-05-04,youtube premium,985.46,Entertainment,UPI,May,2025,5,4,Sunday
2025-12-14,gaana,445.83,Entertainment,UPI,December,2025,12,14,Sunday
2025-05-29,netmeds,19115.07,Healthcare,Net Banking,May,2025,5,29,Thursday
2025-12-30,nature's basket,1892.28,Grocery,Credit Card,December,2025,12,30,Tuesday
2025-08-29,airtel,2398.95,Bills,Net Banking,August,2025,8,29,Friday
2025-10-22,max fashion,6234.9,Clothing,Debit Card,October,2025,10,22,Wednesday
2025-09-22,star bazaar,608.49,Grocery,Debit Card,September,2025,9,22,Monday
2025-09-12,a2b,1269.41,Food,Net Banking,September,2025,9,12,Friday
2025-01-18,biba,7312.79,Clothing,UPI,January,2025,1,18,Saturday
2025-04-11,allen solly,6724.87,Clothing,Net Banking,April,2025,4,11,Friday
2025-08-08,goibibo,11530.76,Travel,Credit Card,August,2025,8,8,Friday
2025-04-30,airtel,2992.03,Bills,Net Banking,April,2025,4,30,Wednesday
2025-01-22,puma,4725.53,Clothing,Credit Card,January,2025,1,22,Wednesday
2025-10-23,oneplus,20640.24,Electronics,Credit Card,October,2025,10,23,Thursday
2025-06-12,meru cabs,918.14,Transport,Net Banking,June,2025,6,12,Thursday
2025-05-09,irctc,24537.98,Travel,UPI,May,2025,5,9,Friday
2025-08-08,apollo pharmacy,19169.17,Healthcare,Debit Card,August,2025,8,8,Friday
2025-11-28,star bazaar,1510.01,Grocery,Net Banking,November,2025,11,28,Friday
2025-11-21,gas agency,5388.53,Bills,Credit Card,November,2025,11,21,Friday
2025-12-23,gaana,966.47,Entertainment,Debit Card,December,2025,12,23,Tuesday
2025-04-06,goibibo,17641.79,Travel,Credit Card,April,2025,4,6,Sunday
2025-11-01,jiomart,4395.87,Grocery,UPI,November,2025,11,1,Saturday
2025-09-24,cloudnine,3719.11,Healthcare,Net Banking,September,2025,9,24,Wednesday
2025-01-07,water board,5926.49,Bills,UPI,January,2025,1,7,Tuesday
2025-10-20,boat lifestyle,84652.94,Electronics,UPI,October,2025,10,20,Monday
2025-09-29,meru cabs,1058.67,Transport,UPI,September,2025,9,29,Monday
2025-12-30,apollo pharmacy,14038.21,Healthcare,Net Banking,December,2025,12,30,Tuesday
2025-10-07,noise,108094.21,Electronics,UPI,October,2025,10,7,Tuesday
2025-08-08,us polo,4709.38,Clothing,Debit Card,August,2025,8,8,Friday
2025-10-31,pizza hut,1336.58,Food,Credit Card,October,2025,10,31,Friday
2025-01-22,pepperfry,2989.25,Online Shopping,Debit Card,January,2025,1,22,Wednesday
2025-08-18,amazon prime,496.25,Entertainment,UPI,August,2025,8,18,Monday
2025-10-12,subway,464.4,Food,Credit Card,October,2025,10,12,Sunday
2025-02-20,medplus,2744.05,Healthcare,Debit Card,February,2025,2,20,Thursday
2025-12-05,sonyliv,868.18,Entertainment,Net Banking,December,2025,12,5,Friday
2025-02-19,tneb,4302.6,Bills,Credit Card,February,2025,2,19,Wednesday
2025-12-28,star bazaar,1759.93,Grocery,UPI,December,2025,12,28,Sunday
2025-05-09,us polo,759.5,Clothing,Net Banking,May,2025,5,9,Friday
2025-06-07,amazon prime,779.34,Entertainment,Debit Card,June,2025,6,7,Saturday
2025-02-26,barbeque nation,1227.42,Food,Net Banking,February,2025,2,26,Wednesday
2025-06-02,hotstar,510.26,Entertainment,Debit Card,June,2025,6,2,Monday
2025-05-08,airasia,22805.46,Travel,UPI,May,2025,5,8,Thursday
2025-10-15,airasia,8765.67,Travel,Debit Card,October,2025,10,15,Wednesday
2025-04-22,paradise biryani,801.72,Food,Debit Card,April,2025,4,22,Tuesday
2025-09-20,nilgiris,1406.33,Grocery,UPI,September,2025,9,20,Saturday
2025-01-20,air india,5952.1,Travel,Credit Card,January,2025,1,20,Monday
2025-02-11,apollo hospital,16681.98,Healthcare,Net Banking,February,2025,2,11,Tuesday
2025-10-20,netflix,686.43,Entertainment,Debit Card,October,2025,10,20,Monday
2025-06-26,aha,470.93,Entertainment,Credit Card,June,2025,6,26,Thursday
2025-12-08,kauvery,5932.64,Healthcare,Credit Card,December,2025,12,8,Monday
2025-07-08,metro rail,297.21,Transport,UPI,July,2025,7,8,Tuesday
2025-12-21,samsung store,17321.1,Electronics,UPI,December,2025,12,21,Sunday
2025-05-14,bmtc,1982.19,Transport,Debit Card,May,2025,5,14,Wednesday
2025-01-31,allen solly,4396.8,Clothing,Net Banking,January,2025,1,31,Friday
2025-12-13,youtube premium,702.17,Entertainment,UPI,December,2025,12,13,Saturday
2025-05-11,ajio,2962.18,Online Shopping,UPI,May,2025,5,11,Sunday
2025-10-27,act fibernet,5125.96,Bills,Credit Card,October,2025,10,27,Monday
2025-06-30,hotstar,986.05,Entertainment,Debit Card,June,2025,6,30,Monday
2025-01-30,taco bell,1403.73,Food,Net Banking,January,2025,1,30,Thursday
2025-03-14,sony center,83348.78,Electronics,UPI,March,2025,3,14,Friday
2025-09-11,tata cliq,7523.44,Online Shopping,Net Banking,September,2025,9,11,Thursday
2025-05-30,cloudnine,1597.44,Healthcare,Credit Card,May,2025,5,30,Friday
2025-05-23,bmtc,704.99,Transport,UPI,May,2025,5,23,Friday
2025-09-09,indigo,20443.98,Travel,UPI,September,2025,9,9,Tuesday
2025-07-28,tata cliq,838.07,Online Shopping,UPI,July,2025,7,28,Monday
2025-12-25,flipkart,2781.65,Online Shopping,UPI,December,2025,12,25,Thursday
2025-04-26,jiomart,1373.63,Grocery,UPI,April,2025,4,26,Saturday
2025-01-12,spotify,728.33,Entertainment,Credit Card,January,2025,1,12,Sunday
2025-07-04,cloudnine,10120.42,Healthcare,UPI,July,2025,7,4,Friday
2025-01-01,cream stone,284.41,Food,Debit Card,January,2025,1,1,Wednesday
2025-02-18,pepperfry,14478.56,Online Shopping,Debit Card,February,2025,2,18,Tuesday
2025-08-05,taco bell,1323.23,Food,Credit Card,August,2025,8,5,Tuesday
2025-08-17,airtel,5565.33,Bills,Credit Card,August,2025,8,17,Sunday
2025-08-08,redbus,1828.95,Transport,UPI,August,2025,8,8,Friday
2025-04-21,sony center,13850.43,Electronics,Credit Card,April,2025,4,21,Monday
2025-05-06,asus store,84106.92,Electronics,Credit Card,May,2025,5,6,Tuesday
2025-03-21,reliance digital,16504.01,Electronics,UPI,March,2025,3,21,Friday
2025-12-24,dominos,826.72,Food,Net Banking,December,2025,12,24,Wednesday
2025-02-02,star bazaar,4272.6,Grocery,Credit Card,February,2025,2,2,Sunday
2025-03-10,redbus,914.33,Transport,UPI,March,2025,3,10,Monday
2025-09-03,starbucks,809.7,Food,UPI,September,2025,9,3,Wednesday
2025-03-27,hotstar,628.57,Entertainment,Credit Card,March,2025,3,27,Thursday
2025-03-26,yulu bikes,896.34,Transport,Debit Card,March,2025,3,26,Wednesday
2025-02-17,nykaa,6777.73,Online Shopping,Debit Card,February,2025,2,17,Monday
2025-02-05,zee5,281.8,Entertainment,Net Banking,February,2025,2,5,Wednesday
2025-12-27,water board,1290.62,Bills,Credit Card,December,2025,12,27,Saturday
2025-12-15,oneplus,81131.72,Electronics,UPI,December,2025,12,15,Monday
2025-06-16,more supermarket,357.4,Grocery,Credit Card,June,2025,6,16,Monday
2025-12-16,kauvery,5616.2,Healthcare,Debit Card,December,2025,12,16,Tuesday
2025-02-20,apple music,711.43,Entertainment,Debit Card,February,2025,2,20,Thursday
2025-04-07,booking.com,1922.4,Travel,Debit Card,April,2025,4,7,Monday
2025-11-09,adidas,1745.8,Clothing,Credit Card,November,2025,11,9,Sunday
2025-02-20,hotstar,153.64,Entertainment,UPI,February,2025,2,20,Thursday
2025-12-29,zara,533.34,Clothing,Net Banking,December,2025,12,29,Monday
2025-01-14,woodland,6265.63,Clothing,Credit Card,January,2025,1,14,Tuesday
2025-05-29,boat lifestyle,48970.62,Electronics,Net Banking,May,2025,5,29,Thursday
2025-11-01,vivo store,101981.92,Electronics,Net Banking,November,2025,11,1,Saturday
2025-10-14,netflix,183.62,Entertainment,Net Banking,October,2025,10,14,Tuesday
2025-01-03,apollo pharmacy,2631.3,Healthcare,Net Banking,January,2025,1,3,Friday
2025-03-05,apple store,117559.6,Electronics,Debit Card,March,2025,3,5,Wednesday
2025-04-21,noise,144976.97,Electronics,UPI,April,2025,4,21,Monday
2025-05-19,jiomart,4116.06,Grocery,Debit Card,May,2025,5,19,Monday
2025-06-05,hp world,4362.92,Electronics,Net Banking,June,2025,6,5,Thursday
2025-09-12,uber,205.94,Transport,UPI,September,2025,9,12,Friday
2025-03-24,indigo,19470.74,Travel,Credit Card,March,2025,3,24,Monday
2025-09-15,gaana,921.1,Entertainment,Net Banking,September,2025,9,15,Monday
2025-01-20,starbucks,955.61,Food,Debit Card,January,2025,1,20,Monday
2025-04-05,yatra,15334.83,Travel,UPI,April,2025,4,5,Saturday
2025-05-16,yatra,27289.83,Travel,UPI,May,2025,5,16,Friday
2025-12-30,gaana,249.52,Entertainment,Credit Card,December,2025,12,30,Tuesday
2025-11-17,apple music,413.32,Entertainment,Credit Card,November,2025,11,17,Monday
2025-05-09,pizza hut,174.37,Food,Credit Card,May,2025,5,9,Friday
2025-07-02,vodafone idea,3972.2,Bills,UPI,July,2025,7,2,Wednesday
2025-07-08,biba,7257.52,Clothing,UPI,July,2025,7,8,Tuesday
2025-12-16,nykaa,6093.44,Online Shopping,Debit Card,December,2025,12,16,Tuesday
2025-05-17,metro rail,1685.31,Transport,Net Banking,May,2025,5,17,Saturday
2025-01-16,zee5,716.63,Entertainment,Net Banking,January,2025,1,16,Thursday
2025-02-12,tneb,3171.52,Bills,Credit Card,February,2025,2,12,Wednesday
2025-11-19,indigo,11439.56,Travel,UPI,November,2025,11,19,Wednesday
2025-02-19,oneplus,20558.66,Electronics,Credit Card,February,2025,2,19,Wednesday
2025-07-08,makemytrip,3959.15,Travel,Net Banking,July,2025,7,8,Tuesday
2025-10-04,fortis,3905.2,Healthcare,Credit Card,October,2025,10,4,Saturday
2025-11-13,vodafone idea,3300.38,Bills,Credit Card,November,2025,11,13,Thursday
2025-05-30,cloudnine,8504.76,Healthcare,Credit Card,May,2025,5,30,Friday
2025-12-08,meesho,12720.51,Online Shopping,Debit Card,December,2025,12,8,Monday
2025-06-28,indigo,9889.33,Travel,UPI,June,2025,6,28,Saturday
2025-03-09,fortis,7935.36,Healthcare,Debit Card,March,2025,3,9,Sunday
2025-06-25,nature's basket,2172.82,Grocery,Net Banking,June,2025,6,25,Wednesday
2025-03-29,spencers,4099.11,Grocery,UPI,March,2025,3,29,Saturday
2025-02-14,paradise biryani,817.54,Food,UPI,February,2025,2,14,Friday
2025-03-26,dmart,4298.09,Grocery,Net Banking,March,2025,3,26,Wednesday
2025-11-11,yatra,6725.91,Travel,Debit Card,November,2025,11,11,Tuesday
2025-10-27,ajio,9975.53,Online Shopping,Credit Card,October,2025,10,27,Monday
2025-10-20,reliance fresh,3906.33,Grocery,UPI,October,2025,10,20,Monday
2025-01-14,gas agency,616.08,Bills,Debit Card,January,2025,1,14,Tuesday
2025-12-24,kfc,1244.48,Food,Credit Card,December,2025,12,24,Wednesday
2025-04-03,lenskart,12302.47,Online Shopping,Credit Card,April,2025,4,3,Thursday
2025-11-29,yatra,3359.21,Travel,Debit Card,November,2025,11,29,Saturday
2025-02-19,apollo hospital,17695.87,Healthcare,Debit Card,February,2025,2,19,Wednesday
2025-06-28,apple store,28957.72,Electronics,UPI,June,2025,6,28,Saturday
2025-01-04,netmeds,18244.2,Healthcare,Credit Card,January,2025,1,4,Saturday
2025-10-11,yatra,18819.86,Travel,UPI,October,2025,10,11,Saturday
2025-11-03,adidas,3260.49,Clothing,Credit Card,November,2025,11,3,Monday
2025-11-10,vodafone idea,2414.34,Bills,UPI,November,2025,11,10,Monday
2025-10-17,bigbazaar,3576.87,Grocery,Net Banking,October,2025,10,17,Friday
2025-07-07,vivo store,109273.86,Electronics,Debit Card,July,2025,7,7,Monday
2025-08-30,jiomart,4939.24,Grocery,Net Banking,August,2025,8,30,Saturday
2025-07-07,yulu bikes,405.13,Transport,Debit Card,July,2025,7,7,Monday
2025-11-23,bsnl,4529.83,Bills,Credit Card,November,2025,11,23,Sunday
2025-03-30,pizza hut,929.66,Food,Credit Card,March,2025,3,30,Sunday
2025-03-20,ajio,13375.83,Online Shopping,Credit Card,March,2025,3,20,Thursday
2025-01-18,1mg,14683.48,Healthcare,UPI,January,2025,1,18,Saturday
2025-02-10,tata cliq,11717.81,Online Shopping,Credit Card,February,2025,2,10,Monday
2025-08-08,gas agency,2198.18,Bills,Credit Card,August,2025,8,8,Friday
2025-04-12,gaana,707.6,Entertainment,Credit Card,April,2025,4,12,Saturday
2025-10-20,ajio,12224.59,Online Shopping,UPI,October,2025,10,20,Monday
2025-04-05,vistara,3975.25,Travel,Net Banking,April,2025,4,5,Saturday
2025-09-13,nilgiris,1672.23,Grocery,UPI,September,2025,9,13,Saturday
2025-11-24,uber,1176.63,Transport,Debit Card,November,2025,11,24,Monday
2025-07-06,tneb,3182.63,Bills,Net Banking,July,2025,7,6,Sunday
2025-09-17,more supermarket,1329.62,Grocery,Credit Card,September,2025,9,17,Wednesday
2025-01-09,rapido,1837.58,Transport,UPI,January,2025,1,9,Thursday
2025-06-18,booking.com,3098.91,Travel,UPI,June,2025,6,18,Wednesday
2025-08-28,pharmeasy,10129.39,Healthcare,Credit Card,August,2025,8,28,Thursday
2025-02-21,zara,1376.3,Clothing,UPI,February,2025,2,21,Friday
2025-07-09,airtel,442.96,Bills,Credit Card,July,2025,7,9,Wednesday
2025-05-17,star bazaar,2377.25,Grocery,UPI,May,2025,5,17,Saturday
2025-08-02,indigo,9702.17,Travel,Net Banking,August,2025,8,2,Saturday
2025-03-18,jio fiber,4919.21,Bills,Credit Card,March,2025,3,18,Tuesday
2025-03-17,amazon prime,739.18,Entertainment,UPI,March,2025,3,17,Monday
2025-04-21,burger king,242.09,Food,Net Banking,April,2025,4,21,Monday
2025-08-23,myntra,2991.11,Online Shopping,Debit Card,August,2025,8,23,Saturday
2025-08-08,pepperfry,11826.44,Online Shopping,Net Banking,August,2025,8,8,Friday
2025-12-10,a2b,1386.13,Food,Net Banking,December,2025,12,10,Wednesday
2025-04-26,apollo pharmacy,2891.65,Healthcare,Credit Card,April,2025,4,26,Saturday
2025-10-13,dominos,1249.18,Food,Credit Card,October,2025,10,13,Monday
2025-08-04,more supermarket,534.64,Grocery,UPI,August,2025,8,4,Monday
2025-12-11,a2b,1005.65,Food,Net Banking,December,2025,12,11,Thursday
2025-12-23,sonyliv,691.29,Entertainment,Net Banking,December,2025,12,23,Tuesday
2025-12-08,woodland,3076.37,Clothing,Credit Card,December,2025,12,8,Monday
2025-05-08,nilgiris,4383.89,Grocery,UPI,May,2025,5,8,Thursday
2025-05-25,apollo hospital,739.48,Healthcare,UPI,May,2025,5,25,Sunday
2025-07-01,bsnl,5547.68,Bills,Credit Card,July,2025,7,1,Tuesday
2025-12-04,us polo,1175.37,Clothing,Net Banking,December,2025,12,4,Thursday
2025-03-18,bsnl,4488.51,Bills,Credit Card,March,2025,3,18,Tuesday
2025-09-19,nilgiris,2133.83,Grocery,Credit Card,September,2025,9,19,Friday
2025-03-17,croma,16594.0,Electronics,Debit Card,March,2025,3,17,Monday
2025-02-24,ccd,643.22,Food,Credit Card,February,2025,2,24,Monday
2025-09-18,water board,627.92,Bills,Net Banking,September,2025,9,18,Thursday
2025-05-08,amazon prime,829.98,Entertainment,UPI,May,2025,5,8,Thursday
2025-10-24,bigbazaar,2917.59,Grocery,Net Banking,October,2025,10,24,Friday
2025-07-03,apple store,72953.28,Electronics,Credit Card,July,2025,7,3,Thursday
2025-05-08,nykaa,7942.89,Online Shopping,UPI,May,2025,5,8,Thursday
2025-05-22,flipkart,16727.62,Online Shopping,Credit Card,May,2025,5,22,Thursday
2025-08-20,tata cliq,8421.88,Online Shopping,Credit Card,August,2025,8,20,Wednesday
2025-02-17,dmart,2066.03,Grocery,Net Banking,February,2025,2,17,Monday
2025-08-06,air india,20469.36,Travel,UPI,August,2025,8,6,Wednesday
2025-11-10,dmart,789.55,Grocery,Debit Card,November,2025,11,10,Monday
2025-05-06,makemytrip,21463.0,Travel,Debit Card,May,2025,5,6,Tuesday
2025-12-01,taco bell,522.86,Food,Debit Card,December,2025,12,1,Monday
2025-03-12,taco bell,1104.21,Food,Credit Card,March,2025,3,12,Wednesday
2025-03-20,sonyliv,426.4,Entertainment,Debit Card,March,2025,3,20,Thursday
2025-12-02,mcdonalds,498.78,Food,Net Banking,December,2025,12,2,Tuesday
2025-11-21,irctc,25964.97,Travel,Debit Card,November,2025,11,21,Friday
2025-12-11,airtel,5553.49,Bills,Net Banking,December,2025,12,11,Thursday
2025-01-06,croma,91112.19,Electronics,Debit Card,January,2025,1,6,Monday
2025-01-16,oyo,2990.68,Travel,Credit Card,January,2025,1,16,Thursday
2025-07-22,apple music,631.37,Entertainment,Debit Card,July,2025,7,22,Tuesday
2025-10-27,amazon,11880.24,Online Shopping,Debit Card,October,2025,10,27,Monday
2025-01-29,ajio,4404.16,Online Shopping,Debit Card,January,2025,1,29,Wednesday
2025-05-28,cream stone,328.01,Food,Net Banking,May,2025,5,28,Wednesday
2025-04-02,aha,138.13,Entertainment,UPI,April,2025,4,2,Wednesday
2025-12-11,ajio,5260.41,Online Shopping,Debit Card,December,2025,12,11,Thursday
2025-09-21,nykaa,3257.94,Online Shopping,UPI,September,2025,9,21,Sunday
2025-09-20,property tax online,2324.43,Bills,Net Banking,September,2025,9,20,Saturday
2025-02-21,lenskart,16971.6,Online Shopping,Net Banking,February,2025,2,21,Friday
2025-05-19,subway,1222.84,Food,Debit Card,May,2025,5,19,Monday
2025-08-09,apple music,499.41,Entertainment,Credit Card,August,2025,8,9,Saturday
2025-10-04,nilgiris,718.71,Grocery,Credit Card,October,2025,10,4,Saturday
2025-03-30,pepperfry,5690.16,Online Shopping,Debit Card,March,2025,3,30,Sunday
2025-07-18,pizza hut,297.58,Food,Net Banking,July,2025,7,18,Friday
2025-12-23,yulu bikes,827.96,Transport,Credit Card,December,2025,12,23,Tuesday
2025-01-27,jiomart,1462.23,Grocery,UPI,January,2025,1,27,Monday
2025-04-17,jiomart,3778.41,Grocery,Credit Card,April,2025,4,17,Thursday
2025-12-28,tneb,4438.48,Bills,Debit Card,December,2025,12,28,Sunday
2025-08-27,booking.com,24831.54,Travel,Net Banking,August,2025,8,27,Wednesday
2025-10-10,jiomart,3115.42,Grocery,UPI,October,2025,10,10,Friday
2025-03-09,vivo store,63376.59,Electronics,Net Banking,March,2025,3,9,Sunday
2025-05-01,snapdeal,18832.83,Online Shopping,Net Banking,May,2025,5,1,Thursday
2025-08-12,vivo store,99170.46,Electronics,Debit Card,August,2025,8,12,Tuesday
2025-07-19,h&m,3782.01,Clothing,UPI,July,2025,7,19,Saturday
2025-01-09,pepperfry,3701.78,Online Shopping,Net Banking,January,2025,1,9,Thursday
2025-06-21,netmeds,19357.71,Healthcare,Net Banking,June,2025,6,21,Saturday
2025-11-03,burger king,212.43,Food,Credit Card,November,2025,11,3,Monday
2025-03-10,tsrtc,751.02,Transport,Net Banking,March,2025,3,10,Monday
2025-04-15,boat lifestyle,68623.3,Electronics,Credit Card,April,2025,4,15,Tuesday
2025-11-16,pantaloons,5357.58,Clothing,UPI,November,2025,11,16,Sunday
2025-12-27,saravana bhavan,483.23,Food,Credit Card,December,2025,12,27,Saturday
2025-06-09,flipkart,4825.61,Online Shopping,Credit Card,June,2025,6,9,Monday
2025-03-05,nilgiris,4807.08,Grocery,Credit Card,March,2025,3,5,Wednesday
2025-10-04,tata cliq,11378.25,Online Shopping,Debit Card,October,2025,10,4,Saturday
2025-05-18,airtel,969.68,Bills,Net Banking,May,2025,5,18,Sunday
2025-08-07,burger king,512.89,Food,UPI,August,2025,8,7,Thursday
2025-12-26,pharmeasy,1171.38,Healthcare,Credit Card,December,2025,12,26,Friday
2025-11-10,pepperfry,18994.29,Online Shopping,Net Banking,November,2025,11,10,Monday
2025-02-17,samsung store,70919.57,Electronics,Credit Card,February,2025,2,17,Monday
2025-08-12,dominos,659.55,Food,UPI,August,2025,8,12,Tuesday
2025-12-04,zee5,603.26,Entertainment,Net Banking,December,2025,12,4,Thursday
2025-12-19,oyo,5912.56,Travel,Net Banking,December,2025,12,19,Friday
2025-10-25,saravana bhavan,1336.94,Food,Net Banking,October,2025,10,25,Saturday
2025-10-12,allen solly,3047.62,Clothing,UPI,October,2025,10,12,Sunday
2025-08-26,indigo,3983.34,Travel,Credit Card,August,2025,8,26,Tuesday
2025-02-03,act fibernet,3168.23,Bills,Credit Card,February,2025,2,3,Monday
2025-07-14,hp world,108452.24,Electronics,UPI,July,2025,7,14,Monday
2025-01-31,yulu bikes,1727.78,Transport,Debit Card,January,2025,1,31,Friday
2025-03-03,bmtc,275.5,Transport,Net Banking,March,2025,3,3,Monday
2025-12-27,more supermarket,857.34,Grocery,Debit Card,December,2025,12,27,Saturday
2025-06-09,dominos,1236.4,Food,Debit Card,June,2025,6,9,Monday
2025-12-23,rapido,649.59,Transport,Credit Card,December,2025,12,23,Tuesday
2025-11-25,pepperfry,19791.74,Online Shopping,Credit Card,November,2025,11,25,Tuesday
2025-10-25,airasia,29817.3,Travel,UPI,October,2025,10,25,Saturday
2025-06-14,sonyliv,155.59,Entertainment,UPI,June,2025,6,14,Saturday
2025-08-05,cloudnine,13087.49,Healthcare,Debit Card,August,2025,8,5,Tuesday
2025-02-18,reliance fresh,4718.87,Grocery,Net Banking,February,2025,2,18,Tuesday
2025-03-14,makemytrip,10106.87,Travel,Debit Card,March,2025,3,14,Friday
2025-01-08,biba,5125.54,Clothing,UPI,January,2025,1,8,Wednesday
2025-06-11,more supermarket,2111.08,Grocery,Net Banking,June,2025,6,11,Wednesday
2025-11-22,adidas,5570.73,Clothing,UPI,November,2025,11,22,Saturday
2025-02-04,indigo,25679.52,Travel,UPI,February,2025,2,4,Tuesday
2025-01-29,bsnl,613.3,Bills,Net Banking,January,2025,1,29,Wednesday
2025-09-26,hotstar,957.14,Entertainment,UPI,September,2025,9,26,Friday
2025-09-02,myntra,7073.38,Online Shopping,UPI,September,2025,9,2,Tuesday
2025-10-07,yulu bikes,391.78,Transport,Credit Card,October,2025,10,7,Tuesday
2025-04-23,apollo hospital,15832.68,Healthcare,Debit Card,April,2025,4,23,Wednesday
2025-11-11,aha,99.83,Entertainment,Debit Card,November,2025,11,11,Tuesday
2025-12-27,gaana,616.47,Entertainment,Debit Card,December,2025,12,27,Saturday
2025-03-01,bigbazaar,4644.64,Grocery,Debit Card,March,2025,3,1,Saturday
2025-09-25,vodafone idea,2179.98,Bills,Debit Card,September,2025,9,25,Thursday
2025-02-26,amazon prime,501.86,Entertainment,Credit Card,February,2025,2,26,Wednesday
2025-07-01,snapdeal,11676.07,Online Shopping,Net Banking,July,2025,7,1,Tuesday
2025-05-27,vistara,11372.87,Travel,Credit Card,May,2025,5,27,Tuesday
2025-03-20,ajio,16290.41,Online Shopping,Credit Card,March,2025,3,20,Thursday
2025-01-19,meru cabs,918.39,Transport,Debit Card,January,2025,1,19,Sunday
2025-06-05,amazon prime,927.43,Entertainment,UPI,June,2025,6,5,Thursday
2025-04-30,indigo,4190.37,Travel,UPI,April,2025,4,30,Wednesday
2025-05-23,meesho,669.3,Online Shopping,Debit Card,May,2025,5,23,Friday
2025-07-02,amazon prime,750.88,Entertainment,Debit Card,July,2025,7,2,Wednesday
2025-09-21,youtube premium,180.49,Entertainment,Credit Card,September,2025,9,21,Sunday
2025-01-17,pharmeasy,8062.42,Healthcare,UPI,January,2025,1,17,Friday
2025-09-21,flipkart,3324.83,Online Shopping,UPI,September,2025,9,21,Sunday
2025-10-29,taco bell,633.56,Food,Credit Card,October,2025,10,29,Wednesday
2025-09-09,yatra,1308.81,Travel,Credit Card,September,2025,9,9,Tuesday
2025-12-26,netmeds,4422.02,Healthcare,Credit Card,December,2025,12,26,Friday
2025-06-02,nature's basket,2644.27,Grocery,Net Banking,June,2025,6,2,Monday
2025-11-08,airasia,19294.43,Travel,Credit Card,November,2025,11,8,Saturday
2025-06-17,saravana bhavan,242.0,Food,Debit Card,June,2025,6,17,Tuesday
2025-05-26,subway,1109.76,Food,Debit Card,May,2025,5,26,Monday
2025-01-27,indigo,4228.14,Travel,Credit Card,January,2025,1,27,Monday
2025-09-24,mi store,142587.66,Electronics,UPI,September,2025,9,24,Wednesday
2025-09-22,adidas,3705.34,Clothing,Net Banking,September,2025,9,22,Monday
2025-07-23,sonyliv,151.86,Entertainment,Net Banking,July,2025,7,23,Wednesday
2025-11-06,flipkart,10972.07,Online Shopping,Net Banking,November,2025,11,6,Thursday
2025-11-30,redbus,470.1,Transport,Net Banking,November,2025,11,30,Sunday
2025-04-26,medplus,13032.47,Healthcare,Debit Card,April,2025,4,26,Saturday
2025-11-01,youtube premium,758.92,Entertainment,Credit Card,November,2025,11,1,Saturday
2025-05-29,tata cliq,14037.3,Online Shopping,Credit Card,May,2025,5,29,Thursday
2025-01-02,indigo,1310.56,Travel,Net Banking,January,2025,1,2,Thursday
2025-03-31,pepperfry,13619.07,Online Shopping,Debit Card,March,2025,3,31,Monday
2025-11-23,tsrtc,911.19,Transport,Debit Card,November,2025,11,23,Sunday
2025-10-01,myntra,4060.4,Online Shopping,Credit Card,October,2025,10,1,Wednesday
2025-07-24,airasia,14670.27,Travel,UPI,July,2025,7,24,Thursday
2025-09-16,levis,6362.18,Clothing,Credit Card,September,2025,9,16,Tuesday
2025-08-09,redbus,1726.39,Transport,Credit Card,August,2025,8,9,Saturday
2025-06-09,pharmeasy,1503.4,Healthcare,Net Banking,June,2025,6,9,Monday
2025-10-19,pantaloons,4013.75,Clothing,UPI,October,2025,10,19,Sunday
2025-10-31,amazon prime,948.58,Entertainment,Credit Card,October,2025,10,31,Friday
2025-01-28,makemytrip,18182.37,Travel,Credit Card,January,2025,1,28,Tuesday
2025-12-13,nature's basket,3951.44,Grocery,Net Banking,December,2025,12,13,Saturday
2025-08-22,netflix,318.35,Entertainment,Credit Card,August,2025,8,22,Friday
2025-06-11,redbus,1337.91,Transport,Credit Card,June,2025,6,11,Wednesday
2025-07-25,netflix,411.54,Entertainment,Credit Card,July,2025,7,25,Friday
2025-07-16,dominos,1173.15,Food,Debit Card,July,2025,7,16,Wednesday
2025-01-07,1mg,5915.31,Healthcare,Credit Card,January,2025,1,7,Tuesday
2025-09-25,redbus,647.8,Transport,Credit Card,September,2025,9,25,Thursday
2025-03-01,kfc,1391.99,Food,Debit Card,March,2025,3,1,Saturday
2025-06-16,kfc,716.57,Food,Credit Card,June,2025,6,16,Monday
2025-06-23,asus store,51012.52,Electronics,Credit Card,June,2025,6,23,Monday
2025-06-23,ccd,647.45,Food,Credit Card,June,2025,6,23,Monday
2025-03-24,tata cliq,1790.8,Online Shopping,Credit Card,March,2025,3,24,Monday
2025-12-28,irctc,11938.91,Travel,UPI,December,2025,12,28,Sunday
2025-09-04,a2b,923.34,Food,Credit Card,September,2025,9,4,Thursday
2025-07-19,bsnl,2466.57,Bills,Net Banking,July,2025,7,19,Saturday
2025-08-01,makemytrip,711.42,Travel,Debit Card,August,2025,8,1,Friday
2025-07-12,gas agency,3114.58,Bills,Net Banking,July,2025,7,12,Saturday
2025-10-30,nykaa,5289.31,Online Shopping,Net Banking,October,2025,10,30,Thursday
2025-12-14,aha,575.62,Entertainment,Net Banking,December,2025,12,14,Sunday
2025-03-01,star bazaar,2596.25,Grocery,Debit Card,March,2025,3,1,Saturday
2025-05-23,apple music,463.83,Entertainment,Net Banking,May,2025,5,23,Friday
2025-02-26,zara,7724.55,Clothing,UPI,February,2025,2,26,Wednesday
2025-08-10,yulu bikes,497.37,Transport,Net Banking,August,2025,8,10,Sunday
2025-12-08,a2b,533.28,Food,Net Banking,December,2025,12,8,Monday
2025-04-22,tneb,3094.6,Bills,Debit Card,April,2025,4,22,Tuesday
2025-01-16,amazon,16163.41,Online Shopping,Debit Card,January,2025,1,16,Thursday
2025-03-08,irctc,28156.44,Travel,UPI,March,2025,3,8,Saturday
2025-06-12,uber,858.21,Transport,Net Banking,June,2025,6,12,Thursday
2025-07-25,boat lifestyle,41879.08,Electronics,Credit Card,July,2025,7,25,Friday
2025-04-29,apollo pharmacy,17508.96,Healthcare,Credit Card,April,2025,4,29,Tuesday
2025-02-28,dell exclusive,44535.67,Electronics,Credit Card,February,2025,2,28,Friday
2025-06-12,burger king,1482.48,Food,Credit Card,June,2025,6,12,Thursday
2025-12-08,apollo pharmacy,5179.58,Healthcare,UPI,December,2025,12,8,Monday
2025-05-15,jiomart,3888.14,Grocery,Credit Card,May,2025,5,15,Thursday
2025-06-30,taco bell,485.5,Food,Credit Card,June,2025,6,30,Monday
2025-03-12,makemytrip,17031.73,Travel,Net Banking,March,2025,3,12,Wednesday
2025-07-16,reliance fresh,3531.18,Grocery,Debit Card,July,2025,7,16,Wednesday
2025-04-20,tneb,5773.77,Bills,Debit Card,April,2025,4,20,Sunday
2025-09-09,yatra,15370.31,Travel,Net Banking,September,2025,9,9,Tuesday
2025-03-20,max fashion,7865.01,Clothing,UPI,March,2025,3,20,Thursday
2025-03-07,gaana,771.64,Entertainment,UPI,March,2025,3,7,Friday
2025-11-13,croma,86050.58,Electronics,UPI,November,2025,11,13,Thursday
2025-07-26,vodafone idea,2488.2,Bills,Net Banking,July,2025,7,26,Saturday
2025-02-05,nykaa,15289.18,Online Shopping,UPI,February,2025,2,5,Wednesday
2025-07-27,aster,14374.2,Healthcare,Net Banking,July,2025,7,27,Sunday
2025-08-20,tsrtc,552.84,Transport,UPI,August,2025,8,20,Wednesday
2025-02-28,subway,584.77,Food,Debit Card,February,2025,2,28,Friday
2025-08-24,biba,3984.7,Clothing,Credit Card,August,2025,8,24,Sunday
2025-09-18,barbeque nation,225.83,Food,UPI,September,2025,9,18,Thursday
2025-03-05,lenskart,12167.39,Online Shopping,Net Banking,March,2025,3,5,Wednesday
2025-07-08,1mg,4706.32,Healthcare,Credit Card,July,2025,7,8,Tuesday
2025-12-10,apollo hospital,4280.45,Healthcare,Net Banking,December,2025,12,10,Wednesday
2025-05-31,cloudnine,13688.77,Healthcare,Credit Card,May,2025,5,31,Saturday
2025-12-20,youtube premium,952.79,Entertainment,Debit Card,December,2025,12,20,Saturday
2025-12-15,vivo store,114052.4,Electronics,Credit Card,December,2025,12,15,Monday
2025-08-29,fortis,16563.55,Healthcare,Net Banking,August,2025,8,29,Friday
2025-10-03,bmtc,341.51,Transport,Credit Card,October,2025,10,3,Friday
2025-02-23,metro rail,1380.2,Transport,Debit Card,February,2025,2,23,Sunday
2025-10-20,sonyliv,454.06,Entertainment,Credit Card,October,2025,10,20,Monday
2025-06-07,apple music,864.11,Entertainment,UPI,June,2025,6,7,Saturday
2025-08-12,woodland,6462.69,Clothing,Debit Card,August,2025,8,12,Tuesday
2025-12-19,airasia,27975.54,Travel,Net Banking,December,2025,12,19,Friday
2025-02-10,airtel,2083.94,Bills,Credit Card,February,2025,2,10,Monday
2025-10-10,rapido,1659.59,Transport,UPI,October,2025,10,10,Friday
2025-10-09,netmeds,14081.65,Healthcare,UPI,October,2025,10,9,Thursday
2025-12-30,max fashion,7719.07,Clothing,UPI,December,2025,12,30,Tuesday
2025-12-21,gaana,514.7,Entertainment,Net Banking,December,2025,12,21,Sunday
2025-07-02,airasia,25965.32,Travel,Net Banking,July,2025,7,2,Wednesday
2025-12-09,hotstar,331.5,Entertainment,Credit Card,December,2025,12,9,Tuesday
2025-02-17,medplus,9109.9,Healthcare,Debit Card,February,2025,2,17,Monday
2025-07-03,vodafone idea,1980.93,Bills,Credit Card,July,2025,7,3,Thursday
2025-12-29,asus store,28844.76,Electronics,Debit Card,December,2025,12,29,Monday
2025-02-20,ccd,1216.66,Food,Net Banking,February,2025,2,20,Thursday
2025-11-14,tata cliq,12249.5,Online Shopping,Net Banking,November,2025,11,14,Friday
2025-02-22,irctc,28407.42,Travel,Debit Card,February,2025,2,22,Saturday
2025-05-27,a2b,430.59,Food,Debit Card,May,2025,5,27,Tuesday
2025-03-10,boat lifestyle,72988.29,Electronics,UPI,March,2025,3,10,Monday
2025-02-06,ola,237.18,Transport,UPI,February,2025,2,6,Thursday
2025-04-06,netflix,307.22,Entertainment,Debit Card,April,2025,4,6,Sunday
2025-10-17,pepperfry,6589.03,Online Shopping,Debit Card,October,2025,10,17,Friday
2025-02-12,starbucks,733.84,Food,Debit Card,February,2025,2,12,Wednesday
2025-06-16,flipkart,13686.78,Online Shopping,Net Banking,June,2025,6,16,Monday
2025-05-08,apollo pharmacy,3853.02,Healthcare,Net Banking,May,2025,5,8,Thursday
2025-12-16,starbucks,1342.17,Food,Debit Card,December,2025,12,16,Tuesday
2025-05-18,pizza hut,675.19,Food,Net Banking,May,2025,5,18,Sunday
2025-05-20,water board,4197.89,Bills,Credit Card,May,2025,5,20,Tuesday
2025-03-12,redbus,1044.41,Transport,UPI,March,2025,3,12,Wednesday
2025-10-19,a2b,376.89,Food,Credit Card,October,2025,10,19,Sunday
2025-07-24,gas agency,3522.02,Bills,UPI,July,2025,7,24,Thursday
2025-01-24,flipkart,19236.46,Online Shopping,Debit Card,January,2025,1,24,Friday
2025-01-01,aha,241.25,Entertainment,UPI,January,2025,1,1,Wednesday
2025-03-12,metro rail,908.94,Transport,Debit Card,March,2025,3,12,Wednesday
2025-10-14,fortis,10531.94,Healthcare,Credit Card,October,2025,10,14,Tuesday
2025-12-08,jio fiber,243.95,Bills,Credit Card,December,2025,12,8,Monday
2025-01-29,meru cabs,1981.27,Transport,Credit Card,January,2025,1,29,Wednesday
2025-05-02,medplus,12835.69,Healthcare,Net Banking,May,2025,5,2,Friday
2025-02-19,bsnl,3019.68,Bills,UPI,February,2025,2,19,Wednesday
2025-08-27,taco bell,754.31,Food,Net Banking,August,2025,8,27,Wednesday
2025-05-26,h&m,2357.37,Clothing,Credit Card,May,2025,5,26,Monday
2025-04-13,us polo,3734.99,Clothing,Debit Card,April,2025,4,13,Sunday
2025-12-31,spotify,103.51,Entertainment,UPI,December,2025,12,31,Wednesday
2025-03-10,cream stone,497.17,Food,UPI,March,2025,3,10,Monday
2025-07-04,apollo pharmacy,16457.98,Healthcare,Credit Card,July,2025,7,4,Friday
2025-07-21,jiomart,2272.22,Grocery,UPI,July,2025,7,21,Monday
2025-04-28,levis,1619.54,Clothing,Credit Card,April,2025,4,28,Monday
2025-02-10,ola,481.64,Transport,Credit Card,February,2025,2,10,Monday
2025-06-15,ccd,1347.75,Food,UPI,June,2025,6,15,Sunday
2025-09-19,youtube premium,915.46,Entertainment,Credit Card,September,2025,9,19,Friday
2025-08-07,woodland,5579.89,Clothing,Credit Card,August,2025,8,7,Thursday
2025-11-18,redbus,433.62,Transport,UPI,November,2025,11,18,Tuesday
2025-08-20,tata cliq,11302.02,Online Shopping,Debit Card,August,2025,8,20,Wednesday
2025-02-06,myntra,17133.19,Online Shopping,Debit Card,February,2025,2,6,Thursday
2025-04-15,subway,548.69,Food,Credit Card,April,2025,4,15,Tuesday
2025-06-01,airtel,2221.56,Bills,UPI,June,2025,6,1,Sunday
2025-07-22,flipkart,4922.32,Online Shopping,UPI,July,2025,7,22,Tuesday
2025-04-08,biba,4972.83,Clothing,UPI,April,2025,4,8,Tuesday
2025-11-16,sony center,51855.47,Electronics,Credit Card,November,2025,11,16,Sunday
2025-05-01,flipkart,1474.18,Online Shopping,Credit Card,May,2025,5,1,Thursday
2025-07-13,bigbazaar,1314.67,Grocery,Debit Card,July,2025,7,13,Sunday
2025-12-21,dell exclusive,105066.91,Electronics,UPI,December,2025,12,21,Sunday
2025-07-26,nilgiris,2453.61,Grocery,UPI,July,2025,7,26,Saturday
2025-03-14,airtel,2522.7,Bills,Net Banking,March,2025,3,14,Friday
2025-05-08,ola,87.36,Transport,Credit Card,May,2025,5,8,Thursday
2025-09-12,gas agency,5965.42,Bills,Debit Card,September,2025,9,12,Friday
2025-04-04,zee5,670.11,Entertainment,Credit Card,April,2025,4,4,Friday
2025-02-17,vodafone idea,1857.65,Bills,UPI,February,2025,2,17,Monday
2025-06-25,ajio,18324.08,Online Shopping,Credit Card,June,2025,6,25,Wednesday
2025-06-12,bigbazaar,3499.51,Grocery,Credit Card,June,2025,6,12,Thursday
2025-02-20,myntra,2699.49,Online Shopping,Credit Card,February,2025,2,20,Thursday
2025-03-17,nature's basket,608.18,Grocery,Debit Card,March,2025,3,17,Monday
2025-03-27,aster,8630.26,Healthcare,UPI,March,2025,3,27,Thursday
2025-04-20,spencers,3647.32,Grocery,Debit Card,April,2025,4,20,Sunday
2025-06-28,chai point,693.82,Food,Debit Card,June,2025,6,28,Saturday
2025-08-08,spotify,286.64,Entertainment,Net Banking,August,2025,8,8,Friday
2025-03-08,redbus,149.49,Transport,Debit Card,March,2025,3,8,Saturday
2025-05-16,burger king,121.11,Food,UPI,May,2025,5,16,Friday
2025-09-14,nykaa,5006.92,Online Shopping,UPI,September,2025,9,14,Sunday
2025-09-06,tsrtc,1367.59,Transport,Net Banking,September,2025,9,6,Saturday
2025-09-17,sony center,74144.84,Electronics,Credit Card,September,2025,9,17,Wednesday
2025-07-26,flipkart,17805.48,Online Shopping,Net Banking,July,2025,7,26,Saturday
2025-11-02,gaana,466.87,Entertainment,UPI,November,2025,11,2,Sunday
2025-01-24,asus store,114658.74,Electronics,Credit Card,January,2025,1,24,Friday
2025-11-21,boat lifestyle,63126.18,Electronics,Credit Card,November,2025,11,21,Friday
2025-07-22,dmart,4520.89,Grocery,Net Banking,July,2025,7,22,Tuesday
2025-05-28,pantaloons,3711.92,Clothing,Credit Card,May,2025,5,28,Wednesday
2025-10-22,uber,1814.0,Transport,Debit Card,October,2025,10,22,Wednesday
2025-05-17,zee5,725.04,Entertainment,Debit Card,May,2025,5,17,Saturday
2025-03-04,medplus,10656.21,Healthcare,Net Banking,March,2025,3,4,Tuesday
2025-11-01,medplus,5480.15,Healthcare,Net Banking,November,2025,11,1,Saturday
2025-09-14,irctc,8686.28,Travel,Net Banking,September,2025,9,14,Sunday
2025-04-10,jiomart,2911.82,Grocery,UPI,April,2025,4,10,Thursday
2025-01-15,cream stone,1095.79,Food,Debit Card,January,2025,1,15,Wednesday
2025-10-17,medplus,2470.24,Healthcare,Credit Card,October,2025,10,17,Friday
2025-03-23,paradise biryani,1381.26,Food,Credit Card,March,2025,3,23,Sunday
2025-10-12,meesho,878.42,Online Shopping,Net Banking,October,2025,10,12,Sunday
2025-07-28,cream stone,1201.6,Food,Debit Card,July,2025,7,28,Monday
2025-10-17,star bazaar,1838.04,Grocery,Debit Card,October,2025,10,17,Friday
2025-01-10,zara,3897.33,Clothing,Credit Card,January,2025,1,10,Friday
2025-05-25,meru cabs,123.67,Transport,UPI,May,2025,5,25,Sunday
2025-08-27,uber,905.47,Transport,Debit Card,August,2025,8,27,Wednesday
2025-07-07,act fibernet,4835.37,Bills,Debit Card,July,2025,7,7,Monday
2025-07-08,allen solly,2347.76,Clothing,Net Banking,July,2025,7,8,Tuesday
2025-12-19,youtube premium,475.91,Entertainment,Debit Card,December,2025,12,19,Friday
2025-03-28,allen solly,5577.84,Clothing,UPI,March,2025,3,28,Friday
2025-05-07,cloudnine,14464.14,Healthcare,Credit Card,May,2025,5,7,Wednesday
2025-02-11,yulu bikes,1852.26,Transport,UPI,February,2025,2,11,Tuesday
2025-12-31,airasia,21195.5,Travel,UPI,December,2025,12,31,Wednesday
2025-02-23,reliance digital,47672.43,Electronics,UPI,February,2025,2,23,Sunday
2025-02-09,meesho,18826.29,Online Shopping,Credit Card,February,2025,2,9,Sunday
2025-12-07,booking.com,1904.74,Travel,Debit Card,December,2025,12,7,Sunday
2025-10-03,makemytrip,14597.06,Travel,Credit Card,October,2025,10,3,Friday
2025-05-22,amazon prime,834.88,Entertainment,UPI,May,2025,5,22,Thursday
2025-09-02,hp world,130859.65,Electronics,Debit Card,September,2025,9,2,Tuesday
2025-09-09,nature's basket,664.81,Grocery,Net Banking,September,2025,9,9,Tuesday
2025-08-24,makemytrip,2757.21,Travel,Credit Card,August,2025,8,24,Sunday
2025-11-28,amazon,3248.68,Online Shopping,UPI,November,2025,11,28,Friday
2025-03-29,fortis,9827.99,Healthcare,Net Banking,March,2025,3,29,Saturday
2025-12-06,lenskart,783.38,Online Shopping,Net Banking,December,2025,12,6,Saturday
2025-11-20,fortis,3969.19,Healthcare,Net Banking,November,2025,11,20,Thursday
2025-03-08,meru cabs,268.15,Transport,UPI,March,2025,3,8,Saturday
2025-10-21,water board,1456.52,Bills,Credit Card,October,2025,10,21,Tuesday
2025-06-19,paradise biryani,1378.25,Food,UPI,June,2025,6,19,Thursday
2025-07-14,saravana bhavan,215.36,Food,Credit Card,July,2025,7,14,Monday
2025-09-26,reliance digital,65943.25,Electronics,UPI,September,2025,9,26,Friday
2025-11-29,uber,607.47,Transport,Net Banking,November,2025,11,29,Saturday
2025-02-05,snapdeal,6507.75,Online Shopping,UPI,February,2025,2,5,Wednesday
2025-05-12,flipkart,13904.33,Online Shopping,UPI,May,2025,5,12,Monday
2025-04-20,netflix,796.72,Entertainment,Credit Card,April,2025,4,20,Sunday
2025-02-01,more supermarket,4205.24,Grocery,Credit Card,February,2025,2,1,Saturday
2025-03-26,redbus,1747.46,Transport,UPI,March,2025,3,26,Wednesday
2025-06-12,1mg,19131.44,Healthcare,UPI,June,2025,6,12,Thursday
2025-05-11,netflix,438.34,Entertainment,Debit Card,May,2025,5,11,Sunday
2025-05-18,vodafone idea,337.62,Bills,Net Banking,May,2025,5,18,Sunday
2025-04-24,irctc,21291.42,Travel,Debit Card,April,2025,4,24,Thursday
2025-04-04,irctc,1519.58,Travel,Credit Card,April,2025,4,4,Friday
2025-06-24,spotify,221.53,Entertainment,Credit Card,June,2025,6,24,Tuesday
2025-05-17,meru cabs,250.15,Transport,Credit Card,May,2025,5,17,Saturday
2025-03-17,spencers,4383.09,Grocery,UPI,March,2025,3,17,Monday
2025-08-07,subway,853.88,Food,Debit Card,August,2025,8,7,Thursday
2025-03-30,tata cliq,15375.04,Online Shopping,Net Banking,March,2025,3,30,Sunday
2025-12-01,noise,97430.82,Electronics,Credit Card,December,2025,12,1,Monday
2025-03-01,irctc,2496.95,Travel,Credit Card,March,2025,3,1,Saturday
2025-05-09,air india,11557.57,Travel,Credit Card,May,2025,5,9,Friday
2025-07-11,goibibo,17366.05,Travel,Net Banking,July,2025,7,11,Friday
2025-03-26,goibibo,10062.4,Travel,Net Banking,March,2025,3,26,Wednesday
2025-05-12,reliance fresh,3311.14,Grocery,Net Banking,May,2025,5,12,Monday
2025-08-30,airtel,2483.13,Bills,Credit Card,August,2025,8,30,Saturday
2025-07-26,boat lifestyle,53150.81,Electronics,Credit Card,July,2025,7,26,Saturday
2025-06-26,levis,847.61,Clothing,Net Banking,June,2025,6,26,Thursday
2025-04-10,bigbazaar,448.72,Grocery,Credit Card,April,2025,4,10,Thursday
2025-03-26,vistara,23383.94,Travel,Net Banking,March,2025,3,26,Wednesday
2025-06-30,netflix,841.24,Entertainment,Credit Card,June,2025,6,30,Monday
2025-03-01,netflix,869.52,Entertainment,UPI,March,2025,3,1,Saturday
2025-12-20,pharmeasy,11288.62,Healthcare,Net Banking,December,2025,12,20,Saturday
2025-07-04,burger king,104.99,Food,Debit Card,July,2025,7,4,Friday
2025-12-03,amazon,14206.76,Online Shopping,Debit Card,December,2025,12,3,Wednesday
2025-04-21,goibibo,22087.93,Travel,Credit Card,April,2025,4,21,Monday
2025-09-10,irctc,4831.09,Travel,UPI,September,2025,9,10,Wednesday
2025-06-28,puma,6807.54,Clothing,UPI,June,2025,6,28,Saturday
2025-01-16,netflix,963.96,Entertainment,UPI,January,2025,1,16,Thursday
2025-03-19,ajio,9612.2,Online Shopping,Credit Card,March,2025,3,19,Wednesday
2025-12-22,gaana,510.6,Entertainment,Net Banking,December,2025,12,22,Monday
2025-02-10,property tax online,1757.04,Bills,Net Banking,February,2025,2,10,Monday
2025-12-19,apollo hospital,10807.71,Healthcare,Credit Card,December,2025,12,19,Friday
2025-09-03,nykaa,14126.42,Online Shopping,UPI,September,2025,9,3,Wednesday
2025-09-14,airasia,21982.39,Travel,Net Banking,September,2025,9,14,Sunday
2025-04-04,ola,1635.97,Transport,Debit Card,April,2025,4,4,Friday
2025-10-18,cloudnine,16282.69,Healthcare,UPI,October,2025,10,18,Saturday
2025-05-07,indigo,12184.4,Travel,Credit Card,May,2025,5,7,Wednesday
2025-09-20,bsnl,2991.84,Bills,Debit Card,September,2025,9,20,Saturday
2025-01-08,meesho,9256.43,Online Shopping,UPI,January,2025,1,8,Wednesday
2025-03-06,dominos,657.5,Food,Credit Card,March,2025,3,6,Thursday
2025-03-22,aster,9501.15,Healthcare,Credit Card,March,2025,3,22,Saturday
2025-01-04,lenskart,8910.28,Online Shopping,Debit Card,January,2025,1,4,Saturday
2025-06-29,tata cliq,18813.02,Online Shopping,Credit Card,June,2025,6,29,Sunday
2025-10-30,metro rail,1090.93,Transport,Credit Card,October,2025,10,30,Thursday
2025-04-28,myntra,2999.44,Online Shopping,UPI,April,2025,4,28,Monday
2025-03-26,gas agency,4376.74,Bills,UPI,March,2025,3,26,Wednesday
2025-08-14,tneb,1016.78,Bills,Debit Card,August,2025,8,14,Thursday
2025-12-07,nilgiris,2155.9,Grocery,UPI,December,2025,12,7,Sunday
2025-10-12,amazon,11782.88,Online Shopping,UPI,October,2025,10,12,Sunday
2025-09-25,kauvery,2179.5,Healthcare,UPI,September,2025,9,25,Thursday
2025-05-23,apollo pharmacy,9747.14,Healthcare,Net Banking,May,2025,5,23,Friday
2025-08-26,croma,101364.36,Electronics,Net Banking,August,2025,8,26,Tuesday
2025-11-13,kfc,844.53,Food,Net Banking,November,2025,11,13,Thursday
2025-01-15,vivo store,68611.46,Electronics,Net Banking,January,2025,1,15,Wednesday
2025-04-01,cream stone,719.47,Food,Debit Card,April,2025,4,1,Tuesday
2025-08-22,levis,5627.87,Clothing,Credit Card,August,2025,8,22,Friday
2025-05-08,makemytrip,12454.55,Travel,Credit Card,May,2025,5,8,Thursday
2025-10-19,bsnl,351.06,Bills,Net Banking,October,2025,10,19,Sunday
2025-07-28,meesho,16544.33,Online Shopping,Debit Card,July,2025,7,28,Monday
2025-06-05,amazon,9108.43,Online Shopping,Credit Card,June,2025,6,5,Thursday
2025-01-29,biba,7790.96,Clothing,Debit Card,January,2025,1,29,Wednesday
2025-07-11,a2b,171.19,Food,Credit Card,July,2025,7,11,Friday
2025-11-28,tneb,2165.98,Bills,Debit Card,November,2025,11,28,Friday
2025-09-21,fortis,11799.17,Healthcare,Credit Card,September,2025,9,21,Sunday
2025-03-14,zee5,653.83,Entertainment,Net Banking,March,2025,3,14,Friday
2025-01-27,nature's basket,2888.22,Grocery,UPI,January,2025,1,27,Monday
2025-09-01,adidas,4188.29,Clothing,Net Banking,September,2025,9,1,Monday
2025-06-25,oneplus,123907.0,Electronics,UPI,June,2025,6,25,Wednesday
2025-07-09,gaana,956.55,Entertainment,UPI,July,2025,7,9,Wednesday
2025-08-03,act fibernet,2486.97,Bills,Credit Card,August,2025,8,3,Sunday
2025-05-26,booking.com,28995.33,Travel,Net Banking,May,2025,5,26,Monday
2025-05-16,reliance fresh,4372.86,Grocery,Net Banking,May,2025,5,16,Friday
2025-08-02,ccd,235.14,Food,Credit Card,August,2025,8,2,Saturday
2025-12-23,redbus,1299.33,Transport,Net Banking,December,2025,12,23,Tuesday
2025-02-12,bmtc,1510.59,Transport,Net Banking,February,2025,2,12,Wednesday
2025-02-08,zee5,169.38,Entertainment,Credit Card,February,2025,2,8,Saturday
2025-03-16,netmeds,11556.73,Healthcare,Credit Card,March,2025,3,16,Sunday
2025-08-21,apple music,206.22,Entertainment,Credit Card,August,2025,8,21,Thursday
2025-01-15,metro rail,1318.26,Transport,Net Banking,January,2025,1,15,Wednesday
2025-11-20,gaana,984.79,Entertainment,Net Banking,November,2025,11,20,Thursday
2025-07-12,aster,2898.85,Healthcare,Debit Card,July,2025,7,12,Saturday
2025-07-12,amazon,6885.28,Online Shopping,Net Banking,July,2025,7,12,Saturday
2025-10-26,nykaa,9014.08,Online Shopping,Credit Card,October,2025,10,26,Sunday
2025-01-13,flipkart,19775.63,Online Shopping,Net Banking,January,2025,1,13,Monday
2025-07-22,property tax online,404.24,Bills,Credit Card,July,2025,7,22,Tuesday
2025-04-27,vistara,29561.22,Travel,Credit Card,April,2025,4,27,Sunday
2025-12-27,adidas,4040.04,Clothing,Debit Card,December,2025,12,27,Saturday
2025-06-24,airtel,3855.81,Bills,Net Banking,June,2025,6,24,Tuesday
2025-12-25,1mg,6234.55,Healthcare,Net Banking,December,2025,12,25,Thursday
2025-08-23,kauvery,7270.59,Healthcare,Net Banking,August,2025,8,23,Saturday
2025-02-13,paradise biryani,141.29,Food,Credit Card,February,2025,2,13,Thursday
2025-11-02,saravana bhavan,668.41,Food,Net Banking,November,2025,11,2,Sunday
2025-03-03,wrogn,5949.64,Clothing,UPI,March,2025,3,3,Monday
2025-03-25,reliance fresh,1319.6,Grocery,UPI,March,2025,3,25,Tuesday
2025-06-27,burger king,1402.68,Food,UPI,June,2025,6,27,Friday
2025-03-23,netmeds,19353.19,Healthcare,Credit Card,March,2025,3,23,Sunday
2025-03-05,spotify,495.55,Entertainment,Debit Card,March,2025,3,5,Wednesday
2025-09-03,allen solly,6615.92,Clothing,Debit Card,September,2025,9,3,Wednesday
2025-03-11,pantaloons,7479.22,Clothing,Debit Card,March,2025,3,11,Tuesday
2025-06-14,yulu bikes,729.75,Transport,Net Banking,June,2025,6,14,Saturday
2025-01-15,makemytrip,29764.79,Travel,Credit Card,January,2025,1,15,Wednesday
2025-03-06,hotstar,732.77,Entertainment,Net Banking,March,2025,3,6,Thursday
2025-06-13,1mg,8048.87,Healthcare,Net Banking,June,2025,6,13,Friday
2025-09-12,max fashion,5523.12,Clothing,Net Banking,September,2025,9,12,Friday
2025-10-07,reliance fresh,1168.83,Grocery,UPI,October,2025,10,7,Tuesday
2025-10-12,aha,443.24,Entertainment,UPI,October,2025,10,12,Sunday
2025-03-04,spotify,406.84,Entertainment,Credit Card,March,2025,3,4,Tuesday
2025-02-17,reliance fresh,3602.97,Grocery,Net Banking,February,2025,2,17,Monday
2025-02-17,act fibernet,229.13,Bills,Debit Card,February,2025,2,17,Monday
2025-12-24,a2b,242.25,Food,Net Banking,December,2025,12,24,Wednesday
2025-08-15,aha,185.22,Entertainment,Debit Card,August,2025,8,15,Friday
2025-04-27,irctc,4503.95,Travel,Debit Card,April,2025,4,27,Sunday
2025-04-08,snapdeal,6742.63,Online Shopping,Net Banking,April,2025,4,8,Tuesday
2025-11-08,croma,118447.57,Electronics,UPI,November,2025,11,8,Saturday
2025-01-22,oyo,13509.18,Travel,Net Banking,January,2025,1,22,Wednesday
2025-10-29,jiomart,4801.98,Grocery,Net Banking,October,2025,10,29,Wednesday
2025-05-31,star bazaar,615.58,Grocery,Debit Card,May,2025,5,31,Saturday
2025-01-02,water board,4973.64,Bills,Credit Card,January,2025,1,2,Thursday
2025-05-20,redbus,145.72,Transport,UPI,May,2025,5,20,Tuesday
2025-10-28,snapdeal,13485.12,Online Shopping,UPI,October,2025,10,28,Tuesday
2025-10-10,puma,3533.77,Clothing,Credit Card,October,2025,10,10,Friday
2025-05-11,ajio,14732.43,Online Shopping,UPI,May,2025,5,11,Sunday
2025-11-09,amazon,10861.5,Online Shopping,UPI,November,2025,11,9,Sunday
2025-06-14,metro rail,1837.43,Transport,Credit Card,June,2025,6,14,Saturday
2025-11-10,saravana bhavan,1322.92,Food,Credit Card,November,2025,11,10,Monday
2025-01-25,apollo hospital,835.1,Healthcare,Credit Card,January,2025,1,25,Saturday
2025-12-02,spotify,252.1,Entertainment,Credit Card,December,2025,12,2,Tuesday
2025-02-09,jio fiber,5043.24,Bills,UPI,February,2025,2,9,Sunday
2025-10-16,vistara,25232.68,Travel,Credit Card,October,2025,10,16,Thursday
2025-03-17,levis,1046.61,Clothing,Debit Card,March,2025,3,17,Monday
2025-06-20,apollo hospital,5708.51,Healthcare,UPI,June,2025,6,20,Friday
2025-04-26,irctc,10001.9,Travel,Debit Card,April,2025,4,26,Saturday
2025-05-02,dell exclusive,105348.66,Electronics,UPI,May,2025,5,2,Friday
2025-10-18,aster,843.92,Healthcare,Debit Card,October,2025,10,18,Saturday
2025-04-04,snapdeal,15264.17,Online Shopping,Debit Card,April,2025,4,4,Friday
2025-07-17,property tax online,2341.7,Bills,Debit Card,July,2025,7,17,Thursday
2025-08-03,samsung store,110245.4,Electronics,UPI,August,2025,8,3,Sunday
2025-09-22,burger king,1436.2,Food,Debit Card,September,2025,9,22,Monday
2025-01-20,netmeds,11513.64,Healthcare,Net Banking,January,2025,1,20,Monday
2025-03-21,booking.com,10177.58,Travel,UPI,March,2025,3,21,Friday
2025-07-21,wrogn,2858.22,Clothing,Net Banking,July,2025,7,21,Monday
2025-01-31,1mg,894.49,Healthcare,Net Banking,January,2025,1,31,Friday
2025-03-22,taco bell,1147.84,Food,UPI,March,2025,3,22,Saturday
2025-05-29,aha,947.52,Entertainment,Credit Card,May,2025,5,29,Thursday
2025-04-13,aha,791.57,Entertainment,Credit Card,April,2025,4,13,Sunday
2025-04-09,adidas,1595.21,Clothing,Debit Card,April,2025,4,9,Wednesday
2025-11-15,apollo pharmacy,19854.49,Healthcare,Credit Card,November,2025,11,15,Saturday
2025-09-15,sonyliv,99.29,Entertainment,Credit Card,September,2025,9,15,Monday
2025-04-12,asus store,42805.02,Electronics,Credit Card,April,2025,4,12,Saturday
2025-06-01,star bazaar,2489.75,Grocery,UPI,June,2025,6,1,Sunday
2025-08-12,dmart,1783.43,Grocery,Net Banking,August,2025,8,12,Tuesday
2025-05-29,pantaloons,4875.57,Clothing,UPI,May,2025,5,29,Thursday
2025-03-07,amazon,4072.49,Online Shopping,Credit Card,March,2025,3,7,Friday
2025-08-06,vodafone idea,1667.63,Bills,UPI,August,2025,8,6,Wednesday
2025-10-21,airasia,6264.29,Travel,Credit Card,October,2025,10,21,Tuesday
2025-09-23,oyo,15438.54,Travel,Credit Card,September,2025,9,23,Tuesday
2025-11-20,lenskart,2063.14,Online Shopping,UPI,November,2025,11,20,Thursday
2025-04-02,nature's basket,869.15,Grocery,Credit Card,April,2025,4,2,Wednesday
2025-08-05,nature's basket,3065.74,Grocery,UPI,August,2025,8,5,Tuesday
2025-11-07,ajio,19880.82,Online Shopping,Debit Card,November,2025,11,7,Friday
2025-06-04,aha,864.25,Entertainment,UPI,June,2025,6,4,Wednesday
2025-10-28,paradise biryani,488.9,Food,Net Banking,October,2025,10,28,Tuesday
2025-05-09,bsnl,3228.26,Bills,Debit Card,May,2025,5,9,Friday
2025-10-04,h&m,5560.42,Clothing,Net Banking,October,2025,10,4,Saturday
2025-07-13,metro rail,1224.32,Transport,Debit Card,July,2025,7,13,Sunday
2025-10-24,yulu bikes,1888.03,Transport,Debit Card,October,2025,10,24,Friday
2025-12-23,star bazaar,2616.98,Grocery,Net Banking,December,2025,12,23,Tuesday
2025-08-28,flipkart,10407.42,Online Shopping,Debit Card,August,2025,8,28,Thursday
2025-01-11,sony center,119718.87,Electronics,UPI,January,2025,1,11,Saturday
2025-09-17,dominos,100.2,Food,UPI,September,2025,9,17,Wednesday
2025-10-07,more supermarket,931.41,Grocery,Credit Card,October,2025,10,7,Tuesday
2025-07-14,asus store,137172.55,Electronics,Debit Card,July,2025,7,14,Monday
2025-10-14,us polo,2969.3,Clothing,Debit Card,October,2025,10,14,Tuesday
2025-08-09,bmtc,233.91,Transport,Credit Card,August,2025,8,9,Saturday
2025-02-02,yulu bikes,1304.82,Transport,UPI,February,2025,2,2,Sunday
2025-02-11,subway,291.13,Food,UPI,February,2025,2,11,Tuesday
2025-06-12,a2b,721.77,Food,Debit Card,June,2025,6,12,Thursday
2025-01-23,myntra,2826.55,Online Shopping,Net Banking,January,2025,1,23,Thursday
2025-07-10,noise,89602.49,Electronics,Credit Card,July,2025,7,10,Thursday
2025-03-07,hotstar,393.0,Entertainment,Debit Card,March,2025,3,7,Friday
2025-12-24,vodafone idea,793.41,Bills,UPI,December,2025,12,24,Wednesday
2025-08-09,star bazaar,1938.52,Grocery,Credit Card,August,2025,8,9,Saturday
2025-08-11,rapido,261.82,Transport,UPI,August,2025,8,11,Monday
2025-09-05,apollo pharmacy,17482.67,Healthcare,Debit Card,September,2025,9,5,Friday
2025-05-04,levis,5430.6,Clothing,Credit Card,May,2025,5,4,Sunday
2025-05-22,property tax online,1792.9,Bills,Credit Card,May,2025,5,22,Thursday
2025-10-18,bsnl,5740.9,Bills,UPI,October,2025,10,18,Saturday
2025-06-02,amazon,135.21,Online Shopping,Net Banking,June,2025,6,2,Monday
2025-09-12,sony center,49786.22,Electronics,UPI,September,2025,9,12,Friday
2025-11-01,water board,1593.99,Bills,Net Banking,November,2025,11,1,Saturday
2025-05-06,gas agency,2610.32,Bills,UPI,May,2025,5,6,Tuesday
2025-08-20,max fashion,5396.55,Clothing,Net Banking,August,2025,8,20,Wednesday
2025-02-16,tata cliq,11241.08,Online Shopping,Debit Card,February,2025,2,16,Sunday
2025-12-03,ola,1250.99,Transport,Debit Card,December,2025,12,3,Wednesday
2025-05-16,amazon prime,289.61,Entertainment,Net Banking,May,2025,5,16,Friday
2025-03-28,wrogn,6930.67,Clothing,Credit Card,March,2025,3,28,Friday
2025-07-30,bmtc,1980.28,Transport,Debit Card,July,2025,7,30,Wednesday
2025-03-14,spotify,299.83,Entertainment,Debit Card,March,2025,3,14,Friday
2025-05-12,jiomart,4057.55,Grocery,Net Banking,May,2025,5,12,Monday
2025-02-10,starbucks,1285.37,Food,Debit Card,February,2025,2,10,Monday
2025-02-27,goibibo,11894.23,Travel,Debit Card,February,2025,2,27,Thursday
2025-04-26,fortis,15132.78,Healthcare,Credit Card,April,2025,4,26,Saturday
2025-07-16,act fibernet,1605.74,Bills,Net Banking,July,2025,7,16,Wednesday
2025-12-11,tneb,4540.69,Bills,Net Banking,December,2025,12,11,Thursday
2025-12-24,tata cliq,5267.66,Online Shopping,Net Banking,December,2025,12,24,Wednesday
2025-01-19,zara,1519.45,Clothing,Credit Card,January,2025,1,19,Sunday
2025-03-22,apollo pharmacy,18718.63,Healthcare,UPI,March,2025,3,22,Saturday
2025-06-27,redbus,141.32,Transport,Debit Card,June,2025,6,27,Friday
2025-08-25,mi store,57404.96,Electronics,UPI,August,2025,8,25,Monday
2025-07-06,tata cliq,11020.82,Online Shopping,UPI,July,2025,7,6,Sunday
2025-04-06,spotify,284.27,Entertainment,Credit Card,April,2025,4,6,Sunday
2025-05-07,puma,5874.85,Clothing,Credit Card,May,2025,5,7,Wednesday
2025-09-30,indigo,6247.14,Travel,UPI,September,2025,9,30,Tuesday
2025-01-29,airasia,6893.82,Travel,Credit Card,January,2025,1,29,Wednesday
2025-07-02,sonyliv,918.18,Entertainment,UPI,July,2025,7,2,Wednesday
2025-07-13,meru cabs,1725.44,Transport,Credit Card,July,2025,7,13,Sunday
2025-09-21,hotstar,228.81,Entertainment,Debit Card,September,2025,9,21,Sunday
2025-09-29,samsung store,25143.68,Electronics,Debit Card,September,2025,9,29,Monday
2025-05-05,reliance fresh,2391.31,Grocery,Net Banking,May,2025,5,5,Monday
2025-04-05,dell exclusive,127948.78,Electronics,Debit Card,April,2025,4,5,Saturday
2025-09-20,airtel,4422.43,Bills,Net Banking,September,2025,9,20,Saturday
2025-12-05,zara,6477.98,Clothing,Debit Card,December,2025,12,5,Friday
2025-04-23,vistara,9191.21,Travel,Debit Card,April,2025,4,23,Wednesday
2025-04-20,hp world,132749.14,Electronics,Debit Card,April,2025,4,20,Sunday
2025-02-13,spotify,172.47,Entertainment,UPI,February,2025,2,13,Thursday
2025-08-16,airasia,28812.73,Travel,Credit Card,August,2025,8,16,Saturday
2025-02-15,hotstar,945.91,Entertainment,UPI,February,2025,2,15,Saturday
2025-08-08,star bazaar,3087.32,Grocery,Credit Card,August,2025,8,8,Friday
2025-11-27,oneplus,32231.86,Electronics,Credit Card,November,2025,11,27,Thursday
2025-03-19,ola,649.09,Transport,UPI,March,2025,3,19,Wednesday
2025-08-18,zee5,977.96,Entertainment,Net Banking,August,2025,8,18,Monday
2025-01-31,property tax online,3803.05,Bills,Debit Card,January,2025,1,31,Friday
2025-07-16,tneb,3307.39,Bills,Net Banking,July,2025,7,16,Wednesday
2025-07-09,oyo,1378.98,Travel,Debit Card,July,2025,7,9,Wednesday
2025-02-27,allen solly,7845.25,Clothing,Net Banking,February,2025,2,27,Thursday
2025-08-14,mcdonalds,1197.28,Food,Debit Card,August,2025,8,14,Thursday
2025-04-14,spotify,809.46,Entertainment,Debit Card,April,2025,4,14,Monday
2025-03-07,samsung store,143383.11,Electronics,UPI,March,2025,3,7,Friday
2025-09-29,gas agency,3933.89,Bills,Debit Card,September,2025,9,29,Monday
2025-04-15,tata cliq,12215.06,Online Shopping,Credit Card,April,2025,4,15,Tuesday
2025-06-11,myntra,7995.66,Online Shopping,Debit Card,June,2025,6,11,Wednesday
2025-08-21,kfc,1206.71,Food,UPI,August,2025,8,21,Thursday
2025-06-07,hotstar,294.94,Entertainment,UPI,June,2025,6,7,Saturday
2025-05-20,wrogn,5342.56,Clothing,Debit Card,May,2025,5,20,Tuesday
2025-03-27,vodafone idea,5570.97,Bills,Credit Card,March,2025,3,27,Thursday
2025-05-27,meru cabs,1371.59,Transport,Debit Card,May,2025,5,27,Tuesday
2025-10-08,ajio,14259.95,Online Shopping,UPI,October,2025,10,8,Wednesday
2025-09-21,sonyliv,715.2,Entertainment,Credit Card,September,2025,9,21,Sunday
2025-12-17,water board,3107.07,Bills,Credit Card,December,2025,12,17,Wednesday
2025-12-26,metro rail,957.15,Transport,UPI,December,2025,12,26,Friday
2025-05-09,1mg,8788.62,Healthcare,Credit Card,May,2025,5,9,Friday
2025-10-04,adidas,1732.18,Clothing,UPI,October,2025,10,4,Saturday
2025-08-12,ajio,2607.62,Online Shopping,Debit Card,August,2025,8,12,Tuesday
2025-07-14,a2b,555.8,Food,Debit Card,July,2025,7,14,Monday
2025-02-24,boat lifestyle,29502.88,Electronics,Net Banking,February,2025,2,24,Monday
2025-10-03,water board,2510.78,Bills,UPI,October,2025,10,3,Friday
2025-01-15,gaana,719.52,Entertainment,Net Banking,January,2025,1,15,Wednesday
2025-10-27,reliance digital,133794.03,Electronics,Net Banking,October,2025,10,27,Monday
2025-10-20,water board,2089.15,Bills,Net Banking,October,2025,10,20,Monday
2025-04-07,starbucks,1224.25,Food,Credit Card,April,2025,4,7,Monday
2025-10-25,nature's basket,757.04,Grocery,Debit Card,October,2025,10,25,Saturday
2025-10-26,max fashion,3305.68,Clothing,Credit Card,October,2025,10,26,Sunday
2025-01-09,booking.com,29587.72,Travel,Debit Card,January,2025,1,9,Thursday
2025-05-24,air india,13708.54,Travel,Credit Card,May,2025,5,24,Saturday
2025-06-07,fortis,18892.5,Healthcare,Net Banking,June,2025,6,7,Saturday
2025-06-19,1mg,11010.08,Healthcare,Debit Card,June,2025,6,19,Thursday
2025-06-16,act fibernet,2191.31,Bills,UPI,June,2025,6,16,Monday
2025-09-13,medplus,5490.71,Healthcare,Debit Card,September,2025,9,13,Saturday
2025-04-06,adidas,5732.41,Clothing,Credit Card,April,2025,4,6,Sunday
2025-01-13,myntra,14567.04,Online Shopping,Debit Card,January,2025,1,13,Monday
2025-10-30,amazon,2942.4,Online Shopping,Credit Card,October,2025,10,30,Thursday
2025-11-16,star bazaar,1089.15,Grocery,UPI,November,2025,11,16,Sunday
2025-09-25,sonyliv,453.61,Entertainment,Debit Card,September,2025,9,25,Thursday
2025-01-18,netflix,290.66,Entertainment,Net Banking,January,2025,1,18,Saturday
2025-03-04,dmart,4553.73,Grocery,UPI,March,2025,3,4,Tuesday
2025-12-11,more supermarket,1744.58,Grocery,UPI,December,2025,12,11,Thursday
2025-05-23,samsung store,94742.08,Electronics,Credit Card,May,2025,5,23,Friday
2025-12-19,subway,438.5,Food,Credit Card,December,2025,12,19,Friday
2025-11-16,subway,887.85,Food,Credit Card,November,2025,11,16,Sunday
2025-01-14,apple store,19100.71,Electronics,Net Banking,January,2025,1,14,Tuesday
2025-11-29,metro rail,96.32,Transport,Credit Card,November,2025,11,29,Saturday
2025-08-03,jio fiber,2059.22,Bills,Credit Card,August,2025,8,3,Sunday
2025-05-31,more supermarket,1693.46,Grocery,Net Banking,May,2025,5,31,Saturday
2025-04-18,paradise biryani,991.26,Food,Debit Card,April,2025,4,18,Friday
2025-08-19,nature's basket,1025.13,Grocery,Debit Card,August,2025,8,19,Tuesday
2025-03-14,nilgiris,2188.11,Grocery,Debit Card,March,2025,3,14,Friday
2025-07-24,spotify,302.55,Entertainment,Debit Card,July,2025,7,24,Thursday
2025-11-16,dell exclusive,130987.84,Electronics,Net Banking,November,2025,11,16,Sunday
2025-08-02,ccd,1119.26,Food,Credit Card,August,2025,8,2,Saturday
2025-10-01,kauvery,15684.14,Healthcare,Credit Card,October,2025,10,1,Wednesday
2025-04-05,nilgiris,448.83,Grocery,UPI,April,2025,4,5,Saturday
2025-06-09,metro rail,1404.44,Transport,UPI,June,2025,6,9,Monday
2025-10-06,yatra,22039.63,Travel,Net Banking,October,2025,10,6,Monday
2025-11-14,medplus,649.9,Healthcare,UPI,November,2025,11,14,Friday
2025-12-07,mcdonalds,914.07,Food,UPI,December,2025,12,7,Sunday
2025-11-30,levis,5470.35,Clothing,Net Banking,November,2025,11,30,Sunday
2025-06-23,sonyliv,871.5,Entertainment,Credit Card,June,2025,6,23,Monday
2025-11-27,kfc,1392.38,Food,Debit Card,November,2025,11,27,Thursday
2025-08-01,yatra,22597.09,Travel,Debit Card,August,2025,8,1,Friday
2025-09-09,sony center,143563.92,Electronics,Credit Card,September,2025,9,9,Tuesday
2025-07-28,makemytrip,7390.41,Travel,UPI,July,2025,7,28,Monday
2025-04-15,pantaloons,2986.52,Clothing,Debit Card,April,2025,4,15,Tuesday
2025-05-14,biba,3885.4,Clothing,Credit Card,May,2025,5,14,Wednesday
2025-08-04,nilgiris,2451.26,Grocery,Debit Card,August,2025,8,4,Monday
2025-05-24,star bazaar,4195.59,Grocery,UPI,May,2025,5,24,Saturday
2025-04-23,reliance fresh,2012.91,Grocery,Debit Card,April,2025,4,23,Wednesday
2025-04-11,starbucks,1326.56,Food,Net Banking,April,2025,4,11,Friday
2025-04-04,airasia,1191.05,Travel,Debit Card,April,2025,4,4,Friday
2025-06-05,asus store,80206.6,Electronics,Net Banking,June,2025,6,5,Thursday
2025-02-14,metro rail,301.95,Transport,Net Banking,February,2025,2,14,Friday
2025-01-06,pantaloons,2578.14,Clothing,Credit Card,January,2025,1,6,Monday
2025-07-14,jiomart,4291.75,Grocery,Credit Card,July,2025,7,14,Monday
2025-03-26,gas agency,4014.34,Bills,UPI,March,2025,3,26,Wednesday
2025-05-21,samsung store,67441.44,Electronics,Debit Card,May,2025,5,21,Wednesday
2025-10-01,tsrtc,1276.02,Transport,Credit Card,October,2025,10,1,Wednesday
2025-04-07,fortis,13381.99,Healthcare,Net Banking,April,2025,4,7,Monday
2025-02-02,puma,3225.3,Clothing,Debit Card,February,2025,2,2,Sunday
2025-10-07,goibibo,15919.14,Travel,UPI,October,2025,10,7,Tuesday
2025-06-15,woodland,5614.75,Clothing,Net Banking,June,2025,6,15,Sunday
2025-04-29,star bazaar,4647.47,Grocery,UPI,April,2025,4,29,Tuesday
2025-05-24,lenskart,14442.25,Online Shopping,Debit Card,May,2025,5,24,Saturday
2025-01-06,tneb,5850.5,Bills,Debit Card,January,2025,1,6,Monday
2025-04-07,tneb,5440.12,Bills,Debit Card,April,2025,4,7,Monday
2025-06-13,yatra,27346.93,Travel,Credit Card,June,2025,6,13,Friday
2025-07-19,pharmeasy,797.84,Healthcare,UPI,July,2025,7,19,Saturday
2025-06-07,us polo,3949.99,Clothing,Debit Card,June,2025,6,7,Saturday
2025-10-20,allen solly,3984.58,Clothing,Net Banking,October,2025,10,20,Monday
2025-08-05,flipkart,535.02,Online Shopping,UPI,August,2025,8,5,Tuesday
2025-08-29,woodland,2453.91,Clothing,Credit Card,August,2025,8,29,Friday
2025-02-27,gas agency,3851.15,Bills,Debit Card,February,2025,2,27,Thursday
2025-03-06,tsrtc,1114.15,Transport,Debit Card,March,2025,3,6,Thursday
2025-08-31,oneplus,128008.08,Electronics,Net Banking,August,2025,8,31,Sunday
2025-02-15,spencers,3113.72,Grocery,Debit Card,February,2025,2,15,Saturday
2025-01-22,allen solly,6414.95,Clothing,Credit Card,January,2025,1,22,Wednesday
2025-03-24,noise,93292.5,Electronics,Net Banking,March,2025,3,24,Monday
2025-02-15,woodland,4527.72,Clothing,Credit Card,February,2025,2,15,Saturday
2025-01-10,barbeque nation,1201.89,Food,Credit Card,January,2025,1,10,Friday
2025-09-11,netflix,375.7,Entertainment,UPI,September,2025,9,11,Thursday
2025-05-01,apple music,914.72,Entertainment,Net Banking,May,2025,5,1,Thursday
2025-06-26,amazon,5070.61,Online Shopping,UPI,June,2025,6,26,Thursday
2025-08-28,ola,910.98,Transport,Debit Card,August,2025,8,28,Thursday
2025-09-16,meru cabs,359.25,Transport,Debit Card,September,2025,9,16,Tuesday
2025-04-18,puma,6214.75,Clothing,UPI,April,2025,4,18,Friday
2025-03-21,youtube premium,806.37,Entertainment,UPI,March,2025,3,21,Friday
2025-08-27,nykaa,11573.7,Online Shopping,UPI,August,2025,8,27,Wednesday
2025-04-14,subway,1405.52,Food,UPI,April,2025,4,14,Monday
2025-09-21,makemytrip,7606.01,Travel,Net Banking,September,2025,9,21,Sunday
2025-02-21,dominos,679.31,Food,Credit Card,February,2025,2,21,Friday
2025-07-02,spencers,2340.75,Grocery,Credit Card,July,2025,7,2,Wednesday
2025-10-10,dmart,789.93,Grocery,UPI,October,2025,10,10,Friday
2025-10-31,pizza hut,552.54,Food,Debit Card,October,2025,10,31,Friday
2025-09-04,h&m,2885.83,Clothing,Credit Card,September,2025,9,4,Thursday
2025-08-21,nature's basket,1690.22,Grocery,Net Banking,August,2025,8,21,Thursday
2025-06-10,amazon prime,650.89,Entertainment,Net Banking,June,2025,6,10,Tuesday
2025-09-18,air india,24299.24,Travel,UPI,September,2025,9,18,Thursday
2025-01-30,flipkart,5517.67,Online Shopping,Debit Card,January,2025,1,30,Thursday
2025-10-17,dmart,2974.81,Grocery,UPI,October,2025,10,17,Friday
2025-01-28,booking.com,16741.49,Travel,Credit Card,January,2025,1,28,Tuesday
2025-06-04,pharmeasy,229.14,Healthcare,Credit Card,June,2025,6,4,Wednesday
2025-12-08,starbucks,360.07,Food,Credit Card,December,2025,12,8,Monday
2025-10-17,mi store,46022.92,Electronics,Credit Card,October,2025,10,17,Friday
2025-10-26,1mg,8552.84,Healthcare,UPI,October,2025,10,26,Sunday
2025-08-24,meru cabs,1917.56,Transport,UPI,August,2025,8,24,Sunday
2025-06-05,asus store,134142.52,Electronics,UPI,June,2025,6,5,Thursday
2025-05-18,nature's basket,2715.73,Grocery,Credit Card,May,2025,5,18,Sunday
2025-05-05,samsung store,106995.32,Electronics,UPI,May,2025,5,5,Monday
2025-08-03,irctc,18389.19,Travel,Credit Card,August,2025,8,3,Sunday
2025-01-02,flipkart,2700.77,Online Shopping,UPI,January,2025,1,2,Thursday
2025-03-18,meesho,5880.05,Online Shopping,Credit Card,March,2025,3,18,Tuesday
2025-11-22,wrogn,7689.12,Clothing,Credit Card,November,2025,11,22,Saturday
2025-12-02,aha,675.36,Entertainment,UPI,December,2025,12,2,Tuesday
2025-08-24,barbeque nation,1136.61,Food,Net Banking,August,2025,8,24,Sunday
2025-04-23,starbucks,939.0,Food,Debit Card,April,2025,4,23,Wednesday
2025-07-24,adidas,4932.53,Clothing,Debit Card,July,2025,7,24,Thursday
2025-03-11,property tax online,633.31,Bills,Net Banking,March,2025,3,11,Tuesday
2025-03-27,water board,710.73,Bills,Debit Card,March,2025,3,27,Thursday
2025-08-09,makemytrip,28281.93,Travel,UPI,August,2025,8,9,Saturday
2025-06-02,tsrtc,945.39,Transport,Debit Card,June,2025,6,2,Monday
2025-02-26,apple music,910.35,Entertainment,Net Banking,February,2025,2,26,Wednesday
2025-06-07,biba,6106.68,Clothing,Debit Card,June,2025,6,7,Saturday
2025-03-11,oneplus,58082.4,Electronics,Net Banking,March,2025,3,11,Tuesday
2025-04-05,wrogn,3495.48,Clothing,UPI,April,2025,4,5,Saturday
2025-12-02,meru cabs,1806.65,Transport,UPI,December,2025,12,2,Tuesday
2025-06-11,meru cabs,642.97,Transport,Debit Card,June,2025,6,11,Wednesday
2025-07-22,kauvery,1333.9,Healthcare,Credit Card,July,2025,7,22,Tuesday
2025-10-21,cloudnine,6178.82,Healthcare,Debit Card,October,2025,10,21,Tuesday
2025-08-21,chai point,1177.39,Food,Debit Card,August,2025,8,21,Thursday
2025-10-27,hp world,68844.26,Electronics,Debit Card,October,2025,10,27,Monday
2025-11-02,tneb,2552.69,Bills,UPI,November,2025,11,2,Sunday
2025-07-05,kauvery,8988.93,Healthcare,UPI,July,2025,7,5,Saturday
2025-07-11,lenskart,10118.68,Online Shopping,UPI,July,2025,7,11,Friday
2025-04-01,dell exclusive,25012.73,Electronics,Credit Card,April,2025,4,1,Tuesday
2025-06-28,tata cliq,6711.09,Online Shopping,Debit Card,June,2025,6,28,Saturday
2025-05-11,nilgiris,3780.41,Grocery,Credit Card,May,2025,5,11,Sunday
2025-03-18,a2b,374.7,Food,Credit Card,March,2025,3,18,Tuesday
2025-04-13,indigo,23052.22,Travel,Debit Card,April,2025,4,13,Sunday
2025-12-03,apple store,27340.64,Electronics,UPI,December,2025,12,3,Wednesday
2025-03-10,nykaa,18138.91,Online Shopping,Credit Card,March,2025,3,10,Monday
2025-09-20,yulu bikes,1748.52,Transport,Credit Card,September,2025,9,20,Saturday
2025-05-25,yatra,22270.37,Travel,UPI,May,2025,5,25,Sunday
2025-12-29,redbus,1498.38,Transport,Debit Card,December,2025,12,29,Monday
2025-02-13,dominos,146.93,Food,Debit Card,February,2025,2,13,Thursday
2025-08-06,amazon,11031.92,Online Shopping,UPI,August,2025,8,6,Wednesday
2025-07-20,metro rail,1750.08,Transport,UPI,July,2025,7,20,Sunday
2025-06-28,irctc,11354.25,Travel,Credit Card,June,2025,6,28,Saturday
2025-02-17,gas agency,540.24,Bills,Net Banking,February,2025,2,17,Monday
2025-06-11,vodafone idea,3798.85,Bills,Credit Card,June,2025,6,11,Wednesday
2025-02-21,reliance fresh,3047.69,Grocery,UPI,February,2025,2,21,Friday
2025-01-04,irctc,28350.99,Travel,Debit Card,January,2025,1,4,Saturday
2025-10-22,yulu bikes,1974.27,Transport,Credit Card,October,2025,10,22,Wednesday
2025-08-25,irctc,19840.12,Travel,Net Banking,August,2025,8,25,Monday
2025-03-05,aha,197.28,Entertainment,Debit Card,March,2025,3,5,Wednesday
2025-09-21,starbucks,333.7,Food,Debit Card,September,2025,9,21,Sunday
2025-08-21,bsnl,4121.98,Bills,Credit Card,August,2025,8,21,Thursday
2025-03-27,spencers,3878.79,Grocery,Net Banking,March,2025,3,27,Thursday
2025-11-18,levis,4822.19,Clothing,UPI,November,2025,11,18,Tuesday
2025-01-27,myntra,9511.15,Online Shopping,Net Banking,January,2025,1,27,Monday
2025-01-16,ccd,719.32,Food,Net Banking,January,2025,1,16,Thursday
2025-12-08,dmart,3770.63,Grocery,Debit Card,December,2025,12,8,Monday
2025-01-14,medplus,14126.09,Healthcare,Net Banking,January,2025,1,14,Tuesday
2025-06-30,kfc,681.2,Food,Debit Card,June,2025,6,30,Monday
2025-12-24,aster,18005.06,Healthcare,Credit Card,December,2025,12,24,Wednesday
2025-03-08,amazon prime,907.98,Entertainment,Debit Card,March,2025,3,8,Saturday
2025-08-18,air india,29177.25,Travel,Debit Card,August,2025,8,18,Monday
2025-05-26,airtel,5028.51,Bills,Credit Card,May,2025,5,26,Monday
2025-05-17,tneb,389.29,Bills,Credit Card,May,2025,5,17,Saturday
2025-08-12,dominos,1471.88,Food,UPI,August,2025,8,12,Tuesday
2025-11-05,flipkart,1155.26,Online Shopping,UPI,November,2025,11,5,Wednesday
2025-01-31,tneb,3894.81,Bills,Net Banking,January,2025,1,31,Friday
2025-09-10,max fashion,5006.05,Clothing,Debit Card,September,2025,9,10,Wednesday
2025-02-03,wrogn,3060.63,Clothing,UPI,February,2025,2,3,Monday
2025-03-18,spotify,667.84,Entertainment,Net Banking,March,2025,3,18,Tuesday
2025-03-01,kfc,1453.89,Food,Credit Card,March,2025,3,1,Saturday
2025-10-04,levis,2647.99,Clothing,UPI,October,2025,10,4,Saturday
2025-04-24,mi store,32642.55,Electronics,Credit Card,April,2025,4,24,Thursday
2025-10-19,meesho,8840.19,Online Shopping,UPI,October,2025,10,19,Sunday
2025-07-05,us polo,634.33,Clothing,UPI,July,2025,7,5,Saturday
2025-07-08,mi store,84100.33,Electronics,Credit Card,July,2025,7,8,Tuesday
2025-11-17,spencers,4701.55,Grocery,Net Banking,November,2025,11,17,Monday
2025-10-23,airtel,2757.01,Bills,UPI,October,2025,10,23,Thursday
2025-08-11,youtube premium,729.35,Entertainment,Debit Card,August,2025,8,11,Monday
2025-11-24,yatra,6475.69,Travel,Debit Card,November,2025,11,24,Monday
2025-12-26,zara,2314.36,Clothing,Net Banking,December,2025,12,26,Friday
2025-12-18,us polo,1069.36,Clothing,Net Banking,December,2025,12,18,Thursday
2025-03-31,samsung store,115051.31,Electronics,Net Banking,March,2025,3,31,Monday
2025-10-19,netflix,710.9,Entertainment,Net Banking,October,2025,10,19,Sunday
2025-08-14,meru cabs,1256.77,Transport,Debit Card,August,2025,8,14,Thursday
2025-08-25,amazon prime,270.14,Entertainment,Credit Card,August,2025,8,25,Monday
2025-03-01,sonyliv,324.25,Entertainment,Debit Card,March,2025,3,1,Saturday
2025-05-22,property tax online,1926.59,Bills,UPI,May,2025,5,22,Thursday
2025-10-03,a2b,1360.7,Food,Credit Card,October,2025,10,3,Friday
2025-12-02,goibibo,3926.27,Travel,Debit Card,December,2025,12,2,Tuesday
2025-11-12,sonyliv,965.61,Entertainment,Net Banking,November,2025,11,12,Wednesday
2025-07-29,tata cliq,17164.71,Online Shopping,Credit Card,July,2025,7,29,Tuesday
2025-02-25,netmeds,10578.04,Healthcare,Debit Card,February,2025,2,25,Tuesday
2025-12-18,spencers,3079.5,Grocery,Credit Card,December,2025,12,18,Thursday
2025-04-25,indigo,11245.17,Travel,Net Banking,April,2025,4,25,Friday
2025-08-15,cloudnine,17382.36,Healthcare,Net Banking,August,2025,8,15,Friday
2025-01-16,aster,9510.22,Healthcare,UPI,January,2025,1,16,Thursday
2025-12-12,youtube premium,228.77,Entertainment,Net Banking,December,2025,12,12,Friday
2025-01-23,apple music,775.37,Entertainment,Credit Card,January,2025,1,23,Thursday
2025-12-05,netflix,717.03,Entertainment,Debit Card,December,2025,12,5,Friday
2025-01-23,burger king,332.59,Food,Debit Card,January,2025,1,23,Thursday
2025-09-10,mi store,39680.65,Electronics,Debit Card,September,2025,9,10,Wednesday
2025-09-12,ola,959.78,Transport,UPI,September,2025,9,12,Friday
2025-07-30,irctc,29448.66,Travel,Net Banking,July,2025,7,30,Wednesday
2025-04-27,hotstar,432.17,Entertainment,UPI,April,2025,4,27,Sunday
2025-09-17,goibibo,5688.19,Travel,UPI,September,2025,9,17,Wednesday
2025-10-31,oyo,8063.28,Travel,Net Banking,October,2025,10,31,Friday
2025-09-17,spencers,3845.15,Grocery,Net Banking,September,2025,9,17,Wednesday
2025-07-06,spotify,149.28,Entertainment,Debit Card,July,2025,7,6,Sunday
2025-10-25,dmart,1961.44,Grocery,Debit Card,October,2025,10,25,Saturday
2025-03-14,meesho,1350.33,Online Shopping,Net Banking,March,2025,3,14,Friday
2025-10-23,wrogn,3961.5,Clothing,UPI,October,2025,10,23,Thursday
2025-07-28,meesho,8231.37,Online Shopping,Debit Card,July,2025,7,28,Monday
2025-08-31,cloudnine,1720.28,Healthcare,UPI,August,2025,8,31,Sunday
2025-09-16,nike,4376.28,Clothing,Debit Card,September,2025,9,16,Tuesday
2025-09-24,apollo pharmacy,6110.39,Healthcare,Credit Card,September,2025,9,24,Wednesday
2025-09-20,yatra,17524.48,Travel,Credit Card,September,2025,9,20,Saturday
2025-01-29,hotstar,975.63,Entertainment,Debit Card,January,2025,1,29,Wednesday
2025-08-29,vivo store,129057.63,Electronics,Debit Card,August,2025,8,29,Friday
2025-12-10,jiomart,3214.13,Grocery,UPI,December,2025,12,10,Wednesday
2025-05-31,jio fiber,1341.42,Bills,Debit Card,May,2025,5,31,Saturday
2025-05-31,aha,582.85,Entertainment,UPI,May,2025,5,31,Saturday
2025-05-16,tata cliq,10241.62,Online Shopping,Debit Card,May,2025,5,16,Friday
2025-09-17,act fibernet,5937.1,Bills,Net Banking,September,2025,9,17,Wednesday
2025-04-21,tneb,395.48,Bills,Net Banking,April,2025,4,21,Monday
2025-09-26,pharmeasy,12788.2,Healthcare,Debit Card,September,2025,9,26,Friday
2025-09-30,boat lifestyle,103042.08,Electronics,Credit Card,September,2025,9,30,Tuesday
2025-03-15,indigo,4589.48,Travel,UPI,March,2025,3,15,Saturday
2025-07-05,airasia,13126.58,Travel,UPI,July,2025,7,5,Saturday
2025-10-07,hotstar,435.39,Entertainment,Debit Card,October,2025,10,7,Tuesday
2025-04-04,kfc,1239.27,Food,UPI,April,2025,4,4,Friday
2025-10-30,yulu bikes,1501.93,Transport,Credit Card,October,2025,10,30,Thursday
2025-11-25,youtube premium,287.73,Entertainment,Net Banking,November,2025,11,25,Tuesday
2025-09-23,woodland,7348.22,Clothing,UPI,September,2025,9,23,Tuesday
2025-02-18,spotify,944.8,Entertainment,Net Banking,February,2025,2,18,Tuesday
2025-12-12,spotify,902.01,Entertainment,UPI,December,2025,12,12,Friday
2025-03-28,act fibernet,2149.04,Bills,Debit Card,March,2025,3,28,Friday
2025-12-17,netflix,615.11,Entertainment,UPI,December,2025,12,17,Wednesday
2025-10-11,nike,2201.56,Clothing,Net Banking,October,2025,10,11,Saturday
2025-12-12,biba,4672.94,Clothing,Credit Card,December,2025,12,12,Friday
2025-06-07,zara,3617.71,Clothing,Net Banking,June,2025,6,7,Saturday
2025-08-02,gas agency,1449.93,Bills,Credit Card,August,2025,8,2,Saturday
2025-08-03,vistara,27349.37,Travel,Credit Card,August,2025,8,3,Sunday
2025-11-05,bsnl,4550.01,Bills,UPI,November,2025,11,5,Wednesday
2025-10-07,rapido,722.9,Transport,UPI,October,2025,10,7,Tuesday
2025-08-22,biba,4391.2,Clothing,Credit Card,August,2025,8,22,Friday
2025-06-13,netmeds,8358.76,Healthcare,Credit Card,June,2025,6,13,Friday
2025-10-01,metro rail,338.36,Transport,Credit Card,October,2025,10,1,Wednesday
2025-10-25,samsung store,33026.19,Electronics,Net Banking,October,2025,10,25,Saturday
2025-06-26,airtel,3841.65,Bills,Debit Card,June,2025,6,26,Thursday
2025-11-24,nilgiris,336.38,Grocery,UPI,November,2025,11,24,Monday
2025-06-30,redbus,1825.58,Transport,Debit Card,June,2025,6,30,Monday
2025-02-03,myntra,13487.56,Online Shopping,Credit Card,February,2025,2,3,Monday
2025-10-03,gas agency,2273.43,Bills,Net Banking,October,2025,10,3,Friday
2025-07-18,pantaloons,5245.47,Clothing,Credit Card,July,2025,7,18,Friday
2025-01-28,hp world,60784.59,Electronics,Net Banking,January,2025,1,28,Tuesday
2025-08-24,dominos,851.16,Food,Net Banking,August,2025,8,24,Sunday
2025-10-23,dell exclusive,19012.14,Electronics,Credit Card,October,2025,10,23,Thursday
2025-10-07,subway,972.26,Food,Net Banking,October,2025,10,7,Tuesday
2025-01-24,jio fiber,5108.85,Bills,UPI,January,2025,1,24,Friday
2025-08-08,tneb,2419.65,Bills,Credit Card,August,2025,8,8,Friday
2025-06-27,spencers,698.55,Grocery,Debit Card,June,2025,6,27,Friday
2025-09-23,reliance fresh,4398.84,Grocery,Debit Card,September,2025,9,23,Tuesday
2025-04-15,nilgiris,1765.01,Grocery,Debit Card,April,2025,4,15,Tuesday
2025-09-01,nature's basket,4970.44,Grocery,Net Banking,September,2025,9,1,Monday
2025-01-10,noise,112052.2,Electronics,Credit Card,January,2025,1,10,Friday
2025-02-26,dominos,864.84,Food,Debit Card,February,2025,2,26,Wednesday
2025-04-16,spencers,1317.12,Grocery,UPI,April,2025,4,16,Wednesday
2025-05-19,yulu bikes,1117.57,Transport,Credit Card,May,2025,5,19,Monday
2025-01-24,apollo pharmacy,15289.83,Healthcare,Net Banking,January,2025,1,24,Friday
2025-05-23,wrogn,2117.36,Clothing,Net Banking,May,2025,5,23,Friday
2025-09-17,vodafone idea,714.19,Bills,Credit Card,September,2025,9,17,Wednesday
2025-03-24,apollo pharmacy,455.8,Healthcare,Net Banking,March,2025,3,24,Monday
2025-07-23,property tax online,5484.78,Bills,Debit Card,July,2025,7,23,Wednesday
2025-03-04,vistara,22779.58,Travel,Debit Card,March,2025,3,4,Tuesday
2025-04-10,taco bell,620.26,Food,Net Banking,April,2025,4,10,Thursday
2025-03-13,act fibernet,724.43,Bills,Net Banking,March,2025,3,13,Thursday
2025-05-26,vodafone idea,4582.77,Bills,Net Banking,May,2025,5,26,Monday
2025-10-18,flipkart,17597.98,Online Shopping,UPI,October,2025,10,18,Saturday
2025-11-05,samsung store,137661.78,Electronics,Credit Card,November,2025,11,5,Wednesday
2025-08-06,ajio,19766.53,Online Shopping,Debit Card,August,2025,8,6,Wednesday
2025-02-02,water board,2161.36,Bills,Net Banking,February,2025,2,2,Sunday
2025-09-18,hotstar,574.87,Entertainment,Net Banking,September,2025,9,18,Thursday
2025-07-20,vivo store,84277.41,Electronics,UPI,July,2025,7,20,Sunday
2025-05-22,hotstar,606.25,Entertainment,Net Banking,May,2025,5,22,Thursday
2025-02-22,spotify,791.64,Entertainment,UPI,February,2025,2,22,Saturday
2025-05-03,us polo,6101.45,Clothing,Net Banking,May,2025,5,3,Saturday
2025-07-17,dmart,3683.41,Grocery,Net Banking,July,2025,7,17,Thursday
2025-01-26,cloudnine,18704.37,Healthcare,UPI,January,2025,1,26,Sunday
2025-01-27,nilgiris,4899.85,Grocery,Net Banking,January,2025,1,27,Monday
2025-02-03,ccd,555.19,Food,UPI,February,2025,2,3,Monday
2025-08-03,zee5,675.56,Entertainment,Credit Card,August,2025,8,3,Sunday
2025-05-19,vivo store,12497.14,Electronics,Net Banking,May,2025,5,19,Monday
2025-09-29,adidas,6948.77,Clothing,Debit Card,September,2025,9,29,Monday
2025-07-16,snapdeal,8871.77,Online Shopping,Debit Card,July,2025,7,16,Wednesday
2025-09-28,hp world,121885.3,Electronics,Debit Card,September,2025,9,28,Sunday
2025-07-22,ccd,151.77,Food,Net Banking,July,2025,7,22,Tuesday
2025-03-12,apple music,915.86,Entertainment,Debit Card,March,2025,3,12,Wednesday
2025-11-13,air india,15201.23,Travel,Credit Card,November,2025,11,13,Thursday
2025-03-31,vivo store,10149.01,Electronics,Net Banking,March,2025,3,31,Monday
2025-12-26,starbucks,601.61,Food,UPI,December,2025,12,26,Friday
2025-04-25,noise,51474.25,Electronics,Credit Card,April,2025,4,25,Friday
2025-05-02,ola,562.72,Transport,Credit Card,May,2025,5,2,Friday
2025-03-06,apollo hospital,6827.11,Healthcare,Credit Card,March,2025,3,6,Thursday
2025-11-24,medplus,13075.5,Healthcare,Debit Card,November,2025,11,24,Monday
2025-02-05,jiomart,3448.32,Grocery,Credit Card,February,2025,2,5,Wednesday
2025-04-11,myntra,358.23,Online Shopping,Debit Card,April,2025,4,11,Friday
2025-12-28,bigbazaar,2065.26,Grocery,Net Banking,December,2025,12,28,Sunday
2025-09-24,bmtc,1374.45,Transport,Debit Card,September,2025,9,24,Wednesday
2025-09-12,medplus,16308.95,Healthcare,UPI,September,2025,9,12,Friday
2025-07-30,yulu bikes,1971.0,Transport,Credit Card,July,2025,7,30,Wednesday
2025-09-20,nykaa,5203.4,Online Shopping,Net Banking,September,2025,9,20,Saturday
2025-05-14,gaana,395.18,Entertainment,Net Banking,May,2025,5,14,Wednesday
2025-04-28,myntra,10041.72,Online Shopping,Net Banking,April,2025,4,28,Monday
2025-03-06,more supermarket,384.81,Grocery,Net Banking,March,2025,3,6,Thursday
2025-05-05,netmeds,15761.07,Healthcare,Net Banking,May,2025,5,5,Monday
2025-09-01,apple music,389.41,Entertainment,Debit Card,September,2025,9,1,Monday
2025-03-04,water board,1886.78,Bills,UPI,March,2025,3,4,Tuesday
2025-09-12,us polo,5342.4,Clothing,Credit Card,September,2025,9,12,Friday
2025-06-06,myntra,6454.94,Online Shopping,Net Banking,June,2025,6,6,Friday
2025-12-04,apollo pharmacy,12884.95,Healthcare,Net Banking,December,2025,12,4,Thursday
2025-11-14,fortis,3157.72,Healthcare,Debit Card,November,2025,11,14,Friday
2025-12-23,sony center,55959.46,Electronics,Credit Card,December,2025,12,23,Tuesday
2025-07-26,cloudnine,16048.63,Healthcare,Debit Card,July,2025,7,26,Saturday
2025-12-01,aha,255.9,Entertainment,UPI,December,2025,12,1,Monday
2025-11-06,puma,6537.36,Clothing,Credit Card,November,2025,11,6,Thursday
2025-07-21,amazon,4345.86,Online Shopping,UPI,July,2025,7,21,Monday
2025-03-22,jiomart,4704.47,Grocery,UPI,March,2025,3,22,Saturday
2025-03-18,hotstar,891.72,Entertainment,Debit Card,March,2025,3,18,Tuesday
2025-12-29,reliance fresh,1170.13,Grocery,Credit Card,December,2025,12,29,Monday
2025-06-18,gas agency,2624.2,Bills,UPI,June,2025,6,18,Wednesday
2025-10-21,oyo,9808.12,Travel,Net Banking,October,2025,10,21,Tuesday
2025-02-20,bsnl,5969.56,Bills,Net Banking,February,2025,2,20,Thursday
2025-04-11,aster,6936.53,Healthcare,Debit Card,April,2025,4,11,Friday
2025-09-12,reliance fresh,2331.48,Grocery,Debit Card,September,2025,9,12,Friday
2025-12-23,metro rail,1084.62,Transport,Debit Card,December,2025,12,23,Tuesday
2025-05-16,tsrtc,421.0,Transport,UPI,May,2025,5,16,Friday
2025-02-13,1mg,6211.7,Healthcare,Credit Card,February,2025,2,13,Thursday
2025-05-27,aha,438.54,Entertainment,Net Banking,May,2025,5,27,Tuesday
2025-01-31,kauvery,18518.93,Healthcare,Net Banking,January,2025,1,31,Friday
2025-10-27,yatra,22236.88,Travel,Credit Card,October,2025,10,27,Monday
2025-02-09,cloudnine,11084.01,Healthcare,UPI,February,2025,2,9,Sunday
2025-09-10,levis,7890.44,Clothing,Credit Card,September,2025,9,10,Wednesday
2025-09-21,1mg,17974.06,Healthcare,Credit Card,September,2025,9,21,Sunday
2025-01-04,h&m,1759.47,Clothing,UPI,January,2025,1,4,Saturday
2025-11-12,apple store,93216.76,Electronics,Debit Card,November,2025,11,12,Wednesday
2025-06-15,more supermarket,3731.28,Grocery,Credit Card,June,2025,6,15,Sunday
2025-10-26,pepperfry,15439.66,Online Shopping,Net Banking,October,2025,10,26,Sunday
2025-10-16,booking.com,19166.64,Travel,Credit Card,October,2025,10,16,Thursday
2025-09-20,saravana bhavan,1132.0,Food,Debit Card,September,2025,9,20,Saturday
2025-12-07,lenskart,3927.65,Online Shopping,Credit Card,December,2025,12,7,Sunday
2025-01-08,aha,813.43,Entertainment,Net Banking,January,2025,1,8,Wednesday
2025-05-29,yatra,28348.36,Travel,UPI,May,2025,5,29,Thursday
2025-04-17,netflix,327.28,Entertainment,Credit Card,April,2025,4,17,Thursday
2025-02-18,dell exclusive,90004.42,Electronics,Net Banking,February,2025,2,18,Tuesday
2025-10-22,myntra,10841.03,Online Shopping,Credit Card,October,2025,10,22,Wednesday
2025-01-03,gas agency,4214.64,Bills,UPI,January,2025,1,3,Friday
2025-08-03,pharmeasy,17942.78,Healthcare,Credit Card,August,2025,8,3,Sunday
2025-12-31,property tax online,5647.02,Bills,Credit Card,December,2025,12,31,Wednesday
2025-04-07,aster,16610.19,Healthcare,UPI,April,2025,4,7,Monday
2025-12-28,dmart,738.25,Grocery,Net Banking,December,2025,12,28,Sunday
2025-07-16,bigbazaar,4937.79,Grocery,Net Banking,July,2025,7,16,Wednesday
2025-09-09,apple music,455.14,Entertainment,UPI,September,2025,9,9,Tuesday
2025-02-23,h&m,1597.91,Clothing,Net Banking,February,2025,2,23,Sunday
2025-08-27,tata cliq,17249.87,Online Shopping,Credit Card,August,2025,8,27,Wednesday
2025-11-29,youtube premium,821.11,Entertainment,Debit Card,November,2025,11,29,Saturday
2025-12-09,dominos,1206.95,Food,Debit Card,December,2025,12,9,Tuesday
2025-10-03,netmeds,14141.76,Healthcare,Credit Card,October,2025,10,3,Friday
2025-05-08,bmtc,583.96,Transport,Debit Card,May,2025,5,8,Thursday
2025-09-09,oneplus,6165.73,Electronics,Credit Card,September,2025,9,9,Tuesday
2025-06-16,saravana bhavan,921.11,Food,Credit Card,June,2025,6,16,Monday
2025-03-15,meru cabs,1792.86,Transport,Credit Card,March,2025,3,15,Saturday
2025-12-07,aster,4771.37,Healthcare,Net Banking,December,2025,12,7,Sunday
2025-08-26,oneplus,134559.88,Electronics,Debit Card,August,2025,8,26,Tuesday
2025-09-25,redbus,1782.49,Transport,Debit Card,September,2025,9,25,Thursday
2025-12-25,cloudnine,204.82,Healthcare,Net Banking,December,2025,12,25,Thursday
2025-12-11,lenskart,4084.06,Online Shopping,UPI,December,2025,12,11,Thursday
2025-09-15,cream stone,498.23,Food,UPI,September,2025,9,15,Monday
2025-12-09,air india,1354.0,Travel,UPI,December,2025,12,9,Tuesday
2025-12-10,hp world,61703.51,Electronics,Net Banking,December,2025,12,10,Wednesday
2025-06-11,booking.com,6719.84,Travel,Debit Card,June,2025,6,11,Wednesday
2025-03-27,indigo,25222.45,Travel,UPI,March,2025,3,27,Thursday
2025-11-17,wrogn,6432.09,Clothing,Credit Card,November,2025,11,17,Monday
2025-06-06,a2b,1154.79,Food,Debit Card,June,2025,6,6,Friday
2025-07-02,bigbazaar,2263.64,Grocery,Net Banking,July,2025,7,2,Wednesday
2025-12-27,adidas,2272.17,Clothing,Net Banking,December,2025,12,27,Saturday
2025-09-10,spotify,143.72,Entertainment,Credit Card,September,2025,9,10,Wednesday
2025-03-17,reliance fresh,470.23,Grocery,Debit Card,March,2025,3,17,Monday
2025-08-02,aster,3569.73,Healthcare,Net Banking,August,2025,8,2,Saturday
2025-02-01,adidas,6630.05,Clothing,Debit Card,February,2025,2,1,Saturday
2025-10-18,levis,3065.2,Clothing,Net Banking,October,2025,10,18,Saturday
2025-05-26,vodafone idea,3436.67,Bills,Credit Card,May,2025,5,26,Monday
2025-08-28,vistara,8413.62,Travel,Net Banking,August,2025,8,28,Thursday
2025-11-16,more supermarket,1561.63,Grocery,UPI,November,2025,11,16,Sunday
2025-02-13,zee5,820.47,Entertainment,Net Banking,February,2025,2,13,Thursday
2025-02-06,water board,4971.27,Bills,Net Banking,February,2025,2,6,Thursday
2025-12-18,subway,1372.59,Food,Net Banking,December,2025,12,18,Thursday
2025-08-31,flipkart,2831.57,Online Shopping,Debit Card,August,2025,8,31,Sunday
2025-05-06,vodafone idea,5916.5,Bills,UPI,May,2025,5,6,Tuesday
2025-10-27,yulu bikes,1958.98,Transport,Debit Card,October,2025,10,27,Monday
2025-03-19,spencers,4237.61,Grocery,Credit Card,March,2025,3,19,Wednesday
2025-03-24,kauvery,5605.01,Healthcare,Credit Card,March,2025,3,24,Monday
2025-01-23,apollo pharmacy,7142.88,Healthcare,Debit Card,January,2025,1,23,Thursday
2025-10-18,nykaa,5413.49,Online Shopping,Net Banking,October,2025,10,18,Saturday
2025-01-30,irctc,25691.09,Travel,Debit Card,January,2025,1,30,Thursday
2025-09-19,yatra,5651.49,Travel,Credit Card,September,2025,9,19,Friday
2025-07-01,reliance digital,145154.61,Electronics,Credit Card,July,2025,7,1,Tuesday
2025-09-21,us polo,7777.67,Clothing,UPI,September,2025,9,21,Sunday
2025-03-31,barbeque nation,710.62,Food,Credit Card,March,2025,3,31,Monday
2025-09-23,tsrtc,1378.37,Transport,Net Banking,September,2025,9,23,Tuesday
2025-07-11,burger king,706.15,Food,UPI,July,2025,7,11,Friday
2025-10-05,airasia,20048.06,Travel,UPI,October,2025,10,5,Sunday
2025-07-01,uber,408.46,Transport,Net Banking,July,2025,7,1,Tuesday
2025-02-09,netmeds,16471.19,Healthcare,UPI,February,2025,2,9,Sunday
2025-06-22,nykaa,3101.85,Online Shopping,UPI,June,2025,6,22,Sunday
2025-05-10,rapido,1550.44,Transport,Debit Card,May,2025,5,10,Saturday
2025-09-22,vivo store,28781.82,Electronics,UPI,September,2025,9,22,Monday
2025-09-02,vivo store,60555.74,Electronics,Credit Card,September,2025,9,2,Tuesday
2025-01-16,pantaloons,5660.21,Clothing,UPI,January,2025,1,16,Thursday
2025-05-02,tneb,1267.58,Bills,Debit Card,May,2025,5,2,Friday
2025-12-06,asus store,98067.54,Electronics,UPI,December,2025,12,6,Saturday
2025-09-26,jiomart,1664.95,Grocery,Net Banking,September,2025,9,26,Friday
2025-01-07,a2b,1100.17,Food,Credit Card,January,2025,1,7,Tuesday
2025-12-30,apollo pharmacy,19710.87,Healthcare,Credit Card,December,2025,12,30,Tuesday
2025-10-31,us polo,6780.32,Clothing,Debit Card,October,2025,10,31,Friday
2025-08-29,jiomart,234.85,Grocery,Debit Card,August,2025,8,29,Friday
2025-06-13,air india,8244.95,Travel,Credit Card,June,2025,6,13,Friday
2025-02-15,bmtc,1079.33,Transport,UPI,February,2025,2,15,Saturday
2025-07-26,bmtc,1967.36,Transport,Net Banking,July,2025,7,26,Saturday
2025-09-23,boat lifestyle,23836.79,Electronics,Debit Card,September,2025,9,23,Tuesday
2025-06-19,star bazaar,630.24,Grocery,Credit Card,June,2025,6,19,Thursday
2025-05-16,snapdeal,3847.17,Online Shopping,UPI,May,2025,5,16,Friday
2025-03-08,vodafone idea,4301.2,Bills,Credit Card,March,2025,3,8,Saturday
2025-10-28,tsrtc,1888.28,Transport,UPI,October,2025,10,28,Tuesday
2025-08-07,redbus,902.34,Transport,Net Banking,August,2025,8,7,Thursday
2025-10-31,adidas,918.35,Clothing,UPI,October,2025,10,31,Friday
2025-07-06,uber,1261.43,Transport,Net Banking,July,2025,7,6,Sunday
2025-02-02,wrogn,7851.53,Clothing,Net Banking,February,2025,2,2,Sunday
2025-02-10,indigo,6578.52,Travel,Debit Card,February,2025,2,10,Monday
2025-08-08,cloudnine,3056.02,Healthcare,Debit Card,August,2025,8,8,Friday
2025-03-09,fortis,15705.09,Healthcare,UPI,March,2025,3,9,Sunday
2025-03-07,tneb,1537.11,Bills,Credit Card,March,2025,3,7,Friday
2025-05-05,us polo,3035.4,Clothing,Net Banking,May,2025,5,5,Monday
2025-07-25,irctc,25951.36,Travel,Credit Card,July,2025,7,25,Friday
2025-03-25,yulu bikes,1944.14,Transport,UPI,March,2025,3,25,Tuesday
2025-06-03,saravana bhavan,202.53,Food,UPI,June,2025,6,3,Tuesday
2025-06-27,rapido,635.27,Transport,Debit Card,June,2025,6,27,Friday
2025-08-16,uber,1730.7,Transport,Net Banking,August,2025,8,16,Saturday
2025-12-30,airasia,23907.58,Travel,UPI,December,2025,12,30,Tuesday
2025-04-26,booking.com,7881.71,Travel,UPI,April,2025,4,26,Saturday
2025-12-04,boat lifestyle,5188.31,Electronics,Net Banking,December,2025,12,4,Thursday
2025-09-12,pepperfry,10015.24,Online Shopping,Net Banking,September,2025,9,12,Friday
2025-04-16,pharmeasy,11542.52,Healthcare,Debit Card,April,2025,4,16,Wednesday
2025-05-24,ajio,14997.18,Online Shopping,Net Banking,May,2025,5,24,Saturday
2025-08-23,gas agency,3791.39,Bills,Debit Card,August,2025,8,23,Saturday
2025-06-08,netflix,181.82,Entertainment,UPI,June,2025,6,8,Sunday
2025-02-12,dell exclusive,93964.84,Electronics,UPI,February,2025,2,12,Wednesday
2025-02-28,metro rail,500.84,Transport,Credit Card,February,2025,2,28,Friday
2025-10-17,mcdonalds,1138.95,Food,Debit Card,October,2025,10,17,Friday
2025-01-21,spencers,2149.39,Grocery,Net Banking,January,2025,1,21,Tuesday
2025-05-08,bigbazaar,559.4,Grocery,Debit Card,May,2025,5,8,Thursday
2025-02-06,apollo hospital,18029.64,Healthcare,Net Banking,February,2025,2,6,Thursday
2025-04-08,meesho,2882.7,Online Shopping,Credit Card,April,2025,4,8,Tuesday
2025-10-22,subway,1388.78,Food,Credit Card,October,2025,10,22,Wednesday
2025-03-26,spencers,4380.87,Grocery,Debit Card,March,2025,3,26,Wednesday
2025-01-24,lenskart,12185.49,Online Shopping,Net Banking,January,2025,1,24,Friday
2025-03-16,wrogn,5812.05,Clothing,Credit Card,March,2025,3,16,Sunday
2025-11-08,reliance digital,134237.14,Electronics,Credit Card,November,2025,11,8,Saturday
2025-03-17,vivo store,118813.93,Electronics,Credit Card,March,2025,3,17,Monday
2025-08-20,apollo hospital,11873.23,Healthcare,Debit Card,August,2025,8,20,Wednesday
2025-11-13,fortis,9419.57,Healthcare,Net Banking,November,2025,11,13,Thursday
2025-02-09,reliance digital,111656.5,Electronics,Net Banking,February,2025,2,9,Sunday
2025-06-29,oyo,2463.55,Travel,Debit Card,June,2025,6,29,Sunday
2025-12-12,air india,8145.84,Travel,Credit Card,December,2025,12,12,Friday
2025-10-06,lenskart,3700.12,Online Shopping,Credit Card,October,2025,10,6,Monday
2025-05-02,us polo,1169.4,Clothing,UPI,May,2025,5,2,Friday
2025-03-04,apple music,915.83,Entertainment,Credit Card,March,2025,3,4,Tuesday
2025-07-08,fortis,17855.46,Healthcare,Credit Card,July,2025,7,8,Tuesday
2025-01-11,irctc,20708.49,Travel,Net Banking,January,2025,1,11,Saturday
2025-05-12,wrogn,7326.9,Clothing,Credit Card,May,2025,5,12,Monday
2025-08-27,asus store,113397.91,Electronics,Net Banking,August,2025,8,27,Wednesday
2025-11-13,asus store,64662.26,Electronics,Debit Card,November,2025,11,13,Thursday
2025-06-17,levis,4318.17,Clothing,Debit Card,June,2025,6,17,Tuesday
2025-07-16,metro rail,296.09,Transport,Net Banking,July,2025,7,16,Wednesday
2025-07-22,metro rail,731.96,Transport,Net Banking,July,2025,7,22,Tuesday
2025-01-14,starbucks,911.22,Food,Credit Card,January,2025,1,14,Tuesday
2025-04-25,cloudnine,2732.77,Healthcare,Debit Card,April,2025,4,25,Friday
2025-08-28,sony center,124338.93,Electronics,Net Banking,August,2025,8,28,Thursday
2025-12-12,fortis,18743.14,Healthcare,UPI,December,2025,12,12,Friday
2025-01-11,airasia,14884.4,Travel,Net Banking,January,2025,1,11,Saturday
2025-03-23,us polo,7972.54,Clothing,Debit Card,March,2025,3,23,Sunday
2025-05-25,lenskart,19998.58,Online Shopping,Credit Card,May,2025,5,25,Sunday
2025-07-14,irctc,6151.16,Travel,Net Banking,July,2025,7,14,Monday
2025-02-20,amazon prime,972.35,Entertainment,Credit Card,February,2025,2,20,Thursday
2025-03-23,medplus,19507.27,Healthcare,Credit Card,March,2025,3,23,Sunday
2025-05-27,hotstar,169.06,Entertainment,Net Banking,May,2025,5,27,Tuesday
2025-05-30,kfc,475.37,Food,UPI,May,2025,5,30,Friday
2025-12-19,puma,1823.94,Clothing,UPI,December,2025,12,19,Friday
2025-05-06,h&m,6038.05,Clothing,Debit Card,May,2025,5,6,Tuesday
2025-08-02,rapido,330.81,Transport,Credit Card,August,2025,8,2,Saturday
2025-03-14,property tax online,3602.04,Bills,Credit Card,March,2025,3,14,Friday
2025-06-02,nykaa,14741.2,Online Shopping,Net Banking,June,2025,6,2,Monday
2025-06-01,airasia,20685.12,Travel,Net Banking,June,2025,6,1,Sunday
2025-02-18,flipkart,5469.17,Online Shopping,Credit Card,February,2025,2,18,Tuesday
2025-02-23,spencers,4069.94,Grocery,UPI,February,2025,2,23,Sunday
2025-04-27,meru cabs,1558.49,Transport,Credit Card,April,2025,4,27,Sunday
2025-11-11,nike,2669.31,Clothing,Net Banking,November,2025,11,11,Tuesday
2025-03-23,netflix,435.63,Entertainment,Credit Card,March,2025,3,23,Sunday
2025-10-31,medplus,7575.0,Healthcare,Credit Card,October,2025,10,31,Friday
2025-11-26,tneb,488.88,Bills,Debit Card,November,2025,11,26,Wednesday
2025-05-14,uber,1106.72,Transport,Debit Card,May,2025,5,14,Wednesday
2025-04-27,makemytrip,25726.22,Travel,UPI,April,2025,4,27,Sunday
2025-09-12,irctc,4581.37,Travel,Net Banking,September,2025,9,12,Friday
2025-03-16,amazon prime,813.52,Entertainment,Debit Card,March,2025,3,16,Sunday
2025-08-01,lenskart,7034.19,Online Shopping,Debit Card,August,2025,8,1,Friday
2025-12-29,myntra,18968.34,Online Shopping,UPI,December,2025,12,29,Monday
2025-02-25,pharmeasy,9071.62,Healthcare,Debit Card,February,2025,2,25,Tuesday
2025-08-18,act fibernet,3295.42,Bills,UPI,August,2025,8,18,Monday
2025-03-09,medplus,18023.35,Healthcare,Net Banking,March,2025,3,9,Sunday
2025-06-11,property tax online,5776.58,Bills,UPI,June,2025,6,11,Wednesday
2025-11-03,water board,5778.28,Bills,Credit Card,November,2025,11,3,Monday
2025-04-09,jio fiber,2092.96,Bills,Net Banking,April,2025,4,9,Wednesday
2025-01-25,dell exclusive,47531.86,Electronics,Net Banking,January,2025,1,25,Saturday
2025-09-09,reliance fresh,3091.96,Grocery,Credit Card,September,2025,9,9,Tuesday
2025-12-15,ola,753.37,Transport,Debit Card,December,2025,12,15,Monday
2025-12-09,allen solly,7527.88,Clothing,Net Banking,December,2025,12,9,Tuesday
2025-06-27,mi store,24977.79,Electronics,Credit Card,June,2025,6,27,Friday
2025-03-29,starbucks,762.48,Food,UPI,March,2025,3,29,Saturday
2025-01-07,nature's basket,2131.26,Grocery,UPI,January,2025,1,7,Tuesday
2025-09-25,booking.com,14852.11,Travel,UPI,September,2025,9,25,Thursday
2025-09-08,netmeds,5143.21,Healthcare,Net Banking,September,2025,9,8,Monday
2025-09-09,mi store,109718.08,Electronics,Net Banking,September,2025,9,9,Tuesday
2025-06-20,nature's basket,4721.67,Grocery,Debit Card,June,2025,6,20,Friday
2025-06-15,aster,14353.34,Healthcare,UPI,June,2025,6,15,Sunday
2025-10-10,ccd,358.25,Food,UPI,October,2025,10,10,Friday
2025-06-28,noise,134473.05,Electronics,UPI,June,2025,6,28,Saturday
2025-04-22,1mg,15255.24,Healthcare,Credit Card,April,2025,4,22,Tuesday
2025-11-05,aster,12539.87,Healthcare,UPI,November,2025,11,5,Wednesday
2025-06-06,lenskart,16490.94,Online Shopping,Debit Card,June,2025,6,6,Friday
2025-07-11,flipkart,12217.77,Online Shopping,Debit Card,July,2025,7,11,Friday
2025-11-04,nilgiris,845.9,Grocery,Debit Card,November,2025,11,4,Tuesday
2025-06-14,yulu bikes,1689.01,Transport,Credit Card,June,2025,6,14,Saturday
2025-04-06,water board,4610.75,Bills,Debit Card,April,2025,4,6,Sunday
2025-03-24,sony center,82404.31,Electronics,Net Banking,March,2025,3,24,Monday
2025-10-01,bmtc,89.58,Transport,Debit Card,October,2025,10,1,Wednesday
2025-05-29,indigo,1031.77,Travel,Credit Card,May,2025,5,29,Thursday
2025-10-13,irctc,8676.83,Travel,Net Banking,October,2025,10,13,Monday
2025-12-01,vodafone idea,5706.91,Bills,UPI,December,2025,12,1,Monday
2025-01-11,youtube premium,138.26,Entertainment,UPI,January,2025,1,11,Saturday
2025-11-30,croma,88491.56,Electronics,UPI,November,2025,11,30,Sunday
2025-07-28,spotify,473.71,Entertainment,Net Banking,July,2025,7,28,Monday
2025-05-30,mcdonalds,837.56,Food,Credit Card,May,2025,5,30,Friday
2025-11-24,bmtc,1156.63,Transport,Net Banking,November,2025,11,24,Monday
2025-05-07,sonyliv,636.3,Entertainment,UPI,May,2025,5,7,Wednesday
2025-06-15,woodland,1036.96,Clothing,Net Banking,June,2025,6,15,Sunday
2025-11-09,noise,129745.54,Electronics,Credit Card,November,2025,11,9,Sunday
2025-08-29,oneplus,149807.19,Electronics,Debit Card,August,2025,8,29,Friday
2025-08-25,tata cliq,18951.51,Online Shopping,UPI,August,2025,8,25,Monday
2025-12-12,saravana bhavan,741.06,Food,Net Banking,December,2025,12,12,Friday
2025-07-26,tsrtc,1269.91,Transport,Credit Card,July,2025,7,26,Saturday
2025-12-02,zee5,779.95,Entertainment,UPI,December,2025,12,2,Tuesday
2025-10-16,sonyliv,251.69,Entertainment,Debit Card,October,2025,10,16,Thursday
2025-08-23,lenskart,9629.62,Online Shopping,UPI,August,2025,8,23,Saturday
2025-07-20,meru cabs,758.23,Transport,Net Banking,July,2025,7,20,Sunday
2025-09-10,amazon,12260.48,Online Shopping,Net Banking,September,2025,9,10,Wednesday
2025-09-22,pepperfry,9213.84,Online Shopping,Debit Card,September,2025,9,22,Monday
2025-09-24,zee5,884.87,Entertainment,UPI,September,2025,9,24,Wednesday
2025-11-14,star bazaar,1689.47,Grocery,Credit Card,November,2025,11,14,Friday
2025-10-23,fortis,19041.19,Healthcare,Debit Card,October,2025,10,23,Thursday
2025-06-10,metro rail,1948.37,Transport,UPI,June,2025,6,10,Tuesday
2025-05-08,nature's basket,3159.21,Grocery,UPI,May,2025,5,8,Thursday
2025-07-16,boat lifestyle,98231.05,Electronics,Credit Card,July,2025,7,16,Wednesday
2025-04-22,amazon prime,926.79,Entertainment,Credit Card,April,2025,4,22,Tuesday
2025-10-23,reliance digital,44198.72,Electronics,Debit Card,October,2025,10,23,Thursday
2025-11-27,yatra,10773.49,Travel,Debit Card,November,2025,11,27,Thursday
2025-05-16,meru cabs,61.22,Transport,UPI,May,2025,5,16,Friday
2025-06-15,oneplus,125739.8,Electronics,UPI,June,2025,6,15,Sunday
2025-09-10,sonyliv,407.32,Entertainment,Debit Card,September,2025,9,10,Wednesday
2025-08-08,netmeds,15673.02,Healthcare,Net Banking,August,2025,8,8,Friday
2025-11-16,cream stone,654.92,Food,Net Banking,November,2025,11,16,Sunday
2025-04-28,metro rail,1783.19,Transport,UPI,April,2025,4,28,Monday
2025-07-14,h&m,1242.66,Clothing,Credit Card,July,2025,7,14,Monday
2025-08-29,vodafone idea,2776.47,Bills,UPI,August,2025,8,29,Friday
2025-12-17,asus store,18811.93,Electronics,Net Banking,December,2025,12,17,Wednesday
2025-09-14,zara,7344.28,Clothing,Debit Card,September,2025,9,14,Sunday
2025-12-06,ola,1618.54,Transport,Net Banking,December,2025,12,6,Saturday
2025-04-18,irctc,7342.38,Travel,Credit Card,April,2025,4,18,Friday
2025-09-04,1mg,2953.06,Healthcare,Net Banking,September,2025,9,4,Thursday
2025-12-22,more supermarket,1429.96,Grocery,Debit Card,December,2025,12,22,Monday
2025-09-14,ola,1527.78,Transport,Debit Card,September,2025,9,14,Sunday
2025-03-11,burger king,1259.99,Food,Net Banking,March,2025,3,11,Tuesday
2025-05-25,amazon,16910.3,Online Shopping,UPI,May,2025,5,25,Sunday
2025-06-22,hp world,89433.45,Electronics,Debit Card,June,2025,6,22,Sunday
2025-10-11,pharmeasy,11195.07,Healthcare,UPI,October,2025,10,11,Saturday
2025-05-01,yatra,9964.33,Travel,Net Banking,May,2025,5,1,Thursday
2025-10-24,aha,915.96,Entertainment,Credit Card,October,2025,10,24,Friday
2025-03-09,bsnl,4097.87,Bills,Debit Card,March,2025,3,9,Sunday
2025-01-26,pepperfry,18890.05,Online Shopping,UPI,January,2025,1,26,Sunday
2025-10-10,pizza hut,1018.93,Food,Credit Card,October,2025,10,10,Friday
2025-04-09,medplus,19451.26,Healthcare,UPI,April,2025,4,9,Wednesday
2025-11-25,sony center,17028.6,Electronics,UPI,November,2025,11,25,Tuesday
2025-07-19,ajio,4276.61,Online Shopping,Net Banking,July,2025,7,19,Saturday
2025-12-08,pepperfry,14041.65,Online Shopping,Net Banking,December,2025,12,8,Monday
2025-09-16,vivo store,68964.88,Electronics,Net Banking,September,2025,9,16,Tuesday
2025-12-26,ccd,904.19,Food,Net Banking,December,2025,12,26,Friday
2025-08-07,dell exclusive,148322.3,Electronics,Credit Card,August,2025,8,7,Thursday
2025-06-01,booking.com,6850.96,Travel,Credit Card,June,2025,6,1,Sunday
2025-10-09,woodland,4460.11,Clothing,Debit Card,October,2025,10,9,Thursday
2025-11-17,ajio,343.12,Online Shopping,UPI,November,2025,11,17,Monday
2025-12-14,irctc,7561.16,Travel,UPI,December,2025,12,14,Sunday
2025-01-03,nike,1227.97,Clothing,Credit Card,January,2025,1,3,Friday
2025-10-04,yulu bikes,1615.47,Transport,Net Banking,October,2025,10,4,Saturday
2025-12-01,metro rail,1414.38,Transport,Debit Card,December,2025,12,1,Monday
2025-08-21,uber,1031.67,Transport,Credit Card,August,2025,8,21,Thursday
2025-06-27,star bazaar,2994.68,Grocery,Net Banking,June,2025,6,27,Friday
2025-07-02,hotstar,994.09,Entertainment,UPI,July,2025,7,2,Wednesday
2025-02-25,hotstar,148.69,Entertainment,Net Banking,February,2025,2,25,Tuesday
2025-09-21,nature's basket,2680.36,Grocery,Debit Card,September,2025,9,21,Sunday
2025-04-11,aster,3378.14,Healthcare,UPI,April,2025,4,11,Friday
2025-06-29,pepperfry,15312.87,Online Shopping,UPI,June,2025,6,29,Sunday
2025-05-06,apple store,108225.16,Electronics,Net Banking,May,2025,5,6,Tuesday
2025-07-30,amazon,709.72,Online Shopping,Credit Card,July,2025,7,30,Wednesday
2025-11-02,vivo store,27778.16,Electronics,Debit Card,November,2025,11,2,Sunday
2025-10-09,snapdeal,19028.78,Online Shopping,Credit Card,October,2025,10,9,Thursday
2025-01-09,indigo,1305.74,Travel,Debit Card,January,2025,1,9,Thursday
2025-06-08,sony center,88595.97,Electronics,Credit Card,June,2025,6,8,Sunday
2025-08-23,yatra,1084.12,Travel,Credit Card,August,2025,8,23,Saturday
2025-08-31,pepperfry,13391.29,Online Shopping,Debit Card,August,2025,8,31,Sunday
2025-10-06,saravana bhavan,1346.46,Food,Credit Card,October,2025,10,6,Monday
2025-02-23,property tax online,5957.43,Bills,UPI,February,2025,2,23,Sunday
2025-12-28,nilgiris,1922.29,Grocery,Debit Card,December,2025,12,28,Sunday
2025-12-21,sony center,23026.81,Electronics,Credit Card,December,2025,12,21,Sunday
2025-01-07,apple music,377.91,Entertainment,Net Banking,January,2025,1,7,Tuesday
2025-07-07,meru cabs,1554.12,Transport,Net Banking,July,2025,7,7,Monday
2025-06-23,rapido,1222.82,Transport,Credit Card,June,2025,6,23,Monday
2025-06-03,asus store,111891.45,Electronics,Credit Card,June,2025,6,3,Tuesday
2025-04-10,tneb,3760.52,Bills,Net Banking,April,2025,4,10,Thursday
2025-09-15,property tax online,2904.84,Bills,Credit Card,September,2025,9,15,Monday
2025-02-26,reliance fresh,4439.42,Grocery,UPI,February,2025,2,26,Wednesday
2025-03-02,aster,8167.18,Healthcare,UPI,March,2025,3,2,Sunday
2025-03-04,adidas,5222.41,Clothing,Net Banking,March,2025,3,4,Tuesday
2025-04-13,metro rail,596.59,Transport,Net Banking,April,2025,4,13,Sunday
2025-05-08,vistara,18148.08,Travel,Debit Card,May,2025,5,8,Thursday
2025-06-21,jio fiber,1248.11,Bills,Net Banking,June,2025,6,21,Saturday
2025-04-05,cream stone,544.14,Food,Net Banking,April,2025,4,5,Saturday
2025-02-27,asus store,148528.0,Electronics,Debit Card,February,2025,2,27,Thursday
2025-07-12,aha,268.65,Entertainment,Credit Card,July,2025,7,12,Saturday
2025-05-31,kfc,791.41,Food,Credit Card,May,2025,5,31,Saturday
2025-08-28,apollo hospital,12949.56,Healthcare,UPI,August,2025,8,28,Thursday
2025-09-08,1mg,19890.8,Healthcare,Debit Card,September,2025,9,8,Monday
2025-05-16,tata cliq,3437.43,Online Shopping,Net Banking,May,2025,5,16,Friday
2025-05-09,croma,46229.06,Electronics,Debit Card,May,2025,5,9,Friday
2025-02-28,paradise biryani,665.88,Food,UPI,February,2025,2,28,Friday
2025-11-10,airtel,4554.71,Bills,Debit Card,November,2025,11,10,Monday
2025-08-26,mcdonalds,1339.1,Food,Debit Card,August,2025,8,26,Tuesday
2025-04-26,asus store,138433.54,Electronics,UPI,April,2025,4,26,Saturday
2025-12-07,oneplus,79444.26,Electronics,UPI,December,2025,12,7,Sunday
2025-03-18,nilgiris,3714.96,Grocery,UPI,March,2025,3,18,Tuesday
2025-08-29,aha,169.05,Entertainment,Debit Card,August,2025,8,29,Friday
2025-04-15,jio fiber,3422.69,Bills,UPI,April,2025,4,15,Tuesday
2025-08-11,jiomart,2046.07,Grocery,Credit Card,August,2025,8,11,Monday
2025-03-24,medplus,14254.49,Healthcare,Debit Card,March,2025,3,24,Monday
2025-07-07,booking.com,29793.73,Travel,Net Banking,July,2025,7,7,Monday
2025-09-20,pharmeasy,7736.13,Healthcare,Net Banking,September,2025,9,20,Saturday
2025-11-15,aha,532.71,Entertainment,Debit Card,November,2025,11,15,Saturday
2025-01-29,yulu bikes,1298.64,Transport,Debit Card,January,2025,1,29,Wednesday
2025-08-26,starbucks,1409.08,Food,Credit Card,August,2025,8,26,Tuesday
2025-12-13,oyo,16425.74,Travel,Debit Card,December,2025,12,13,Saturday
2025-03-02,apple music,744.99,Entertainment,Net Banking,March,2025,3,2,Sunday
2025-05-07,max fashion,3694.7,Clothing,Credit Card,May,2025,5,7,Wednesday
2025-09-30,jiomart,3887.21,Grocery,Net Banking,September,2025,9,30,Tuesday
2025-05-04,pepperfry,7346.53,Online Shopping,UPI,May,2025,5,4,Sunday
2025-07-07,oyo,4124.99,Travel,Credit Card,July,2025,7,7,Monday
2025-02-10,nykaa,4287.96,Online Shopping,Debit Card,February,2025,2,10,Monday
2025-07-29,apple music,293.12,Entertainment,UPI,July,2025,7,29,Tuesday
2025-09-29,spencers,1287.27,Grocery,Credit Card,September,2025,9,29,Monday
2025-03-05,biba,3613.79,Clothing,Credit Card,March,2025,3,5,Wednesday
2025-08-25,pharmeasy,4283.52,Healthcare,Net Banking,August,2025,8,25,Monday
2025-03-20,youtube premium,150.36,Entertainment,Debit Card,March,2025,3,20,Thursday
2025-11-15,yatra,29064.49,Travel,Net Banking,November,2025,11,15,Saturday
2025-10-01,bsnl,1511.0,Bills,Net Banking,October,2025,10,1,Wednesday
2025-06-03,apple music,732.61,Entertainment,Debit Card,June,2025,6,3,Tuesday
2025-01-25,spencers,1623.39,Grocery,UPI,January,2025,1,25,Saturday
2025-03-27,cloudnine,19583.83,Healthcare,Net Banking,March,2025,3,27,Thursday
2025-08-26,pizza hut,776.27,Food,Credit Card,August,2025,8,26,Tuesday
2025-08-24,amazon prime,284.19,Entertainment,Debit Card,August,2025,8,24,Sunday
2025-01-08,pantaloons,1785.27,Clothing,Credit Card,January,2025,1,8,Wednesday
2025-03-18,reliance digital,97571.08,Electronics,Net Banking,March,2025,3,18,Tuesday
2025-07-18,lenskart,3152.56,Online Shopping,Credit Card,July,2025,7,18,Friday
2025-06-03,makemytrip,21890.91,Travel,Net Banking,June,2025,6,3,Tuesday
2025-01-16,spencers,2009.72,Grocery,Credit Card,January,2025,1,16,Thursday
2025-12-07,netflix,820.05,Entertainment,Debit Card,December,2025,12,7,Sunday
2025-12-30,uber,774.38,Transport,Credit Card,December,2025,12,30,Tuesday
2025-03-11,zee5,587.03,Entertainment,UPI,March,2025,3,11,Tuesday
2025-08-02,tneb,1045.71,Bills,Credit Card,August,2025,8,2,Saturday
2025-10-22,h&m,4157.41,Clothing,Debit Card,October,2025,10,22,Wednesday
2025-11-21,nature's basket,566.56,Grocery,Credit Card,November,2025,11,21,Friday
2025-02-18,airasia,22624.32,Travel,UPI,February,2025,2,18,Tuesday
2025-01-01,uber,214.49,Transport,Net Banking,January,2025,1,1,Wednesday
2025-10-27,saravana bhavan,1284.29,Food,Net Banking,October,2025,10,27,Monday
2025-09-22,cream stone,711.9,Food,Net Banking,September,2025,9,22,Monday
2025-04-26,aster,15635.28,Healthcare,UPI,April,2025,4,26,Saturday
2025-09-21,youtube premium,792.65,Entertainment,UPI,September,2025,9,21,Sunday
2025-08-28,more supermarket,810.68,Grocery,Debit Card,August,2025,8,28,Thursday
2025-10-16,airasia,5134.31,Travel,Credit Card,October,2025,10,16,Thursday
2025-09-28,allen solly,5399.46,Clothing,Net Banking,September,2025,9,28,Sunday
2025-02-25,makemytrip,608.24,Travel,Net Banking,February,2025,2,25,Tuesday
2025-06-16,oneplus,120953.82,Electronics,UPI,June,2025,6,16,Monday
2025-08-09,a2b,385.85,Food,UPI,August,2025,8,9,Saturday
2025-10-04,amazon,2061.06,Online Shopping,Credit Card,October,2025,10,4,Saturday
2025-06-22,irctc,18935.2,Travel,Net Banking,June,2025,6,22,Sunday
2025-05-05,kauvery,9296.76,Healthcare,Credit Card,May,2025,5,5,Monday
2025-03-30,subway,707.13,Food,Debit Card,March,2025,3,30,Sunday
2025-04-20,chai point,1027.58,Food,Credit Card,April,2025,4,20,Sunday
2025-02-03,goibibo,9181.19,Travel,UPI,February,2025,2,3,Monday
2025-05-15,redbus,901.03,Transport,Net Banking,May,2025,5,15,Thursday
2025-07-06,bsnl,4997.44,Bills,Debit Card,July,2025,7,6,Sunday
2025-02-28,air india,27192.7,Travel,UPI,February,2025,2,28,Friday
2025-06-13,meru cabs,625.66,Transport,Net Banking,June,2025,6,13,Friday
2025-09-05,sonyliv,923.61,Entertainment,Credit Card,September,2025,9,5,Friday
2025-09-16,cloudnine,8277.85,Healthcare,Net Banking,September,2025,9,16,Tuesday
2025-06-05,mi store,128851.64,Electronics,Credit Card,June,2025,6,5,Thursday
2025-02-26,jiomart,2936.8,Grocery,Debit Card,February,2025,2,26,Wednesday
2025-06-08,more supermarket,1607.71,Grocery,UPI,June,2025,6,8,Sunday
2025-12-22,reliance fresh,3132.89,Grocery,Credit Card,December,2025,12,22,Monday
2025-03-28,tata cliq,19090.44,Online Shopping,Net Banking,March,2025,3,28,Friday
2025-12-22,nature's basket,2547.22,Grocery,Net Banking,December,2025,12,22,Monday
2025-01-21,myntra,3421.72,Online Shopping,UPI,January,2025,1,21,Tuesday
2025-07-24,airtel,3924.57,Bills,Debit Card,July,2025,7,24,Thursday
2025-06-18,bsnl,3451.3,Bills,Credit Card,June,2025,6,18,Wednesday
2025-06-28,nature's basket,4380.02,Grocery,Net Banking,June,2025,6,28,Saturday
2025-10-12,spencers,1707.01,Grocery,Net Banking,October,2025,10,12,Sunday
2025-07-14,adidas,5193.14,Clothing,Debit Card,July,2025,7,14,Monday
2025-12-02,ccd,141.4,Food,Credit Card,December,2025,12,2,Tuesday
2025-08-30,barbeque nation,1211.82,Food,Debit Card,August,2025,8,30,Saturday
2025-03-19,subway,1020.85,Food,Net Banking,March,2025,3,19,Wednesday
2025-02-08,metro rail,153.98,Transport,Credit Card,February,2025,2,8,Saturday
2025-09-29,amazon prime,257.64,Entertainment,Credit Card,September,2025,9,29,Monday
2025-07-17,irctc,7579.13,Travel,Debit Card,July,2025,7,17,Thursday
2025-06-03,gaana,137.93,Entertainment,Net Banking,June,2025,6,3,Tuesday
2025-07-01,pizza hut,786.29,Food,UPI,July,2025,7,1,Tuesday
2025-02-14,water board,2229.23,Bills,UPI,February,2025,2,14,Friday
2025-11-16,saravana bhavan,1193.94,Food,Net Banking,November,2025,11,16,Sunday
2025-07-16,kauvery,19486.47,Healthcare,Net Banking,July,2025,7,16,Wednesday
2025-04-30,meesho,9739.79,Online Shopping,UPI,April,2025,4,30,Wednesday
2025-09-24,metro rail,1417.2,Transport,Net Banking,September,2025,9,24,Wednesday
2025-02-06,max fashion,690.85,Clothing,Debit Card,February,2025,2,6,Thursday
2025-03-06,ajio,15695.48,Online Shopping,Debit Card,March,2025,3,6,Thursday
2025-10-25,flipkart,6022.22,Online Shopping,Net Banking,October,2025,10,25,Saturday
2025-11-14,booking.com,24078.41,Travel,UPI,November,2025,11,14,Friday
2025-10-25,taco bell,441.24,Food,Credit Card,October,2025,10,25,Saturday
2025-05-16,netmeds,15438.07,Healthcare,UPI,May,2025,5,16,Friday
2025-02-01,1mg,6670.6,Healthcare,Net Banking,February,2025,2,1,Saturday
2025-08-10,spencers,2296.78,Grocery,Credit Card,August,2025,8,10,Sunday
2025-08-03,reliance fresh,1263.07,Grocery,Credit Card,August,2025,8,3,Sunday
2025-01-01,aha,312.62,Entertainment,Credit Card,January,2025,1,1,Wednesday
2025-04-13,netflix,789.41,Entertainment,Net Banking,April,2025,4,13,Sunday
2025-06-24,reliance digital,88781.75,Electronics,Debit Card,June,2025,6,24,Tuesday
2025-12-24,youtube premium,169.5,Entertainment,Credit Card,December,2025,12,24,Wednesday
2025-06-26,jiomart,463.23,Grocery,Net Banking,June,2025,6,26,Thursday
2025-04-02,oyo,12974.23,Travel,Net Banking,April,2025,4,2,Wednesday
2025-12-01,yatra,29241.51,Travel,Debit Card,December,2025,12,1,Monday
2025-07-23,yulu bikes,493.63,Transport,Net Banking,July,2025,7,23,Wednesday
2025-05-24,pharmeasy,8364.08,Healthcare,Credit Card,May,2025,5,24,Saturday
2025-07-15,jio fiber,2986.52,Bills,Net Banking,July,2025,7,15,Tuesday
2025-05-11,pepperfry,9485.66,Online Shopping,Net Banking,May,2025,5,11,Sunday
2025-07-05,tata cliq,910.01,Online Shopping,UPI,July,2025,7,5,Saturday
2025-04-05,indigo,9251.44,Travel,Net Banking,April,2025,4,5,Saturday
2025-06-14,vodafone idea,950.86,Bills,Credit Card,June,2025,6,14,Saturday
2025-02-25,kauvery,19329.11,Healthcare,Debit Card,February,2025,2,25,Tuesday
2025-02-03,myntra,3207.13,Online Shopping,Debit Card,February,2025,2,3,Monday
2025-11-20,max fashion,1452.01,Clothing,UPI,November,2025,11,20,Thursday
2025-03-15,goibibo,13262.02,Travel,Net Banking,March,2025,3,15,Saturday
2025-10-14,apollo hospital,7322.86,Healthcare,Credit Card,October,2025,10,14,Tuesday
2025-06-17,woodland,4565.83,Clothing,Net Banking,June,2025,6,17,Tuesday
2025-07-12,netmeds,14456.73,Healthcare,UPI,July,2025,7,12,Saturday
2025-12-23,barbeque nation,989.79,Food,UPI,December,2025,12,23,Tuesday
2025-09-06,snapdeal,19131.32,Online Shopping,Credit Card,September,2025,9,6,Saturday
2025-05-20,puma,5214.33,Clothing,Debit Card,May,2025,5,20,Tuesday
2025-11-09,lenskart,12146.67,Online Shopping,Debit Card,November,2025,11,9,Sunday
2025-12-22,mi store,5029.2,Electronics,Credit Card,December,2025,12,22,Monday
2025-05-19,youtube premium,555.94,Entertainment,Net Banking,May,2025,5,19,Monday
2025-07-19,sonyliv,625.41,Entertainment,Net Banking,July,2025,7,19,Saturday
2025-01-10,jio fiber,1669.09,Bills,UPI,January,2025,1,10,Friday
2025-07-16,saravana bhavan,1315.33,Food,UPI,July,2025,7,16,Wednesday
2025-12-26,uber,675.08,Transport,UPI,December,2025,12,26,Friday
2025-01-08,kauvery,9668.49,Healthcare,UPI,January,2025,1,8,Wednesday
2025-06-27,max fashion,4205.84,Clothing,Credit Card,June,2025,6,27,Friday
2025-11-13,ajio,18968.51,Online Shopping,UPI,November,2025,11,13,Thursday
2025-09-05,pizza hut,1440.95,Food,Debit Card,September,2025,9,5,Friday
2025-07-29,subway,1419.34,Food,UPI,July,2025,7,29,Tuesday
2025-07-03,makemytrip,10914.3,Travel,Net Banking,July,2025,7,3,Thursday
2025-08-29,irctc,29460.09,Travel,UPI,August,2025,8,29,Friday
2025-05-08,woodland,6473.68,Clothing,UPI,May,2025,5,8,Thursday
2025-10-19,apollo pharmacy,7259.05,Healthcare,Net Banking,October,2025,10,19,Sunday
2025-08-05,wrogn,852.92,Clothing,Debit Card,August,2025,8,5,Tuesday
2025-05-16,apollo hospital,6945.11,Healthcare,Net Banking,May,2025,5,16,Friday
2025-09-18,youtube premium,668.14,Entertainment,Net Banking,September,2025,9,18,Thursday
2025-05-02,yulu bikes,111.19,Transport,UPI,May,2025,5,2,Friday
2025-12-11,youtube premium,792.68,Entertainment,Net Banking,December,2025,12,11,Thursday
2025-04-03,hp world,54775.62,Electronics,UPI,April,2025,4,3,Thursday
2025-01-21,metro rail,107.73,Transport,Net Banking,January,2025,1,21,Tuesday
2025-04-25,dmart,1361.33,Grocery,Net Banking,April,2025,4,25,Friday
2025-09-12,spotify,857.91,Entertainment,Credit Card,September,2025,9,12,Friday
2025-06-10,yulu bikes,668.02,Transport,Debit Card,June,2025,6,10,Tuesday
2025-09-11,vistara,27502.48,Travel,Net Banking,September,2025,9,11,Thursday
2025-03-16,water board,3063.92,Bills,Net Banking,March,2025,3,16,Sunday
2025-09-21,jio fiber,804.03,Bills,UPI,September,2025,9,21,Sunday
2025-10-08,metro rail,1345.63,Transport,Debit Card,October,2025,10,8,Wednesday
2025-07-08,oyo,21392.93,Travel,Credit Card,July,2025,7,8,Tuesday
2025-04-07,hotstar,295.81,Entertainment,Credit Card,April,2025,4,7,Monday
2025-07-13,irctc,3339.88,Travel,Net Banking,July,2025,7,13,Sunday
2025-04-12,more supermarket,613.59,Grocery,Debit Card,April,2025,4,12,Saturday
2025-03-09,biba,6870.53,Clothing,Net Banking,March,2025,3,9,Sunday
2025-04-15,ccd,422.77,Food,Debit Card,April,2025,4,15,Tuesday
2025-11-14,reliance fresh,3668.97,Grocery,Net Banking,November,2025,11,14,Friday
2025-11-04,apple store,121152.14,Electronics,Debit Card,November,2025,11,4,Tuesday
2025-07-18,gaana,513.32,Entertainment,Debit Card,July,2025,7,18,Friday
2025-10-18,airasia,14117.42,Travel,Debit Card,October,2025,10,18,Saturday
2025-03-13,rapido,1028.29,Transport,Credit Card,March,2025,3,13,Thursday
2025-10-24,pizza hut,136.18,Food,UPI,October,2025,10,24,Friday
2025-05-12,metro rail,670.08,Transport,UPI,May,2025,5,12,Monday
2025-10-18,pepperfry,883.4,Online Shopping,Credit Card,October,2025,10,18,Saturday
2025-11-27,uber,1541.25,Transport,UPI,November,2025,11,27,Thursday
2025-10-16,airtel,1359.11,Bills,Net Banking,October,2025,10,16,Thursday
2025-06-06,biba,2384.89,Clothing,Net Banking,June,2025,6,6,Friday
2025-09-20,fortis,19392.1,Healthcare,UPI,September,2025,9,20,Saturday
2025-04-30,property tax online,4676.99,Bills,Credit Card,April,2025,4,30,Wednesday
2025-08-07,amazon prime,625.55,Entertainment,UPI,August,2025,8,7,Thursday
2025-11-25,barbeque nation,317.88,Food,Net Banking,November,2025,11,25,Tuesday
2025-07-17,starbucks,1349.21,Food,Debit Card,July,2025,7,17,Thursday
2025-09-16,mi store,9409.13,Electronics,UPI,September,2025,9,16,Tuesday
2025-01-23,yulu bikes,1655.63,Transport,Credit Card,January,2025,1,23,Thursday
2025-02-21,meru cabs,367.99,Transport,UPI,February,2025,2,21,Friday
2025-07-05,ajio,12190.15,Online Shopping,UPI,July,2025,7,5,Saturday
2025-12-31,booking.com,4400.96,Travel,Credit Card,December,2025,12,31,Wednesday
2025-10-20,bsnl,578.03,Bills,UPI,October,2025,10,20,Monday
2025-02-25,apple music,553.89,Entertainment,Debit Card,February,2025,2,25,Tuesday
2025-10-15,reliance fresh,1099.13,Grocery,Net Banking,October,2025,10,15,Wednesday
2025-05-19,star bazaar,3951.56,Grocery,UPI,May,2025,5,19,Monday
2025-12-27,starbucks,1153.68,Food,UPI,December,2025,12,27,Saturday
2025-05-24,medplus,16585.3,Healthcare,UPI,May,2025,5,24,Saturday
2025-07-10,tneb,518.77,Bills,Credit Card,July,2025,7,10,Thursday
2025-03-21,yatra,12453.98,Travel,Debit Card,March,2025,3,21,Friday
2025-08-08,netflix,846.32,Entertainment,Net Banking,August,2025,8,8,Friday
2025-03-24,reliance digital,123021.28,Electronics,UPI,March,2025,3,24,Monday
2025-03-25,vodafone idea,1686.56,Bills,Debit Card,March,2025,3,25,Tuesday
2025-07-30,redbus,1823.09,Transport,Credit Card,July,2025,7,30,Wednesday
2025-03-24,yatra,20032.25,Travel,Credit Card,March,2025,3,24,Monday
2025-08-09,air india,21884.87,Travel,Net Banking,August,2025,8,9,Saturday
2025-09-05,croma,55415.99,Electronics,Credit Card,September,2025,9,5,Friday
2025-03-20,woodland,1663.07,Clothing,Net Banking,March,2025,3,20,Thursday
2025-01-09,tata cliq,2990.69,Online Shopping,Net Banking,January,2025,1,9,Thursday
2025-10-02,dmart,1266.45,Grocery,Credit Card,October,2025,10,2,Thursday
2025-08-31,pharmeasy,1731.01,Healthcare,Debit Card,August,2025,8,31,Sunday
2025-11-11,metro rail,1889.08,Transport,UPI,November,2025,11,11,Tuesday
2025-01-27,netmeds,4936.52,Healthcare,Credit Card,January,2025,1,27,Monday
2025-08-02,dell exclusive,40166.13,Electronics,Debit Card,August,2025,8,2,Saturday
2025-05-29,sonyliv,938.95,Entertainment,UPI,May,2025,5,29,Thursday
2025-03-27,rapido,1907.37,Transport,Net Banking,March,2025,3,27,Thursday
2025-06-23,aster,2650.14,Healthcare,Debit Card,June,2025,6,23,Monday
2025-08-25,oyo,22715.54,Travel,Credit Card,August,2025,8,25,Monday
2025-08-30,adidas,6636.12,Clothing,Net Banking,August,2025,8,30,Saturday
2025-02-10,biba,643.57,Clothing,Credit Card,February,2025,2,10,Monday
2025-12-26,more supermarket,2915.88,Grocery,Net Banking,December,2025,12,26,Friday
2025-09-27,flipkart,2124.98,Online Shopping,Credit Card,September,2025,9,27,Saturday
2025-12-26,sonyliv,131.94,Entertainment,UPI,December,2025,12,26,Friday
2025-04-21,allen solly,1332.73,Clothing,Debit Card,April,2025,4,21,Monday
2025-06-15,rapido,1944.47,Transport,UPI,June,2025,6,15,Sunday
2025-12-18,aha,651.18,Entertainment,Debit Card,December,2025,12,18,Thursday
2025-05-06,subway,100.6,Food,Net Banking,May,2025,5,6,Tuesday
2025-02-07,irctc,14669.39,Travel,UPI,February,2025,2,7,Friday
2025-02-08,youtube premium,159.63,Entertainment,Net Banking,February,2025,2,8,Saturday
2025-06-24,lenskart,15966.03,Online Shopping,Credit Card,June,2025,6,24,Tuesday
2025-10-08,uber,1408.74,Transport,UPI,October,2025,10,8,Wednesday
2025-12-31,spencers,207.76,Grocery,Debit Card,December,2025,12,31,Wednesday
2025-09-27,pharmeasy,188.55,Healthcare,Credit Card,September,2025,9,27,Saturday
2025-03-18,tneb,4372.43,Bills,Net Banking,March,2025,3,18,Tuesday
2025-03-17,vodafone idea,1644.86,Bills,UPI,March,2025,3,17,Monday
2025-03-09,amazon,4178.62,Online Shopping,UPI,March,2025,3,9,Sunday
2025-02-15,adidas,7379.04,Clothing,UPI,February,2025,2,15,Saturday
2025-09-16,vodafone idea,4874.2,Bills,Credit Card,September,2025,9,16,Tuesday
2025-07-01,air india,4755.72,Travel,Credit Card,July,2025,7,1,Tuesday
2025-03-15,jio fiber,5899.91,Bills,Credit Card,March,2025,3,15,Saturday
2025-10-12,pantaloons,3803.1,Clothing,Credit Card,October,2025,10,12,Sunday
2025-05-04,biba,2380.37,Clothing,Debit Card,May,2025,5,4,Sunday
2025-02-04,zee5,976.84,Entertainment,UPI,February,2025,2,4,Tuesday
2025-07-23,ajio,12931.48,Online Shopping,Net Banking,July,2025,7,23,Wednesday
2025-08-17,airasia,18646.22,Travel,UPI,August,2025,8,17,Sunday
2025-12-06,reliance digital,45247.01,Electronics,Debit Card,December,2025,12,6,Saturday
2025-01-28,cloudnine,9416.16,Healthcare,UPI,January,2025,1,28,Tuesday
2025-06-27,woodland,7597.02,Clothing,Debit Card,June,2025,6,27,Friday
2025-12-20,myntra,2552.57,Online Shopping,Net Banking,December,2025,12,20,Saturday
2025-04-17,apple store,45607.63,Electronics,Debit Card,April,2025,4,17,Thursday
2025-10-06,ola,1686.03,Transport,UPI,October,2025,10,6,Monday
2025-02-28,ajio,15084.49,Online Shopping,UPI,February,2025,2,28,Friday
2025-09-14,samsung store,94308.41,Electronics,Net Banking,September,2025,9,14,Sunday
2025-07-12,starbucks,1237.26,Food,Credit Card,July,2025,7,12,Saturday
2025-10-15,dmart,3114.78,Grocery,Debit Card,October,2025,10,15,Wednesday
2025-10-13,apple music,310.72,Entertainment,UPI,October,2025,10,13,Monday
2025-12-21,saravana bhavan,561.1,Food,Credit Card,December,2025,12,21,Sunday
2025-10-10,vodafone idea,703.29,Bills,UPI,October,2025,10,10,Friday
2025-07-28,flipkart,3912.86,Online Shopping,UPI,July,2025,7,28,Monday
2025-03-28,tneb,5290.36,Bills,Credit Card,March,2025,3,28,Friday
2025-03-01,boat lifestyle,31193.55,Electronics,Net Banking,March,2025,3,1,Saturday
2025-09-24,tata cliq,3877.02,Online Shopping,Credit Card,September,2025,9,24,Wednesday
2025-09-16,youtube premium,151.63,Entertainment,Net Banking,September,2025,9,16,Tuesday
2025-06-25,gaana,829.77,Entertainment,UPI,June,2025,6,25,Wednesday
2025-09-16,star bazaar,4213.22,Grocery,Debit Card,September,2025,9,16,Tuesday
2025-07-29,gaana,183.9,Entertainment,UPI,July,2025,7,29,Tuesday
2025-12-17,yulu bikes,508.52,Transport,Debit Card,December,2025,12,17,Wednesday
2025-03-07,tsrtc,1996.41,Transport,Credit Card,March,2025,3,7,Friday
2025-02-09,hotstar,922.3,Entertainment,Credit Card,February,2025,2,9,Sunday
2025-03-19,fortis,7085.08,Healthcare,Credit Card,March,2025,3,19,Wednesday
2025-05-15,property tax online,1938.68,Bills,UPI,May,2025,5,15,Thursday
2025-07-14,bigbazaar,2875.38,Grocery,Credit Card,July,2025,7,14,Monday
2025-02-04,kfc,1153.64,Food,Credit Card,February,2025,2,4,Tuesday
2025-09-14,sony center,14177.44,Electronics,Net Banking,September,2025,9,14,Sunday
2025-09-25,croma,77822.93,Electronics,Debit Card,September,2025,9,25,Thursday
2025-10-23,amazon,5876.37,Online Shopping,UPI,October,2025,10,23,Thursday
2025-06-22,jio fiber,2586.7,Bills,UPI,June,2025,6,22,Sunday
2025-07-30,makemytrip,27903.66,Travel,Credit Card,July,2025,7,30,Wednesday
2025-12-30,sonyliv,166.01,Entertainment,Net Banking,December,2025,12,30,Tuesday
2025-08-25,oyo,18518.03,Travel,Net Banking,August,2025,8,25,Monday
2025-10-04,starbucks,831.16,Food,Debit Card,October,2025,10,4,Saturday
2025-08-15,taco bell,494.28,Food,Net Banking,August,2025,8,15,Friday
2025-03-10,asus store,120546.32,Electronics,Credit Card,March,2025,3,10,Monday
2025-08-09,hotstar,381.15,Entertainment,Net Banking,August,2025,8,9,Saturday
2025-10-24,barbeque nation,486.86,Food,Credit Card,October,2025,10,24,Friday
2025-01-15,youtube premium,757.57,Entertainment,Credit Card,January,2025,1,15,Wednesday
2025-03-19,jiomart,2962.05,Grocery,UPI,March,2025,3,19,Wednesday
2025-05-22,act fibernet,3647.6,Bills,Credit Card,May,2025,5,22,Thursday
2025-11-01,gas agency,5916.43,Bills,Credit Card,November,2025,11,1,Saturday
2025-09-09,max fashion,6198.09,Clothing,Debit Card,September,2025,9,9,Tuesday
2025-12-31,oyo,13812.92,Travel,Debit Card,December,2025,12,31,Wednesday
2025-06-06,bigbazaar,716.13,Grocery,Credit Card,June,2025,6,6,Friday
2025-02-08,saravana bhavan,1177.64,Food,Credit Card,February,2025,2,8,Saturday
2025-03-28,hp world,92425.17,Electronics,UPI,March,2025,3,28,Friday
2025-09-13,star bazaar,4550.27,Grocery,Credit Card,September,2025,9,13,Saturday
2025-10-16,1mg,9261.35,Healthcare,UPI,October,2025,10,16,Thursday
2025-02-28,dmart,1874.67,Grocery,Net Banking,February,2025,2,28,Friday
2025-10-11,oyo,22636.62,Travel,Credit Card,October,2025,10,11,Saturday
2025-06-04,amazon,6033.58,Online Shopping,UPI,June,2025,6,4,Wednesday
2025-01-11,nature's basket,4408.14,Grocery,Net Banking,January,2025,1,11,Saturday
2025-09-25,goibibo,19209.41,Travel,Debit Card,September,2025,9,25,Thursday
2025-12-21,ccd,1075.9,Food,Credit Card,December,2025,12,21,Sunday
2025-02-11,air india,15467.13,Travel,Debit Card,February,2025,2,11,Tuesday
2025-04-16,metro rail,874.88,Transport,Net Banking,April,2025,4,16,Wednesday
2025-07-09,cream stone,307.99,Food,Debit Card,July,2025,7,9,Wednesday
2025-06-04,airtel,3609.1,Bills,Credit Card,June,2025,6,4,Wednesday
2025-10-31,nike,1900.53,Clothing,Debit Card,October,2025,10,31,Friday
2025-01-26,air india,6154.26,Travel,Credit Card,January,2025,1,26,Sunday
2025-03-16,jiomart,382.49,Grocery,Debit Card,March,2025,3,16,Sunday
2025-04-23,flipkart,1042.45,Online Shopping,Credit Card,April,2025,4,23,Wednesday
2025-11-24,vivo store,131294.82,Electronics,UPI,November,2025,11,24,Monday
2025-01-21,aster,16579.35,Healthcare,Credit Card,January,2025,1,21,Tuesday
2025-04-29,tata cliq,670.23,Online Shopping,Debit Card,April,2025,4,29,Tuesday
2025-06-09,meru cabs,938.22,Transport,Net Banking,June,2025,6,9,Monday
2025-06-13,spotify,190.64,Entertainment,UPI,June,2025,6,13,Friday
2025-11-07,meesho,9577.91,Online Shopping,Debit Card,November,2025,11,7,Friday
2025-06-17,makemytrip,23456.98,Travel,Debit Card,June,2025,6,17,Tuesday
2025-12-09,kauvery,11814.99,Healthcare,Debit Card,December,2025,12,9,Tuesday
2025-08-04,irctc,20612.82,Travel,Net Banking,August,2025,8,4,Monday
2025-04-20,max fashion,5712.73,Clothing,Credit Card,April,2025,4,20,Sunday
2025-04-09,ajio,18604.06,Online Shopping,UPI,April,2025,4,9,Wednesday
2025-09-14,subway,1271.86,Food,UPI,September,2025,9,14,Sunday
2025-07-29,kauvery,7158.58,Healthcare,Credit Card,July,2025,7,29,Tuesday
2025-02-17,meru cabs,1175.04,Transport,Debit Card,February,2025,2,17,Monday
2025-08-09,redbus,189.39,Transport,Debit Card,August,2025,8,9,Saturday
2025-10-04,spencers,3583.56,Grocery,Debit Card,October,2025,10,4,Saturday
2025-10-25,woodland,3622.92,Clothing,Net Banking,October,2025,10,25,Saturday
2025-10-30,nykaa,11109.14,Online Shopping,UPI,October,2025,10,30,Thursday
2025-04-20,jiomart,3834.72,Grocery,Debit Card,April,2025,4,20,Sunday
2025-08-26,dell exclusive,75286.09,Electronics,Credit Card,August,2025,8,26,Tuesday
2025-01-01,rapido,1428.32,Transport,Debit Card,January,2025,1,1,Wednesday
2025-10-12,water board,4244.44,Bills,Net Banking,October,2025,10,12,Sunday
2025-11-14,pizza hut,626.46,Food,Net Banking,November,2025,11,14,Friday
2025-11-17,booking.com,24175.46,Travel,UPI,November,2025,11,17,Monday
2025-09-16,pizza hut,1402.54,Food,Net Banking,September,2025,9,16,Tuesday
2025-12-29,jio fiber,1541.91,Bills,Net Banking,December,2025,12,29,Monday
2025-01-11,tneb,3437.82,Bills,UPI,January,2025,1,11,Saturday
2025-04-08,kauvery,18388.08,Healthcare,UPI,April,2025,4,8,Tuesday
2025-05-08,samsung store,67800.02,Electronics,Net Banking,May,2025,5,8,Thursday
2025-09-25,saravana bhavan,663.93,Food,UPI,September,2025,9,25,Thursday
2025-05-27,tata cliq,4127.73,Online Shopping,Net Banking,May,2025,5,27,Tuesday
2025-07-06,property tax online,1353.32,Bills,Credit Card,July,2025,7,6,Sunday
2025-06-11,lenskart,1755.89,Online Shopping,Credit Card,June,2025,6,11,Wednesday
2025-03-16,rapido,119.67,Transport,UPI,March,2025,3,16,Sunday
2025-07-04,barbeque nation,1361.8,Food,Net Banking,July,2025,7,4,Friday
2025-01-06,reliance fresh,3096.88,Grocery,Credit Card,January,2025,1,6,Monday
2025-09-21,ajio,16538.27,Online Shopping,Net Banking,September,2025,9,21,Sunday
2025-07-01,spotify,707.35,Entertainment,Net Banking,July,2025,7,1,Tuesday
2025-05-11,samsung store,28612.1,Electronics,Net Banking,May,2025,5,11,Sunday
2025-12-16,samsung store,65165.12,Electronics,Debit Card,December,2025,12,16,Tuesday
2025-01-11,h&m,1109.73,Clothing,Net Banking,January,2025,1,11,Saturday
2025-04-24,kauvery,18542.17,Healthcare,Credit Card,April,2025,4,24,Thursday
2025-03-04,irctc,6078.19,Travel,Net Banking,March,2025,3,4,Tuesday
2025-10-31,ccd,900.73,Food,Net Banking,October,2025,10,31,Friday
2025-05-06,hotstar,623.11,Entertainment,Credit Card,May,2025,5,6,Tuesday
2025-07-05,puma,7087.1,Clothing,UPI,July,2025,7,5,Saturday
2025-09-05,airasia,11361.09,Travel,Debit Card,September,2025,9,5,Friday
2025-01-07,snapdeal,12342.2,Online Shopping,Net Banking,January,2025,1,7,Tuesday
2025-11-20,max fashion,4191.03,Clothing,UPI,November,2025,11,20,Thursday
2025-03-16,max fashion,3116.65,Clothing,Debit Card,March,2025,3,16,Sunday
2025-11-25,taco bell,329.5,Food,Debit Card,November,2025,11,25,Tuesday
2025-02-04,asus store,79899.92,Electronics,Debit Card,February,2025,2,4,Tuesday
2025-10-08,ccd,1133.08,Food,Net Banking,October,2025,10,8,Wednesday
2025-08-28,apple music,961.23,Entertainment,UPI,August,2025,8,28,Thursday
2025-04-01,uber,500.09,Transport,Net Banking,April,2025,4,1,Tuesday
2025-11-29,netflix,873.93,Entertainment,Debit Card,November,2025,11,29,Saturday
2025-03-24,aha,897.78,Entertainment,Net Banking,March,2025,3,24,Monday
2025-03-29,reliance digital,141229.13,Electronics,UPI,March,2025,3,29,Saturday
2025-12-24,youtube premium,590.46,Entertainment,Debit Card,December,2025,12,24,Wednesday
2025-04-27,act fibernet,836.11,Bills,Credit Card,April,2025,4,27,Sunday
2025-08-13,jiomart,2453.83,Grocery,Debit Card,August,2025,8,13,Wednesday
2025-09-27,cloudnine,9554.31,Healthcare,Net Banking,September,2025,9,27,Saturday
2025-11-21,amazon,14760.41,Online Shopping,UPI,November,2025,11,21,Friday
2025-02-11,levis,7586.09,Clothing,Credit Card,February,2025,2,11,Tuesday
2025-09-15,hp world,91024.07,Electronics,Credit Card,September,2025,9,15,Monday
2025-06-27,flipkart,2532.62,Online Shopping,UPI,June,2025,6,27,Friday
2025-11-13,1mg,13045.28,Healthcare,Credit Card,November,2025,11,13,Thursday
2025-09-04,indigo,11234.61,Travel,Credit Card,September,2025,9,4,Thursday
2025-03-23,max fashion,1288.64,Clothing,UPI,March,2025,3,23,Sunday
2025-12-24,samsung store,106358.79,Electronics,UPI,December,2025,12,24,Wednesday
2025-09-09,asus store,76796.3,Electronics,UPI,September,2025,9,9,Tuesday
2025-11-04,hp world,51438.9,Electronics,Credit Card,November,2025,11,4,Tuesday
2025-12-12,yatra,23699.21,Travel,Net Banking,December,2025,12,12,Friday
2025-06-21,nykaa,16570.51,Online Shopping,Debit Card,June,2025,6,21,Saturday
2025-02-10,netflix,228.46,Entertainment,Debit Card,February,2025,2,10,Monday
2025-05-02,pizza hut,1186.31,Food,UPI,May,2025,5,2,Friday
2025-07-22,netflix,279.18,Entertainment,Credit Card,July,2025,7,22,Tuesday
2025-06-03,star bazaar,4203.64,Grocery,Net Banking,June,2025,6,3,Tuesday
2025-07-31,makemytrip,26018.06,Travel,UPI,July,2025,7,31,Thursday
2025-12-23,tsrtc,310.96,Transport,Credit Card,December,2025,12,23,Tuesday
2025-01-21,dmart,549.18,Grocery,Credit Card,January,2025,1,21,Tuesday
2025-01-24,bmtc,628.58,Transport,UPI,January,2025,1,24,Friday
2025-01-07,dmart,2621.3,Grocery,Net Banking,January,2025,1,7,Tuesday
2025-05-01,spotify,708.44,Entertainment,Credit Card,May,2025,5,1,Thursday
2025-08-26,sonyliv,534.64,Entertainment,Net Banking,August,2025,8,26,Tuesday
2025-07-19,apollo pharmacy,1544.61,Healthcare,UPI,July,2025,7,19,Saturday
2025-12-17,woodland,1343.65,Clothing,Credit Card,December,2025,12,17,Wednesday
2025-10-21,tsrtc,1222.28,Transport,Credit Card,October,2025,10,21,Tuesday
2025-06-08,h&m,2579.45,Clothing,Credit Card,June,2025,6,8,Sunday
2025-05-11,nike,2049.36,Clothing,Net Banking,May,2025,5,11,Sunday
2025-05-15,aha,454.69,Entertainment,Debit Card,May,2025,5,15,Thursday
2025-08-14,amazon,17944.06,Online Shopping,Credit Card,August,2025,8,14,Thursday
2025-02-19,act fibernet,5153.24,Bills,Credit Card,February,2025,2,19,Wednesday
2025-08-17,rapido,59.48,Transport,Net Banking,August,2025,8,17,Sunday
2025-12-21,star bazaar,3804.53,Grocery,Debit Card,December,2025,12,21,Sunday
2025-06-29,kauvery,9302.16,Healthcare,Credit Card,June,2025,6,29,Sunday
2025-01-10,nilgiris,217.85,Grocery,Credit Card,January,2025,1,10,Friday
2025-08-16,us polo,7821.25,Clothing,Debit Card,August,2025,8,16,Saturday
2025-12-22,noise,37044.58,Electronics,UPI,December,2025,12,22,Monday
2025-04-06,yulu bikes,1617.91,Transport,UPI,April,2025,4,6,Sunday
2025-02-03,croma,59673.32,Electronics,Net Banking,February,2025,2,3,Monday
2025-08-05,aster,4100.19,Healthcare,UPI,August,2025,8,5,Tuesday
2025-11-19,air india,23389.28,Travel,Debit Card,November,2025,11,19,Wednesday
2025-08-09,jio fiber,2856.12,Bills,Net Banking,August,2025,8,9,Saturday
2025-01-12,tsrtc,1738.11,Transport,Credit Card,January,2025,1,12,Sunday
2025-03-14,sony center,4561.05,Electronics,UPI,March,2025,3,14,Friday
2025-11-29,nature's basket,4983.8,Grocery,Debit Card,November,2025,11,29,Saturday
2025-01-23,oneplus,121238.54,Electronics,Debit Card,January,2025,1,23,Thursday
2025-08-13,netflix,536.68,Entertainment,Credit Card,August,2025,8,13,Wednesday
2025-01-20,fortis,1634.73,Healthcare,UPI,January,2025,1,20,Monday
2025-03-10,myntra,17349.03,Online Shopping,Net Banking,March,2025,3,10,Monday
2025-10-28,airasia,8771.47,Travel,Net Banking,October,2025,10,28,Tuesday
2025-03-03,ola,1363.23,Transport,Debit Card,March,2025,3,3,Monday
2025-05-18,paradise biryani,909.83,Food,Net Banking,May,2025,5,18,Sunday
2025-01-22,tsrtc,1552.91,Transport,UPI,January,2025,1,22,Wednesday
2025-10-09,apple music,516.14,Entertainment,Net Banking,October,2025,10,9,Thursday
2025-03-04,act fibernet,330.22,Bills,UPI,March,2025,3,4,Tuesday
2025-06-01,nilgiris,2879.31,Grocery,UPI,June,2025,6,1,Sunday
2025-05-19,allen solly,4157.38,Clothing,UPI,May,2025,5,19,Monday
2025-05-02,meesho,15898.66,Online Shopping,Net Banking,May,2025,5,2,Friday
2025-10-08,vodafone idea,5746.74,Bills,Debit Card,October,2025,10,8,Wednesday
2025-12-14,jio fiber,3602.34,Bills,Net Banking,December,2025,12,14,Sunday
2025-06-05,oyo,17056.07,Travel,Net Banking,June,2025,6,5,Thursday
2025-06-07,burger king,781.4,Food,Debit Card,June,2025,6,7,Saturday
2025-08-08,dell exclusive,91964.11,Electronics,Credit Card,August,2025,8,8,Friday
2025-02-06,adidas,3177.24,Clothing,Debit Card,February,2025,2,6,Thursday
2025-07-26,hp world,58886.97,Electronics,Debit Card,July,2025,7,26,Saturday
2025-10-22,meru cabs,549.35,Transport,Net Banking,October,2025,10,22,Wednesday
2025-04-11,yatra,26509.57,Travel,Credit Card,April,2025,4,11,Friday
2025-03-20,nike,1048.46,Clothing,UPI,March,2025,3,20,Thursday
2025-06-12,redbus,1516.84,Transport,Debit Card,June,2025,6,12,Thursday
2025-04-19,amazon prime,562.79,Entertainment,Net Banking,April,2025,4,19,Saturday
2025-10-24,kauvery,4897.9,Healthcare,Net Banking,October,2025,10,24,Friday
2025-07-08,pharmeasy,11789.7,Healthcare,Net Banking,July,2025,7,8,Tuesday
2025-06-20,saravana bhavan,1113.9,Food,Net Banking,June,2025,6,20,Friday
2025-11-27,yulu bikes,1446.97,Transport,UPI,November,2025,11,27,Thursday
2025-06-19,bmtc,531.53,Transport,Credit Card,June,2025,6,19,Thursday
2025-11-03,nykaa,17021.38,Online Shopping,Net Banking,November,2025,11,3,Monday
2025-06-17,asus store,71571.52,Electronics,Debit Card,June,2025,6,17,Tuesday
2025-05-20,kfc,568.46,Food,Credit Card,May,2025,5,20,Tuesday
2025-12-07,vivo store,94017.51,Electronics,Debit Card,December,2025,12,7,Sunday
2025-11-18,pepperfry,12278.68,Online Shopping,UPI,November,2025,11,18,Tuesday
2025-03-22,cream stone,251.09,Food,Net Banking,March,2025,3,22,Saturday
2025-09-20,aha,470.16,Entertainment,Debit Card,September,2025,9,20,Saturday
2025-12-08,makemytrip,10212.35,Travel,Net Banking,December,2025,12,8,Monday
2025-07-08,aster,18414.59,Healthcare,Net Banking,July,2025,7,8,Tuesday
2025-12-10,vodafone idea,1373.64,Bills,Credit Card,December,2025,12,10,Wednesday
2025-03-17,h&m,2830.56,Clothing,Credit Card,March,2025,3,17,Monday
2025-02-02,property tax online,4016.36,Bills,Net Banking,February,2025,2,2,Sunday
2025-07-07,goibibo,1328.46,Travel,Net Banking,July,2025,7,7,Monday
2025-10-05,amazon prime,560.99,Entertainment,UPI,October,2025,10,5,Sunday
2025-09-03,more supermarket,1506.04,Grocery,Debit Card,September,2025,9,3,Wednesday
2025-04-20,kauvery,2633.15,Healthcare,Credit Card,April,2025,4,20,Sunday
2025-05-04,hotstar,262.03,Entertainment,UPI,May,2025,5,4,Sunday
2025-10-11,cream stone,577.18,Food,Debit Card,October,2025,10,11,Saturday
2025-05-20,goibibo,786.46,Travel,UPI,May,2025,5,20,Tuesday
2025-02-02,indigo,13358.19,Travel,Debit Card,February,2025,2,2,Sunday
2025-02-28,biba,6397.39,Clothing,Net Banking,February,2025,2,28,Friday
2025-09-06,netmeds,7147.86,Healthcare,Net Banking,September,2025,9,6,Saturday
2025-09-27,zara,973.48,Clothing,UPI,September,2025,9,27,Saturday
2025-03-18,jiomart,2687.39,Grocery,Net Banking,March,2025,3,18,Tuesday
2025-12-02,oyo,26373.99,Travel,Credit Card,December,2025,12,2,Tuesday
2025-12-25,meesho,14623.56,Online Shopping,Net Banking,December,2025,12,25,Thursday
2025-06-15,more supermarket,1404.16,Grocery,Net Banking,June,2025,6,15,Sunday
2025-03-31,gas agency,4519.94,Bills,UPI,March,2025,3,31,Monday
2025-12-18,dominos,369.19,Food,UPI,December,2025,12,18,Thursday
2025-03-28,redbus,1854.51,Transport,UPI,March,2025,3,28,Friday
2025-10-03,spotify,903.12,Entertainment,UPI,October,2025,10,3,Friday
2025-06-20,uber,1029.23,Transport,UPI,June,2025,6,20,Friday
2025-01-18,bigbazaar,2979.82,Grocery,Credit Card,January,2025,1,18,Saturday
2025-05-02,meru cabs,1992.3,Transport,Debit Card,May,2025,5,2,Friday
2025-09-06,reliance fresh,1744.76,Grocery,Debit Card,September,2025,9,6,Saturday
2025-11-08,star bazaar,1809.78,Grocery,Net Banking,November,2025,11,8,Saturday
2025-09-07,bmtc,1100.93,Transport,Debit Card,September,2025,9,7,Sunday
2025-06-05,flipkart,6929.14,Online Shopping,Credit Card,June,2025,6,5,Thursday
2025-07-16,chai point,970.37,Food,Net Banking,July,2025,7,16,Wednesday
2025-07-21,croma,29804.41,Electronics,UPI,July,2025,7,21,Monday
2025-05-29,kauvery,13216.84,Healthcare,Credit Card,May,2025,5,29,Thursday
2025-02-25,property tax online,2581.9,Bills,Net Banking,February,2025,2,25,Tuesday
2025-01-04,irctc,24646.35,Travel,Credit Card,January,2025,1,4,Saturday
2025-03-20,nilgiris,3557.42,Grocery,Net Banking,March,2025,3,20,Thursday
2025-01-31,burger king,297.27,Food,Credit Card,January,2025,1,31,Friday
2025-09-12,apollo pharmacy,7612.94,Healthcare,Debit Card,September,2025,9,12,Friday
2025-05-15,irctc,19563.72,Travel,UPI,May,2025,5,15,Thursday
2025-04-05,vistara,18127.17,Travel,Credit Card,April,2025,4,5,Saturday
2025-01-28,redbus,1863.66,Transport,Credit Card,January,2025,1,28,Tuesday
2025-03-25,jiomart,824.85,Grocery,UPI,March,2025,3,25,Tuesday
2025-01-10,wrogn,2994.24,Clothing,Debit Card,January,2025,1,10,Friday
2025-09-21,apollo pharmacy,3886.4,Healthcare,Debit Card,September,2025,9,21,Sunday
2025-11-13,reliance digital,94624.55,Electronics,UPI,November,2025,11,13,Thursday
2025-06-11,asus store,96888.6,Electronics,Net Banking,June,2025,6,11,Wednesday
2025-11-09,water board,4641.14,Bills,UPI,November,2025,11,9,Sunday
2025-08-08,taco bell,1215.74,Food,UPI,August,2025,8,8,Friday
2025-01-06,bmtc,1913.96,Transport,UPI,January,2025,1,6,Monday
2025-09-06,ola,1021.77,Transport,Debit Card,September,2025,9,6,Saturday
2025-06-05,goibibo,3150.81,Travel,Debit Card,June,2025,6,5,Thursday
2025-02-05,pharmeasy,4960.4,Healthcare,Net Banking,February,2025,2,5,Wednesday
2025-02-22,oneplus,89493.87,Electronics,Debit Card,February,2025,2,22,Saturday
2025-12-27,samsung store,30397.9,Electronics,Debit Card,December,2025,12,27,Saturday
2025-11-13,medplus,15819.89,Healthcare,UPI,November,2025,11,13,Thursday
2025-10-09,pepperfry,5406.02,Online Shopping,Net Banking,October,2025,10,9,Thursday
2025-05-02,tneb,396.58,Bills,UPI,May,2025,5,2,Friday
2025-11-11,nykaa,18250.04,Online Shopping,Credit Card,November,2025,11,11,Tuesday
2025-01-07,sonyliv,986.17,Entertainment,UPI,January,2025,1,7,Tuesday
2025-01-23,burger king,804.6,Food,Debit Card,January,2025,1,23,Thursday
2025-08-12,booking.com,17551.18,Travel,Net Banking,August,2025,8,12,Tuesday
2025-02-05,jio fiber,1763.77,Bills,Credit Card,February,2025,2,5,Wednesday
2025-07-27,more supermarket,3592.27,Grocery,UPI,July,2025,7,27,Sunday
2025-09-08,water board,5542.57,Bills,Credit Card,September,2025,9,8,Monday
2025-04-25,subway,881.17,Food,Net Banking,April,2025,4,25,Friday
2025-10-11,flipkart,11547.52,Online Shopping,UPI,October,2025,10,11,Saturday
2025-01-07,bsnl,4468.07,Bills,Net Banking,January,2025,1,7,Tuesday
2025-09-12,rapido,73.7,Transport,UPI,September,2025,9,12,Friday
2025-06-15,kauvery,10872.93,Healthcare,Credit Card,June,2025,6,15,Sunday
2025-05-11,burger king,795.54,Food,UPI,May,2025,5,11,Sunday
2025-08-06,apollo hospital,18502.66,Healthcare,Debit Card,August,2025,8,6,Wednesday
2025-05-19,rapido,1281.97,Transport,Debit Card,May,2025,5,19,Monday
2025-01-15,apollo pharmacy,18916.0,Healthcare,Credit Card,January,2025,1,15,Wednesday
2025-02-26,aster,19956.88,Healthcare,Net Banking,February,2025,2,26,Wednesday
2025-02-17,apple store,111714.93,Electronics,Credit Card,February,2025,2,17,Monday
2025-01-14,tsrtc,506.18,Transport,Credit Card,January,2025,1,14,Tuesday
2025-01-17,rapido,503.5,Transport,UPI,January,2025,1,17,Friday
2025-07-01,dell exclusive,104424.46,Electronics,Debit Card,July,2025,7,1,Tuesday
2025-02-22,bsnl,2891.42,Bills,UPI,February,2025,2,22,Saturday
2025-12-15,bigbazaar,2846.46,Grocery,Credit Card,December,2025,12,15,Monday
2025-08-16,biba,5102.11,Clothing,Credit Card,August,2025,8,16,Saturday
2025-02-20,yulu bikes,1837.56,Transport,UPI,February,2025,2,20,Thursday
2025-08-07,chai point,544.56,Food,Credit Card,August,2025,8,7,Thursday
2025-12-30,amazon,16513.7,Online Shopping,Credit Card,December,2025,12,30,Tuesday
2025-11-11,goibibo,7061.66,Travel,Net Banking,November,2025,11,11,Tuesday
2025-10-22,reliance digital,35177.41,Electronics,Credit Card,October,2025,10,22,Wednesday
2025-11-18,fortis,14083.56,Healthcare,Credit Card,November,2025,11,18,Tuesday
2025-12-10,act fibernet,636.48,Bills,Debit Card,December,2025,12,10,Wednesday
2025-06-11,netmeds,11065.43,Healthcare,Debit Card,June,2025,6,11,Wednesday
2025-05-17,medplus,19020.21,Healthcare,Net Banking,May,2025,5,17,Saturday
2025-08-28,asus store,63323.78,Electronics,UPI,August,2025,8,28,Thursday
2025-12-19,max fashion,4426.76,Clothing,Debit Card,December,2025,12,19,Friday
2025-12-01,pantaloons,2981.72,Clothing,Debit Card,December,2025,12,1,Monday
2025-03-17,boat lifestyle,70661.66,Electronics,UPI,March,2025,3,17,Monday
2025-11-10,irctc,9180.06,Travel,Net Banking,November,2025,11,10,Monday
2025-06-09,tsrtc,1648.58,Transport,Credit Card,June,2025,6,9,Monday
2025-06-21,netmeds,5612.62,Healthcare,UPI,June,2025,6,21,Saturday
2025-03-26,cream stone,1232.86,Food,UPI,March,2025,3,26,Wednesday
2025-06-26,metro rail,1460.49,Transport,Credit Card,June,2025,6,26,Thursday
2025-10-08,snapdeal,7573.38,Online Shopping,Debit Card,October,2025,10,8,Wednesday
2025-01-31,yulu bikes,1320.19,Transport,Credit Card,January,2025,1,31,Friday
2025-06-08,sony center,39047.04,Electronics,Net Banking,June,2025,6,8,Sunday
2025-08-04,hotstar,532.5,Entertainment,Debit Card,August,2025,8,4,Monday
2025-02-19,amazon,17575.25,Online Shopping,Credit Card,February,2025,2,19,Wednesday
2025-09-16,max fashion,6255.12,Clothing,UPI,September,2025,9,16,Tuesday
2025-08-01,meru cabs,1393.73,Transport,Net Banking,August,2025,8,1,Friday
2025-07-09,air india,19747.8,Travel,Net Banking,July,2025,7,9,Wednesday
2025-01-08,kauvery,17242.25,Healthcare,Net Banking,January,2025,1,8,Wednesday
2025-08-26,gaana,892.28,Entertainment,Credit Card,August,2025,8,26,Tuesday
2025-04-24,vistara,26785.1,Travel,Debit Card,April,2025,4,24,Thursday
2025-03-30,pharmeasy,1404.46,Healthcare,Credit Card,March,2025,3,30,Sunday
2025-02-10,star bazaar,3867.55,Grocery,Net Banking,February,2025,2,10,Monday
2025-06-11,pharmeasy,527.9,Healthcare,Credit Card,June,2025,6,11,Wednesday
2025-06-07,h&m,6753.3,Clothing,Net Banking,June,2025,6,7,Saturday
2025-03-31,tsrtc,1109.7,Transport,UPI,March,2025,3,31,Monday
2025-08-06,dmart,1387.62,Grocery,Net Banking,August,2025,8,6,Wednesday
2025-04-07,tsrtc,1254.18,Transport,Debit Card,April,2025,4,7,Monday
2025-04-29,gas agency,2629.83,Bills,Net Banking,April,2025,4,29,Tuesday
2025-11-18,jiomart,891.86,Grocery,Net Banking,November,2025,11,18,Tuesday
2025-07-08,spotify,832.28,Entertainment,Net Banking,July,2025,7,8,Tuesday
2025-11-05,sony center,82377.85,Electronics,Debit Card,November,2025,11,5,Wednesday
2025-04-06,apollo pharmacy,18127.88,Healthcare,Credit Card,April,2025,4,6,Sunday
2025-07-08,gaana,462.52,Entertainment,Credit Card,July,2025,7,8,Tuesday
2025-01-01,vodafone idea,3039.47,Bills,Debit Card,January,2025,1,1,Wednesday
2025-06-10,makemytrip,12729.13,Travel,Debit Card,June,2025,6,10,Tuesday
2025-12-05,tneb,5577.19,Bills,Net Banking,December,2025,12,5,Friday
2025-11-06,mcdonalds,922.83,Food,Net Banking,November,2025,11,6,Thursday
2025-08-25,biba,7201.67,Clothing,UPI,August,2025,8,25,Monday
2025-03-19,cloudnine,4775.49,Healthcare,Net Banking,March,2025,3,19,Wednesday
2025-06-02,air india,8855.92,Travel,Debit Card,June,2025,6,2,Monday
2025-09-23,zara,6360.69,Clothing,Credit Card,September,2025,9,23,Tuesday
2025-10-01,nature's basket,613.55,Grocery,Debit Card,October,2025,10,1,Wednesday
2025-05-18,water board,5579.89,Bills,Net Banking,May,2025,5,18,Sunday
2025-05-08,water board,1604.13,Bills,Debit Card,May,2025,5,8,Thursday
2025-07-24,pantaloons,639.02,Clothing,UPI,July,2025,7,24,Thursday
2025-06-15,h&m,3386.73,Clothing,Debit Card,June,2025,6,15,Sunday
2025-11-05,vodafone idea,5745.05,Bills,Debit Card,November,2025,11,5,Wednesday
2025-09-24,property tax online,2937.77,Bills,UPI,September,2025,9,24,Wednesday
2025-11-21,goibibo,17183.27,Travel,Net Banking,November,2025,11,21,Friday
2025-02-25,asus store,62089.62,Electronics,Net Banking,February,2025,2,25,Tuesday
2025-07-17,netmeds,15524.66,Healthcare,Credit Card,July,2025,7,17,Thursday
2025-11-07,biba,2093.78,Clothing,Debit Card,November,2025,11,7,Friday
2025-04-05,act fibernet,1712.18,Bills,UPI,April,2025,4,5,Saturday
2025-03-19,pepperfry,5576.27,Online Shopping,UPI,March,2025,3,19,Wednesday
2025-09-25,rapido,1130.44,Transport,Debit Card,September,2025,9,25,Thursday
2025-05-27,gas agency,3201.91,Bills,UPI,May,2025,5,27,Tuesday
2025-09-06,barbeque nation,693.37,Food,Debit Card,September,2025,9,6,Saturday
2025-02-27,woodland,4955.41,Clothing,UPI,February,2025,2,27,Thursday
2025-02-01,subway,1155.63,Food,Net Banking,February,2025,2,1,Saturday
2025-02-25,oneplus,109679.59,Electronics,UPI,February,2025,2,25,Tuesday
2025-04-19,apollo hospital,2383.82,Healthcare,Credit Card,April,2025,4,19,Saturday
2025-04-14,nature's basket,2320.96,Grocery,Credit Card,April,2025,4,14,Monday
2025-10-29,dominos,1109.68,Food,Credit Card,October,2025,10,29,Wednesday
2025-06-22,pepperfry,11730.61,Online Shopping,Debit Card,June,2025,6,22,Sunday
2025-12-21,apple music,372.08,Entertainment,Debit Card,December,2025,12,21,Sunday
2025-10-14,act fibernet,4443.81,Bills,UPI,October,2025,10,14,Tuesday
2025-05-09,gas agency,835.03,Bills,Credit Card,May,2025,5,9,Friday
2025-09-26,croma,133802.26,Electronics,UPI,September,2025,9,26,Friday
2025-03-15,taco bell,1229.73,Food,Credit Card,March,2025,3,15,Saturday
2025-03-27,amazon prime,580.32,Entertainment,UPI,March,2025,3,27,Thursday
2025-11-07,allen solly,1278.16,Clothing,Net Banking,November,2025,11,7,Friday
2025-09-07,jiomart,2753.29,Grocery,UPI,September,2025,9,7,Sunday
2025-05-04,water board,1304.87,Bills,Credit Card,May,2025,5,4,Sunday
2025-01-28,mi store,14674.4,Electronics,Credit Card,January,2025,1,28,Tuesday
2025-12-18,star bazaar,1405.26,Grocery,UPI,December,2025,12,18,Thursday
2025-12-05,redbus,1235.74,Transport,Credit Card,December,2025,12,5,Friday
2025-02-13,yatra,18885.42,Travel,Credit Card,February,2025,2,13,Thursday
2025-09-29,chai point,1230.17,Food,Debit Card,September,2025,9,29,Monday
2025-06-06,nilgiris,1774.08,Grocery,Debit Card,June,2025,6,6,Friday
2025-11-14,cloudnine,6432.41,Healthcare,Net Banking,November,2025,11,14,Friday
2025-12-09,indigo,2167.01,Travel,Credit Card,December,2025,12,9,Tuesday
2025-02-26,burger king,333.23,Food,Net Banking,February,2025,2,26,Wednesday
2025-09-25,property tax online,5253.41,Bills,Credit Card,September,2025,9,25,Thursday
2025-01-12,bigbazaar,4298.44,Grocery,Credit Card,January,2025,1,12,Sunday
2025-07-18,dell exclusive,79142.09,Electronics,UPI,July,2025,7,18,Friday
2025-03-03,subway,196.01,Food,UPI,March,2025,3,3,Monday
2025-05-30,oneplus,110160.79,Electronics,Credit Card,May,2025,5,30,Friday
2025-06-24,act fibernet,2735.66,Bills,UPI,June,2025,6,24,Tuesday
2025-06-15,dell exclusive,5663.02,Electronics,Net Banking,June,2025,6,15,Sunday
2025-06-07,oyo,25954.04,Travel,UPI,June,2025,6,7,Saturday
2025-12-11,netflix,919.95,Entertainment,Credit Card,December,2025,12,11,Thursday
2025-04-22,rapido,1466.76,Transport,Debit Card,April,2025,4,22,Tuesday
2025-01-28,goibibo,15799.37,Travel,UPI,January,2025,1,28,Tuesday
2025-05-25,youtube premium,957.03,Entertainment,UPI,May,2025,5,25,Sunday
2025-06-12,gas agency,671.32,Bills,Net Banking,June,2025,6,12,Thursday
2025-10-16,boat lifestyle,94392.84,Electronics,Credit Card,October,2025,10,16,Thursday
2025-06-18,mi store,66902.61,Electronics,Net Banking,June,2025,6,18,Wednesday
2025-11-21,ajio,14074.83,Online Shopping,Net Banking,November,2025,11,21,Friday
2025-09-26,fortis,14868.78,Healthcare,Credit Card,September,2025,9,26,Friday
2025-01-16,bigbazaar,2048.33,Grocery,Net Banking,January,2025,1,16,Thursday
2025-02-23,yulu bikes,996.17,Transport,Credit Card,February,2025,2,23,Sunday
2025-05-27,apple store,127437.04,Electronics,Credit Card,May,2025,5,27,Tuesday
2025-08-25,vivo store,35858.09,Electronics,UPI,August,2025,8,25,Monday
2025-06-18,act fibernet,5533.84,Bills,Credit Card,June,2025,6,18,Wednesday
2025-09-09,us polo,6109.83,Clothing,UPI,September,2025,9,9,Tuesday
2025-02-04,vistara,24045.41,Travel,Debit Card,February,2025,2,4,Tuesday
2025-01-06,myntra,6505.16,Online Shopping,Debit Card,January,2025,1,6,Monday
2025-04-25,jio fiber,3803.25,Bills,UPI,April,2025,4,25,Friday
2025-11-27,puma,2531.71,Clothing,Net Banking,November,2025,11,27,Thursday
2025-05-11,ajio,9621.1,Online Shopping,Net Banking,May,2025,5,11,Sunday
2025-04-06,zee5,128.74,Entertainment,UPI,April,2025,4,6,Sunday
2025-04-10,more supermarket,3531.04,Grocery,Debit Card,April,2025,4,10,Thursday
2025-04-03,goibibo,3407.04,Travel,Net Banking,April,2025,4,3,Thursday
2025-10-12,dell exclusive,57128.4,Electronics,Credit Card,October,2025,10,12,Sunday
2025-02-18,dell exclusive,137369.44,Electronics,UPI,February,2025,2,18,Tuesday
2025-05-15,pepperfry,13325.67,Online Shopping,Debit Card,May,2025,5,15,Thursday
2025-02-10,zee5,907.81,Entertainment,UPI,February,2025,2,10,Monday
2025-04-30,chai point,521.91,Food,UPI,April,2025,4,30,Wednesday
2025-12-06,boat lifestyle,13620.95,Electronics,Debit Card,December,2025,12,6,Saturday
2025-12-16,vivo store,95656.11,Electronics,Credit Card,December,2025,12,16,Tuesday
2025-03-13,yatra,5101.31,Travel,UPI,March,2025,3,13,Thursday
2025-12-26,tsrtc,1314.82,Transport,Net Banking,December,2025,12,26,Friday
2025-03-22,dmart,1851.37,Grocery,UPI,March,2025,3,22,Saturday
2025-11-27,nilgiris,1862.7,Grocery,Debit Card,November,2025,11,27,Thursday
2025-10-17,tsrtc,648.0,Transport,Net Banking,October,2025,10,17,Friday
2025-04-12,netmeds,12772.29,Healthcare,UPI,April,2025,4,12,Saturday
2025-02-22,sonyliv,694.8,Entertainment,UPI,February,2025,2,22,Saturday
2025-05-14,jiomart,878.0,Grocery,Credit Card,May,2025,5,14,Wednesday
2025-11-24,redbus,1501.58,Transport,Net Banking,November,2025,11,24,Monday
2025-02-07,aha,408.15,Entertainment,Debit Card,February,2025,2,7,Friday
2025-01-07,redbus,753.44,Transport,Credit Card,January,2025,1,7,Tuesday
2025-04-02,rapido,1926.84,Transport,Net Banking,April,2025,4,2,Wednesday
2025-10-29,vistara,14424.61,Travel,Net Banking,October,2025,10,29,Wednesday
2025-07-25,dominos,1218.36,Food,Debit Card,July,2025,7,25,Friday
2025-01-13,bsnl,3646.2,Bills,UPI,January,2025,1,13,Monday
2025-07-20,indigo,16076.93,Travel,Debit Card,July,2025,7,20,Sunday
2025-11-19,starbucks,1493.72,Food,Debit Card,November,2025,11,19,Wednesday
2025-08-18,ajio,3148.55,Online Shopping,Credit Card,August,2025,8,18,Monday
2025-09-01,oyo,25555.81,Travel,UPI,September,2025,9,1,Monday
2025-08-28,adidas,811.8,Clothing,Credit Card,August,2025,8,28,Thursday
2025-05-28,puma,5595.64,Clothing,UPI,May,2025,5,28,Wednesday
2025-09-09,nature's basket,4228.35,Grocery,UPI,September,2025,9,9,Tuesday
2025-03-31,jiomart,1476.6,Grocery,Net Banking,March,2025,3,31,Monday
2025-08-27,taco bell,683.86,Food,Credit Card,August,2025,8,27,Wednesday
2025-12-17,oyo,687.08,Travel,Credit Card,December,2025,12,17,Wednesday
2025-10-13,netflix,486.54,Entertainment,Net Banking,October,2025,10,13,Monday
2025-11-16,kauvery,13757.09,Healthcare,Net Banking,November,2025,11,16,Sunday
2025-01-23,noise,14290.52,Electronics,Debit Card,January,2025,1,23,Thursday
2025-03-04,indigo,28052.17,Travel,Credit Card,March,2025,3,4,Tuesday
2025-01-26,booking.com,6919.87,Travel,Net Banking,January,2025,1,26,Sunday
2025-08-24,pepperfry,12401.36,Online Shopping,Debit Card,August,2025,8,24,Sunday
2025-08-24,apollo hospital,17328.32,Healthcare,UPI,August,2025,8,24,Sunday
2025-06-14,sonyliv,945.53,Entertainment,Credit Card,June,2025,6,14,Saturday
2025-07-11,puma,7063.09,Clothing,Net Banking,July,2025,7,11,Friday
2025-03-28,gaana,340.7,Entertainment,Net Banking,March,2025,3,28,Friday
2025-10-24,apollo pharmacy,8885.16,Healthcare,Debit Card,October,2025,10,24,Friday
2025-02-28,h&m,6631.32,Clothing,Debit Card,February,2025,2,28,Friday
2025-01-19,subway,1064.01,Food,UPI,January,2025,1,19,Sunday
2025-05-28,nature's basket,3549.22,Grocery,Debit Card,May,2025,5,28,Wednesday
2025-11-19,bsnl,4683.39,Bills,UPI,November,2025,11,19,Wednesday
2025-03-03,pepperfry,4881.81,Online Shopping,UPI,March,2025,3,3,Monday
2025-07-21,vodafone idea,2673.21,Bills,UPI,July,2025,7,21,Monday
2025-01-02,medplus,18613.73,Healthcare,UPI,January,2025,1,2,Thursday
2025-05-21,noise,74631.11,Electronics,UPI,May,2025,5,21,Wednesday
2025-04-30,fortis,3873.28,Healthcare,Net Banking,April,2025,4,30,Wednesday
2025-07-13,hotstar,441.13,Entertainment,Debit Card,July,2025,7,13,Sunday
2025-07-19,vistara,16503.47,Travel,UPI,July,2025,7,19,Saturday
2025-06-16,flipkart,11131.27,Online Shopping,Debit Card,June,2025,6,16,Monday
2025-03-13,medplus,4493.18,Healthcare,Net Banking,March,2025,3,13,Thursday
2025-12-07,spencers,4779.55,Grocery,Credit Card,December,2025,12,7,Sunday
2025-02-23,property tax online,5389.33,Bills,Net Banking,February,2025,2,23,Sunday
2025-10-28,metro rail,446.76,Transport,Net Banking,October,2025,10,28,Tuesday
2025-10-16,apollo pharmacy,13960.19,Healthcare,Net Banking,October,2025,10,16,Thursday
2025-07-20,redbus,874.89,Transport,Net Banking,July,2025,7,20,Sunday
2025-06-07,indigo,13901.29,Travel,Credit Card,June,2025,6,7,Saturday
2025-05-04,makemytrip,4230.67,Travel,Debit Card,May,2025,5,4,Sunday
2025-09-16,kauvery,19482.34,Healthcare,Net Banking,September,2025,9,16,Tuesday
2025-04-18,samsung store,105364.83,Electronics,Credit Card,April,2025,4,18,Friday
2025-06-08,netmeds,7085.45,Healthcare,Net Banking,June,2025,6,8,Sunday
2025-01-07,apple music,398.21,Entertainment,Credit Card,January,2025,1,7,Tuesday
2025-02-15,1mg,3473.35,Healthcare,Credit Card,February,2025,2,15,Saturday
2025-05-07,reliance fresh,2750.16,Grocery,Debit Card,May,2025,5,7,Wednesday
2025-05-05,gas agency,5576.12,Bills,Net Banking,May,2025,5,5,Monday
2025-08-06,burger king,1006.98,Food,UPI,August,2025,8,6,Wednesday
2025-09-26,vodafone idea,352.78,Bills,Debit Card,September,2025,9,26,Friday
2025-03-27,snapdeal,12068.79,Online Shopping,Credit Card,March,2025,3,27,Thursday
2025-01-16,nykaa,19176.6,Online Shopping,Credit Card,January,2025,1,16,Thursday
2025-11-16,meesho,4206.11,Online Shopping,Net Banking,November,2025,11,16,Sunday
2025-01-01,aster,18076.33,Healthcare,Debit Card,January,2025,1,1,Wednesday
2025-05-26,apple store,149836.1,Electronics,Net Banking,May,2025,5,26,Monday
2025-08-22,h&m,1670.74,Clothing,Credit Card,August,2025,8,22,Friday
2025-12-02,puma,2139.64,Clothing,Credit Card,December,2025,12,2,Tuesday
2025-07-10,pizza hut,1126.37,Food,Net Banking,July,2025,7,10,Thursday
2025-03-03,fortis,10998.17,Healthcare,Net Banking,March,2025,3,3,Monday
2025-01-01,sony center,128155.58,Electronics,Debit Card,January,2025,1,1,Wednesday
2025-06-19,vodafone idea,5548.84,Bills,UPI,June,2025,6,19,Thursday
2025-07-14,air india,15526.67,Travel,UPI,July,2025,7,14,Monday
2025-12-19,more supermarket,4531.55,Grocery,Credit Card,December,2025,12,19,Friday
2025-02-13,yulu bikes,1941.09,Transport,UPI,February,2025,2,13,Thursday
2025-01-03,star bazaar,4631.51,Grocery,UPI,January,2025,1,3,Friday
2025-05-30,pharmeasy,17889.89,Healthcare,Debit Card,May,2025,5,30,Friday
2025-10-07,star bazaar,3843.41,Grocery,Credit Card,October,2025,10,7,Tuesday
2025-02-06,nike,1266.72,Clothing,Debit Card,February,2025,2,6,Thursday
2025-11-17,burger king,700.4,Food,Debit Card,November,2025,11,17,Monday
2025-03-15,air india,22586.47,Travel,Credit Card,March,2025,3,15,Saturday
2025-03-06,bmtc,1912.83,Transport,Debit Card,March,2025,3,6,Thursday
2025-02-16,zee5,692.39,Entertainment,Net Banking,February,2025,2,16,Sunday
2025-03-16,pizza hut,720.36,Food,Debit Card,March,2025,3,16,Sunday
2025-08-14,us polo,6109.49,Clothing,Debit Card,August,2025,8,14,Thursday
2025-07-16,water board,5670.83,Bills,Net Banking,July,2025,7,16,Wednesday
2025-04-30,bigbazaar,3836.63,Grocery,Credit Card,April,2025,4,30,Wednesday
2025-07-06,tneb,4682.0,Bills,Credit Card,July,2025,7,6,Sunday
2025-02-11,property tax online,4385.84,Bills,Debit Card,February,2025,2,11,Tuesday
2025-07-06,nykaa,13436.98,Online Shopping,Net Banking,July,2025,7,6,Sunday
2025-12-15,bigbazaar,767.31,Grocery,Net Banking,December,2025,12,15,Monday
2025-08-25,hotstar,259.26,Entertainment,Credit Card,August,2025,8,25,Monday
2025-03-31,fortis,18416.8,Healthcare,UPI,March,2025,3,31,Monday
2025-11-12,spencers,4478.31,Grocery,UPI,November,2025,11,12,Wednesday
2025-06-15,ajio,3277.7,Online Shopping,Debit Card,June,2025,6,15,Sunday
2025-06-24,netflix,713.94,Entertainment,UPI,June,2025,6,24,Tuesday
2025-05-21,gas agency,3039.18,Bills,Credit Card,May,2025,5,21,Wednesday
2025-04-10,nykaa,3549.71,Online Shopping,UPI,April,2025,4,10,Thursday
2025-03-27,rapido,175.46,Transport,Credit Card,March,2025,3,27,Thursday
2025-11-16,woodland,2103.33,Clothing,Debit Card,November,2025,11,16,Sunday
2025-02-06,hp world,103515.72,Electronics,Credit Card,February,2025,2,6,Thursday
2025-09-17,starbucks,1447.75,Food,Net Banking,September,2025,9,17,Wednesday
2025-06-04,a2b,1472.07,Food,UPI,June,2025,6,4,Wednesday
2025-02-10,nike,5510.55,Clothing,UPI,February,2025,2,10,Monday
2025-05-13,woodland,4775.98,Clothing,UPI,May,2025,5,13,Tuesday
2025-12-07,jio fiber,472.91,Bills,UPI,December,2025,12,7,Sunday
2025-04-05,bsnl,2716.84,Bills,Credit Card,April,2025,4,5,Saturday
2025-11-26,air india,15563.43,Travel,Net Banking,November,2025,11,26,Wednesday
2025-08-27,asus store,116947.62,Electronics,Net Banking,August,2025,8,27,Wednesday
2025-06-12,nilgiris,1925.86,Grocery,Net Banking,June,2025,6,12,Thursday
2025-08-13,pepperfry,13154.28,Online Shopping,UPI,August,2025,8,13,Wednesday
2025-04-09,goibibo,8302.65,Travel,Net Banking,April,2025,4,9,Wednesday
2025-07-17,amazon prime,528.66,Entertainment,Credit Card,July,2025,7,17,Thursday
2025-08-02,chai point,866.42,Food,Net Banking,August,2025,8,2,Saturday
2025-01-26,tsrtc,1155.57,Transport,UPI,January,2025,1,26,Sunday
2025-03-21,booking.com,18429.28,Travel,UPI,March,2025,3,21,Friday
2025-01-16,nilgiris,1742.94,Grocery,UPI,January,2025,1,16,Thursday
2025-09-21,myntra,19357.98,Online Shopping,Credit Card,September,2025,9,21,Sunday
2025-10-24,sonyliv,737.85,Entertainment,Debit Card,October,2025,10,24,Friday
2025-08-07,zara,1131.84,Clothing,Credit Card,August,2025,8,7,Thursday
2025-01-05,hotstar,752.05,Entertainment,Credit Card,January,2025,1,5,Sunday
2025-04-07,tsrtc,1217.14,Transport,UPI,April,2025,4,7,Monday
2025-11-03,nilgiris,2956.99,Grocery,Credit Card,November,2025,11,3,Monday
2025-09-13,apple store,73701.2,Electronics,Credit Card,September,2025,9,13,Saturday
2025-02-26,meru cabs,398.1,Transport,Net Banking,February,2025,2,26,Wednesday
2025-07-05,bmtc,1087.06,Transport,Credit Card,July,2025,7,5,Saturday
2025-08-28,medplus,5737.82,Healthcare,Debit Card,August,2025,8,28,Thursday
2025-02-24,burger king,106.47,Food,Net Banking,February,2025,2,24,Monday
2025-07-29,gas agency,5465.16,Bills,Debit Card,July,2025,7,29,Tuesday
2025-03-09,samsung store,147821.18,Electronics,Debit Card,March,2025,3,9,Sunday
2025-01-22,taco bell,414.62,Food,UPI,January,2025,1,22,Wednesday
2025-02-10,gaana,960.61,Entertainment,Debit Card,February,2025,2,10,Monday
2025-08-02,barbeque nation,1342.51,Food,UPI,August,2025,8,2,Saturday
2025-08-05,aha,387.0,Entertainment,Net Banking,August,2025,8,5,Tuesday
2025-12-27,apple music,955.57,Entertainment,Debit Card,December,2025,12,27,Saturday
2025-09-29,bmtc,732.92,Transport,Debit Card,September,2025,9,29,Monday
2025-06-12,jio fiber,2311.81,Bills,Net Banking,June,2025,6,12,Thursday
2025-05-26,burger king,624.72,Food,Debit Card,May,2025,5,26,Monday
2025-09-18,star bazaar,208.97,Grocery,Credit Card,September,2025,9,18,Thursday
2025-02-08,subway,465.57,Food,UPI,February,2025,2,8,Saturday
2025-06-03,meru cabs,1500.54,Transport,Net Banking,June,2025,6,3,Tuesday
2025-02-26,metro rail,1788.48,Transport,UPI,February,2025,2,26,Wednesday
2025-01-14,apollo pharmacy,5222.92,Healthcare,UPI,January,2025,1,14,Tuesday
2025-09-02,pharmeasy,10887.53,Healthcare,Net Banking,September,2025,9,2,Tuesday
2025-03-29,lenskart,10464.92,Online Shopping,Debit Card,March,2025,3,29,Saturday
2025-09-21,metro rail,1732.49,Transport,Credit Card,September,2025,9,21,Sunday
2025-02-06,mi store,51071.8,Electronics,UPI,February,2025,2,6,Thursday
2025-08-07,pepperfry,3084.79,Online Shopping,Net Banking,August,2025,8,7,Thursday
2025-10-20,saravana bhavan,966.47,Food,UPI,October,2025,10,20,Monday
2025-01-28,flipkart,2863.76,Online Shopping,UPI,January,2025,1,28,Tuesday
2025-08-29,tsrtc,67.81,Transport,Debit Card,August,2025,8,29,Friday
2025-03-21,more supermarket,3141.62,Grocery,UPI,March,2025,3,21,Friday
2025-04-30,h&m,7807.6,Clothing,Net Banking,April,2025,4,30,Wednesday
2025-08-29,booking.com,29892.1,Travel,Debit Card,August,2025,8,29,Friday
2025-11-08,vistara,14240.7,Travel,Credit Card,November,2025,11,8,Saturday
2025-06-21,pantaloons,3009.76,Clothing,Debit Card,June,2025,6,21,Saturday
2025-10-05,bsnl,355.15,Bills,Net Banking,October,2025,10,5,Sunday
2025-11-21,croma,49311.07,Electronics,UPI,November,2025,11,21,Friday
2025-08-26,cream stone,161.15,Food,Credit Card,August,2025,8,26,Tuesday
2025-12-04,spotify,111.66,Entertainment,Credit Card,December,2025,12,4,Thursday
2025-02-08,yulu bikes,1037.02,Transport,Debit Card,February,2025,2,8,Saturday
2025-04-09,vodafone idea,2373.61,Bills,Debit Card,April,2025,4,9,Wednesday
2025-04-30,apollo hospital,17583.4,Healthcare,UPI,April,2025,4,30,Wednesday
2025-06-19,sony center,91322.94,Electronics,Net Banking,June,2025,6,19,Thursday
2025-04-09,zara,6667.33,Clothing,UPI,April,2025,4,9,Wednesday
2025-10-26,pepperfry,13683.51,Online Shopping,Debit Card,October,2025,10,26,Sunday
2025-02-03,ola,740.35,Transport,Debit Card,February,2025,2,3,Monday
2025-07-22,woodland,1397.07,Clothing,Debit Card,July,2025,7,22,Tuesday
2025-08-14,tsrtc,816.57,Transport,Net Banking,August,2025,8,14,Thursday
2025-01-29,amazon,15657.06,Online Shopping,UPI,January,2025,1,29,Wednesday
2025-02-06,zee5,668.45,Entertainment,Credit Card,February,2025,2,6,Thursday
2025-07-22,noise,29918.66,Electronics,Net Banking,July,2025,7,22,Tuesday
2025-04-07,uber,1504.38,Transport,Net Banking,April,2025,4,7,Monday
2025-02-12,jiomart,1422.55,Grocery,Credit Card,February,2025,2,12,Wednesday
2025-01-03,wrogn,4923.9,Clothing,Debit Card,January,2025,1,3,Friday
2025-12-30,gas agency,1182.3,Bills,UPI,December,2025,12,30,Tuesday
2025-04-13,tneb,806.33,Bills,Debit Card,April,2025,4,13,Sunday
2025-05-06,jiomart,4013.33,Grocery,Net Banking,May,2025,5,6,Tuesday
2025-08-06,puma,556.68,Clothing,Credit Card,August,2025,8,6,Wednesday
2025-01-22,dell exclusive,33547.38,Electronics,UPI,January,2025,1,22,Wednesday
2025-12-08,apollo hospital,4178.6,Healthcare,UPI,December,2025,12,8,Monday
2025-07-29,pantaloons,6163.22,Clothing,UPI,July,2025,7,29,Tuesday
2025-02-09,burger king,940.04,Food,Credit Card,February,2025,2,9,Sunday
2025-01-16,dominos,470.22,Food,Net Banking,January,2025,1,16,Thursday
2025-12-08,bmtc,891.04,Transport,Credit Card,December,2025,12,8,Monday
2025-08-11,amazon,17902.16,Online Shopping,Net Banking,August,2025,8,11,Monday
2025-07-05,nature's basket,4447.49,Grocery,UPI,July,2025,7,5,Saturday
2025-11-17,amazon,15390.15,Online Shopping,UPI,November,2025,11,17,Monday
2025-10-07,saravana bhavan,1149.74,Food,Net Banking,October,2025,10,7,Tuesday
2025-08-11,pepperfry,11692.5,Online Shopping,Debit Card,August,2025,8,11,Monday
2025-11-19,puma,2483.25,Clothing,Credit Card,November,2025,11,19,Wednesday
2025-01-08,tsrtc,486.17,Transport,Credit Card,January,2025,1,8,Wednesday
2025-10-25,redbus,848.89,Transport,Net Banking,October,2025,10,25,Saturday
2025-08-08,irctc,9669.11,Travel,Net Banking,August,2025,8,8,Friday
2025-12-17,apollo hospital,2348.27,Healthcare,Net Banking,December,2025,12,17,Wednesday
2025-01-03,more supermarket,4191.02,Grocery,Credit Card,January,2025,1,3,Friday
2025-02-08,aha,178.23,Entertainment,Credit Card,February,2025,2,8,Saturday
2025-07-20,meru cabs,1375.14,Transport,Credit Card,July,2025,7,20,Sunday
2025-04-17,zara,7896.27,Clothing,Credit Card,April,2025,4,17,Thursday
2025-05-23,jiomart,2722.68,Grocery,UPI,May,2025,5,23,Friday
2025-01-28,lenskart,9033.12,Online Shopping,UPI,January,2025,1,28,Tuesday
2025-07-27,spotify,191.05,Entertainment,Net Banking,July,2025,7,27,Sunday
2025-08-06,act fibernet,1314.81,Bills,Credit Card,August,2025,8,6,Wednesday
2025-12-13,a2b,1366.04,Food,Debit Card,December,2025,12,13,Saturday
2025-01-11,yulu bikes,472.44,Transport,Net Banking,January,2025,1,11,Saturday
2025-01-14,boat lifestyle,52956.89,Electronics,Credit Card,January,2025,1,14,Tuesday
2025-09-19,irctc,7645.6,Travel,UPI,September,2025,9,19,Friday
2025-01-18,a2b,1344.98,Food,Net Banking,January,2025,1,18,Saturday
2025-02-23,apollo hospital,3817.04,Healthcare,Credit Card,February,2025,2,23,Sunday
2025-07-10,hp world,45953.74,Electronics,UPI,July,2025,7,10,Thursday
2025-10-11,sonyliv,413.08,Entertainment,Net Banking,October,2025,10,11,Saturday
2025-03-06,meesho,12349.36,Online Shopping,Credit Card,March,2025,3,6,Thursday
2025-06-30,airasia,13546.82,Travel,Net Banking,June,2025,6,30,Monday
2025-11-29,1mg,14982.07,Healthcare,UPI,November,2025,11,29,Saturday
2025-08-23,property tax online,951.97,Bills,Credit Card,August,2025,8,23,Saturday
2025-02-26,aster,3210.97,Healthcare,Net Banking,February,2025,2,26,Wednesday
2025-07-26,paradise biryani,435.8,Food,Debit Card,July,2025,7,26,Saturday
2025-01-26,nature's basket,983.86,Grocery,Net Banking,January,2025,1,26,Sunday
2025-08-12,reliance fresh,1715.96,Grocery,Net Banking,August,2025,8,12,Tuesday
2025-05-16,zee5,746.22,Entertainment,UPI,May,2025,5,16,Friday
2025-02-13,property tax online,2220.29,Bills,UPI,February,2025,2,13,Thursday
2025-01-21,spencers,4735.14,Grocery,Net Banking,January,2025,1,21,Tuesday
2025-12-19,nature's basket,4973.25,Grocery,Net Banking,December,2025,12,19,Friday
2025-05-08,reliance digital,84330.9,Electronics,Credit Card,May,2025,5,8,Thursday
2025-07-29,yulu bikes,414.97,Transport,UPI,July,2025,7,29,Tuesday
2025-05-05,a2b,1253.76,Food,Credit Card,May,2025,5,5,Monday
2025-04-27,air india,27990.79,Travel,Credit Card,April,2025,4,27,Sunday
2025-02-11,barbeque nation,230.07,Food,Debit Card,February,2025,2,11,Tuesday
2025-01-31,bsnl,964.91,Bills,Credit Card,January,2025,1,31,Friday
2025-09-25,rapido,1911.7,Transport,Credit Card,September,2025,9,25,Thursday
2025-09-25,spencers,1690.97,Grocery,Net Banking,September,2025,9,25,Thursday
2025-01-17,zee5,792.35,Entertainment,UPI,January,2025,1,17,Friday
2025-08-24,subway,493.97,Food,UPI,August,2025,8,24,Sunday
2025-01-14,mcdonalds,1475.14,Food,Net Banking,January,2025,1,14,Tuesday
2025-01-29,gas agency,4716.53,Bills,Net Banking,January,2025,1,29,Wednesday
2025-12-19,boat lifestyle,120286.86,Electronics,UPI,December,2025,12,19,Friday
2025-04-28,nilgiris,4116.07,Grocery,Credit Card,April,2025,4,28,Monday
2025-06-16,hp world,50615.14,Electronics,Net Banking,June,2025,6,16,Monday
2025-08-10,gaana,755.23,Entertainment,Net Banking,August,2025,8,10,Sunday
2025-05-12,apple music,610.57,Entertainment,UPI,May,2025,5,12,Monday
2025-02-01,cream stone,1217.13,Food,Debit Card,February,2025,2,1,Saturday
2025-04-11,tneb,4027.08,Bills,Debit Card,April,2025,4,11,Friday
2025-04-14,tata cliq,16522.35,Online Shopping,Credit Card,April,2025,4,14,Monday
2025-06-26,redbus,778.58,Transport,UPI,June,2025,6,26,Thursday
2025-04-01,chai point,1463.69,Food,Net Banking,April,2025,4,1,Tuesday
2025-11-06,amazon,6358.14,Online Shopping,Net Banking,November,2025,11,6,Thursday
2025-10-05,gas agency,750.65,Bills,Credit Card,October,2025,10,5,Sunday
2025-03-19,noise,63406.99,Electronics,Net Banking,March,2025,3,19,Wednesday
2025-12-02,a2b,1188.1,Food,UPI,December,2025,12,2,Tuesday
2025-01-06,gas agency,4627.62,Bills,Net Banking,January,2025,1,6,Monday
2025-08-17,more supermarket,4692.25,Grocery,Net Banking,August,2025,8,17,Sunday
2025-08-22,bsnl,563.56,Bills,Net Banking,August,2025,8,22,Friday
2025-06-23,ola,552.0,Transport,Debit Card,June,2025,6,23,Monday
2025-01-21,property tax online,2695.37,Bills,Debit Card,January,2025,1,21,Tuesday
2025-12-05,adidas,2902.99,Clothing,Net Banking,December,2025,12,5,Friday
2025-12-15,aster,17486.09,Healthcare,Net Banking,December,2025,12,15,Monday
2025-03-24,metro rail,934.32,Transport,Net Banking,March,2025,3,24,Monday
2025-05-16,zee5,998.75,Entertainment,Net Banking,May,2025,5,16,Friday
2025-12-26,tsrtc,1353.9,Transport,UPI,December,2025,12,26,Friday
2025-10-18,pantaloons,7335.58,Clothing,UPI,October,2025,10,18,Saturday
2025-11-29,bmtc,528.16,Transport,Debit Card,November,2025,11,29,Saturday
2025-07-20,meesho,15425.01,Online Shopping,Credit Card,July,2025,7,20,Sunday
2025-08-07,airtel,373.31,Bills,UPI,August,2025,8,7,Thursday
2025-07-21,hotstar,573.32,Entertainment,Credit Card,July,2025,7,21,Monday
2025-09-09,paradise biryani,1053.43,Food,Debit Card,September,2025,9,9,Tuesday
2025-08-25,h&m,1290.08,Clothing,Debit Card,August,2025,8,25,Monday
2025-06-18,jio fiber,5772.13,Bills,Net Banking,June,2025,6,18,Wednesday
2025-02-03,nilgiris,1332.19,Grocery,UPI,February,2025,2,3,Monday
2025-02-21,irctc,10863.08,Travel,Credit Card,February,2025,2,21,Friday
2025-04-25,vodafone idea,5688.98,Bills,Credit Card,April,2025,4,25,Friday
2025-11-17,spotify,180.11,Entertainment,Debit Card,November,2025,11,17,Monday
2025-03-09,zee5,559.74,Entertainment,Net Banking,March,2025,3,9,Sunday
2025-08-20,amazon,13846.3,Online Shopping,Net Banking,August,2025,8,20,Wednesday
2025-08-04,vistara,21569.35,Travel,Debit Card,August,2025,8,4,Monday
2025-05-31,vodafone idea,1027.05,Bills,Debit Card,May,2025,5,31,Saturday
2025-09-26,star bazaar,4271.15,Grocery,Debit Card,September,2025,9,26,Friday
2025-02-22,1mg,7098.15,Healthcare,Credit Card,February,2025,2,22,Saturday
2025-10-17,levis,3716.27,Clothing,UPI,October,2025,10,17,Friday
2025-06-04,1mg,19086.61,Healthcare,UPI,June,2025,6,4,Wednesday
2025-03-09,tsrtc,1642.04,Transport,Net Banking,March,2025,3,9,Sunday
2025-05-29,oyo,20542.81,Travel,Net Banking,May,2025,5,29,Thursday
2025-08-24,netflix,464.03,Entertainment,Credit Card,August,2025,8,24,Sunday
2025-05-14,cloudnine,10954.89,Healthcare,Credit Card,May,2025,5,14,Wednesday
2025-08-21,more supermarket,460.41,Grocery,Credit Card,August,2025,8,21,Thursday
2025-10-23,barbeque nation,660.28,Food,Debit Card,October,2025,10,23,Thursday
2025-12-02,makemytrip,27102.43,Travel,Debit Card,December,2025,12,2,Tuesday
2025-06-02,myntra,1535.2,Online Shopping,Credit Card,June,2025,6,2,Monday
2025-04-02,star bazaar,2556.16,Grocery,Credit Card,April,2025,4,2,Wednesday
2025-10-14,youtube premium,771.28,Entertainment,Net Banking,October,2025,10,14,Tuesday
2025-01-17,dell exclusive,11295.98,Electronics,Net Banking,January,2025,1,17,Friday
2025-04-01,reliance fresh,4766.7,Grocery,Net Banking,April,2025,4,1,Tuesday
2025-05-09,us polo,2691.77,Clothing,Debit Card,May,2025,5,9,Friday
2025-10-18,cream stone,1454.25,Food,Net Banking,October,2025,10,18,Saturday
2025-10-05,nilgiris,4714.2,Grocery,Credit Card,October,2025,10,5,Sunday
2025-07-02,spotify,922.04,Entertainment,UPI,July,2025,7,2,Wednesday
2025-08-12,taco bell,835.06,Food,Credit Card,August,2025,8,12,Tuesday
2025-11-13,makemytrip,21546.5,Travel,UPI,November,2025,11,13,Thursday
2025-05-21,a2b,1314.92,Food,Net Banking,May,2025,5,21,Wednesday
2025-03-06,nike,908.57,Clothing,UPI,March,2025,3,6,Thursday
2025-10-06,apollo hospital,8758.74,Healthcare,UPI,October,2025,10,6,Monday
2025-12-28,jio fiber,4989.09,Bills,Credit Card,December,2025,12,28,Sunday
2025-01-30,spencers,4824.53,Grocery,Credit Card,January,2025,1,30,Thursday
2025-01-17,samsung store,79769.83,Electronics,Credit Card,January,2025,1,17,Friday
2025-08-05,tata cliq,3550.43,Online Shopping,Net Banking,August,2025,8,5,Tuesday
2025-05-19,nature's basket,1396.5,Grocery,Debit Card,May,2025,5,19,Monday
2025-07-23,yatra,19808.36,Travel,Credit Card,July,2025,7,23,Wednesday
2025-07-31,subway,1281.49,Food,Credit Card,July,2025,7,31,Thursday
2025-05-02,h&m,2972.73,Clothing,Debit Card,May,2025,5,2,Friday
2025-08-09,yatra,19915.47,Travel,Debit Card,August,2025,8,9,Saturday
2025-07-08,vistara,24813.44,Travel,Net Banking,July,2025,7,8,Tuesday
2025-07-17,lenskart,6744.25,Online Shopping,Debit Card,July,2025,7,17,Thursday
2025-04-12,airtel,4563.77,Bills,Net Banking,April,2025,4,12,Saturday
2025-08-22,yulu bikes,1505.29,Transport,Credit Card,August,2025,8,22,Friday
2025-09-10,pepperfry,12376.97,Online Shopping,Debit Card,September,2025,9,10,Wednesday
2025-10-30,property tax online,4717.43,Bills,Credit Card,October,2025,10,30,Thursday
2025-03-31,max fashion,3960.05,Clothing,UPI,March,2025,3,31,Monday
2025-09-20,medplus,5071.59,Healthcare,UPI,September,2025,9,20,Saturday
2025-02-26,pizza hut,954.3,Food,UPI,February,2025,2,26,Wednesday
2025-12-21,reliance digital,113707.88,Electronics,UPI,December,2025,12,21,Sunday
2025-09-07,kauvery,16200.21,Healthcare,Net Banking,September,2025,9,7,Sunday
2025-10-02,apollo hospital,8933.42,Healthcare,UPI,October,2025,10,2,Thursday
2025-11-03,amazon,9178.18,Online Shopping,Credit Card,November,2025,11,3,Monday
2025-12-04,meesho,1616.55,Online Shopping,Net Banking,December,2025,12,4,Thursday
2025-11-14,allen solly,6372.78,Clothing,UPI,November,2025,11,14,Friday
2025-06-09,spotify,641.69,Entertainment,Credit Card,June,2025,6,9,Monday
2025-04-23,paradise biryani,1118.37,Food,Debit Card,April,2025,4,23,Wednesday
2025-02-04,bsnl,5727.99,Bills,Net Banking,February,2025,2,4,Tuesday
2025-02-17,ola,1358.39,Transport,Debit Card,February,2025,2,17,Monday
2025-06-10,airasia,19378.18,Travel,Net Banking,June,2025,6,10,Tuesday
2025-09-15,1mg,13834.03,Healthcare,Debit Card,September,2025,9,15,Monday
2025-06-13,jio fiber,5616.71,Bills,UPI,June,2025,6,13,Friday
2025-12-04,meru cabs,204.93,Transport,UPI,December,2025,12,4,Thursday
2025-07-15,adidas,4343.95,Clothing,Debit Card,July,2025,7,15,Tuesday
2025-12-14,youtube premium,435.93,Entertainment,Debit Card,December,2025,12,14,Sunday
2025-03-22,apple music,487.46,Entertainment,UPI,March,2025,3,22,Saturday
2025-01-09,chai point,122.67,Food,Credit Card,January,2025,1,9,Thursday
2025-04-26,pepperfry,13710.93,Online Shopping,Debit Card,April,2025,4,26,Saturday
2025-07-02,bigbazaar,2836.4,Grocery,Credit Card,July,2025,7,2,Wednesday
2025-05-27,irctc,5044.06,Travel,Credit Card,May,2025,5,27,Tuesday
2025-11-14,cloudnine,11011.02,Healthcare,Credit Card,November,2025,11,14,Friday
2025-11-02,airasia,4782.41,Travel,Net Banking,November,2025,11,2,Sunday
2025-11-30,sonyliv,428.03,Entertainment,Credit Card,November,2025,11,30,Sunday
2025-03-05,allen solly,6428.35,Clothing,UPI,March,2025,3,5,Wednesday
2025-11-21,noise,33091.23,Electronics,Debit Card,November,2025,11,21,Friday
2025-12-31,jiomart,4103.67,Grocery,Credit Card,December,2025,12,31,Wednesday
2025-10-17,gaana,641.8,Entertainment,UPI,October,2025,10,17,Friday
2025-05-21,reliance digital,31262.56,Electronics,UPI,May,2025,5,21,Wednesday
2025-09-19,booking.com,20415.44,Travel,UPI,September,2025,9,19,Friday
2025-11-11,a2b,433.52,Food,Net Banking,November,2025,11,11,Tuesday
2025-02-03,metro rail,1835.57,Transport,UPI,February,2025,2,3,Monday
2025-12-02,sonyliv,942.2,Entertainment,Credit Card,December,2025,12,2,Tuesday
2025-04-09,act fibernet,3883.9,Bills,Debit Card,April,2025,4,9,Wednesday
2025-01-12,booking.com,2585.81,Travel,Net Banking,January,2025,1,12,Sunday
2025-07-26,taco bell,946.66,Food,Net Banking,July,2025,7,26,Saturday
2025-01-29,airasia,22949.75,Travel,Credit Card,January,2025,1,29,Wednesday
2025-05-20,amazon,3223.38,Online Shopping,Debit Card,May,2025,5,20,Tuesday
2025-09-20,zee5,371.29,Entertainment,Net Banking,September,2025,9,20,Saturday
2025-11-08,rapido,78.01,Transport,Debit Card,November,2025,11,8,Saturday
2025-12-15,pizza hut,216.23,Food,Debit Card,December,2025,12,15,Monday
2025-12-12,cream stone,788.97,Food,Debit Card,December,2025,12,12,Friday
2025-05-12,nike,1618.37,Clothing,UPI,May,2025,5,12,Monday
2025-11-11,yatra,23942.1,Travel,UPI,November,2025,11,11,Tuesday
2025-01-24,amazon,2942.83,Online Shopping,Debit Card,January,2025,1,24,Friday
2025-04-14,netflix,526.66,Entertainment,UPI,April,2025,4,14,Monday
2025-09-24,ola,1846.88,Transport,Debit Card,September,2025,9,24,Wednesday
2025-04-16,youtube premium,675.13,Entertainment,Net Banking,April,2025,4,16,Wednesday
2025-02-21,max fashion,5029.14,Clothing,Debit Card,February,2025,2,21,Friday
2025-08-19,max fashion,7966.03,Clothing,UPI,August,2025,8,19,Tuesday
2025-05-25,apollo hospital,19716.28,Healthcare,Debit Card,May,2025,5,25,Sunday
2025-01-14,water board,3959.34,Bills,Credit Card,January,2025,1,14,Tuesday
2025-05-30,jiomart,2707.89,Grocery,Net Banking,May,2025,5,30,Friday
2025-05-31,subway,1156.55,Food,Debit Card,May,2025,5,31,Saturday
2025-12-01,bigbazaar,2107.99,Grocery,Credit Card,December,2025,12,1,Monday
2025-06-07,airtel,2339.86,Bills,Net Banking,June,2025,6,7,Saturday
2025-03-30,mcdonalds,1121.87,Food,UPI,March,2025,3,30,Sunday
2025-01-12,mcdonalds,503.35,Food,Debit Card,January,2025,1,12,Sunday
2025-12-18,noise,132983.79,Electronics,Debit Card,December,2025,12,18,Thursday
2025-09-05,snapdeal,14238.09,Online Shopping,Credit Card,September,2025,9,5,Friday
2025-06-23,adidas,5402.06,Clothing,Net Banking,June,2025,6,23,Monday
2025-02-28,meesho,12807.35,Online Shopping,Credit Card,February,2025,2,28,Friday
2025-03-08,uber,1042.48,Transport,Debit Card,March,2025,3,8,Saturday
2025-04-10,hotstar,108.6,Entertainment,Debit Card,April,2025,4,10,Thursday
2025-12-22,flipkart,4527.37,Online Shopping,Credit Card,December,2025,12,22,Monday
2025-04-10,aha,297.62,Entertainment,Credit Card,April,2025,4,10,Thursday
2025-09-19,ccd,1475.95,Food,Debit Card,September,2025,9,19,Friday
2025-11-18,aster,5988.39,Healthcare,Debit Card,November,2025,11,18,Tuesday
2025-09-09,pharmeasy,16958.41,Healthcare,Credit Card,September,2025,9,9,Tuesday
2025-11-18,reliance fresh,1297.41,Grocery,UPI,November,2025,11,18,Tuesday
2025-04-04,tsrtc,614.46,Transport,Debit Card,April,2025,4,4,Friday
2025-03-21,indigo,19343.15,Travel,Net Banking,March,2025,3,21,Friday
2025-12-29,aha,116.68,Entertainment,Credit Card,December,2025,12,29,Monday
2025-03-19,hp world,75283.47,Electronics,UPI,March,2025,3,19,Wednesday
2025-11-30,netflix,856.09,Entertainment,UPI,November,2025,11,30,Sunday
2025-09-16,flipkart,13215.36,Online Shopping,UPI,September,2025,9,16,Tuesday
2025-01-20,tsrtc,1510.85,Transport,Credit Card,January,2025,1,20,Monday
2025-10-04,irctc,10331.02,Travel,Net Banking,October,2025,10,4,Saturday
2025-04-22,irctc,20367.6,Travel,Net Banking,April,2025,4,22,Tuesday
2025-09-25,myntra,13078.26,Online Shopping,Debit Card,September,2025,9,25,Thursday
2025-10-26,biba,1194.85,Clothing,UPI,October,2025,10,26,Sunday
2025-01-11,subway,794.79,Food,Debit Card,January,2025,1,11,Saturday
2025-03-16,nykaa,6162.79,Online Shopping,UPI,March,2025,3,16,Sunday
2025-06-28,asus store,127648.12,Electronics,Net Banking,June,2025,6,28,Saturday
2025-02-13,redbus,1272.53,Transport,UPI,February,2025,2,13,Thursday
2025-10-28,snapdeal,2338.78,Online Shopping,Net Banking,October,2025,10,28,Tuesday
2025-03-23,rapido,323.46,Transport,Net Banking,March,2025,3,23,Sunday
2025-02-18,snapdeal,9772.6,Online Shopping,UPI,February,2025,2,18,Tuesday
2025-01-30,jiomart,3073.1,Grocery,Net Banking,January,2025,1,30,Thursday
2025-08-21,nykaa,12118.68,Online Shopping,UPI,August,2025,8,21,Thursday
2025-11-05,kauvery,8555.09,Healthcare,Credit Card,November,2025,11,5,Wednesday
2025-12-04,zee5,758.6,Entertainment,Debit Card,December,2025,12,4,Thursday
2025-09-08,redbus,1123.58,Transport,Net Banking,September,2025,9,8,Monday
2025-05-27,nike,962.0,Clothing,Credit Card,May,2025,5,27,Tuesday
2025-04-12,samsung store,16602.59,Electronics,Debit Card,April,2025,4,12,Saturday
2025-09-22,dmart,2102.28,Grocery,Net Banking,September,2025,9,22,Monday
2025-01-16,metro rail,926.51,Transport,Net Banking,January,2025,1,16,Thursday
2025-12-08,apollo hospital,13258.06,Healthcare,Net Banking,December,2025,12,8,Monday
2025-08-12,apollo hospital,19125.2,Healthcare,UPI,August,2025,8,12,Tuesday
2025-03-04,vodafone idea,5731.95,Bills,Credit Card,March,2025,3,4,Tuesday
2025-09-27,mi store,58581.56,Electronics,Debit Card,September,2025,9,27,Saturday
2025-09-20,flipkart,566.87,Online Shopping,Debit Card,September,2025,9,20,Saturday
2025-08-26,metro rail,745.89,Transport,Net Banking,August,2025,8,26,Tuesday
2025-07-04,more supermarket,4929.1,Grocery,Net Banking,July,2025,7,4,Friday
2025-07-18,uber,1311.53,Transport,Net Banking,July,2025,7,18,Friday
2025-03-23,pharmeasy,17197.62,Healthcare,UPI,March,2025,3,23,Sunday
2025-06-02,boat lifestyle,38238.26,Electronics,UPI,June,2025,6,2,Monday
2025-06-02,pepperfry,7542.11,Online Shopping,UPI,June,2025,6,2,Monday
2025-07-28,dell exclusive,31707.19,Electronics,Net Banking,July,2025,7,28,Monday
2025-07-11,puma,1649.96,Clothing,Credit Card,July,2025,7,11,Friday
2025-01-31,apollo hospital,19833.79,Healthcare,Credit Card,January,2025,1,31,Friday
2025-03-25,paradise biryani,518.26,Food,Net Banking,March,2025,3,25,Tuesday
2025-08-02,jiomart,3823.39,Grocery,Credit Card,August,2025,8,2,Saturday
2025-06-04,nature's basket,4779.51,Grocery,UPI,June,2025,6,4,Wednesday
2025-10-25,bigbazaar,4073.54,Grocery,Debit Card,October,2025,10,25,Saturday
2025-10-15,puma,2389.46,Clothing,Debit Card,October,2025,10,15,Wednesday
2025-08-13,act fibernet,2465.76,Bills,Debit Card,August,2025,8,13,Wednesday
2025-05-17,zara,1412.52,Clothing,Net Banking,May,2025,5,17,Saturday
2025-12-06,apple music,607.69,Entertainment,UPI,December,2025,12,6,Saturday
2025-03-24,jio fiber,3604.11,Bills,UPI,March,2025,3,24,Monday
2025-04-16,mcdonalds,1301.23,Food,Net Banking,April,2025,4,16,Wednesday
2025-03-18,act fibernet,2752.93,Bills,Net Banking,March,2025,3,18,Tuesday
2025-07-08,oyo,23059.53,Travel,Net Banking,July,2025,7,8,Tuesday
2025-12-05,hp world,14877.76,Electronics,Credit Card,December,2025,12,5,Friday
2025-07-23,us polo,4850.75,Clothing,Debit Card,July,2025,7,23,Wednesday
2025-07-09,meru cabs,477.9,Transport,Net Banking,July,2025,7,9,Wednesday
2025-09-27,oyo,24801.03,Travel,Credit Card,September,2025,9,27,Saturday
2025-10-22,flipkart,286.76,Online Shopping,Net Banking,October,2025,10,22,Wednesday
2025-11-19,dmart,4783.12,Grocery,Credit Card,November,2025,11,19,Wednesday
2025-03-01,dmart,3152.52,Grocery,Net Banking,March,2025,3,1,Saturday
2025-10-23,hp world,101116.47,Electronics,UPI,October,2025,10,23,Thursday
2025-06-11,a2b,1116.87,Food,Debit Card,June,2025,6,11,Wednesday
2025-07-06,apple music,488.23,Entertainment,UPI,July,2025,7,6,Sunday
2025-11-21,sonyliv,524.95,Entertainment,Net Banking,November,2025,11,21,Friday
2025-10-06,amazon,11223.33,Online Shopping,Debit Card,October,2025,10,6,Monday
2025-05-22,aster,16352.63,Healthcare,Debit Card,May,2025,5,22,Thursday
2025-01-16,redbus,1971.01,Transport,Debit Card,January,2025,1,16,Thursday
2025-11-12,amazon prime,535.24,Entertainment,Debit Card,November,2025,11,12,Wednesday
2025-01-11,star bazaar,3159.43,Grocery,Net Banking,January,2025,1,11,Saturday
2025-06-10,makemytrip,640.84,Travel,UPI,June,2025,6,10,Tuesday
2025-07-05,indigo,28206.88,Travel,Net Banking,July,2025,7,5,Saturday
2025-06-09,reliance fresh,2198.81,Grocery,Debit Card,June,2025,6,9,Monday
2025-12-28,vivo store,4935.16,Electronics,Credit Card,December,2025,12,28,Sunday
2025-12-11,bmtc,1673.93,Transport,Credit Card,December,2025,12,11,Thursday
2025-02-27,nature's basket,1159.72,Grocery,Debit Card,February,2025,2,27,Thursday
2025-09-05,burger king,821.55,Food,Credit Card,September,2025,9,5,Friday
2025-10-18,amazon prime,176.3,Entertainment,Debit Card,October,2025,10,18,Saturday
2025-09-20,irctc,3978.95,Travel,Credit Card,September,2025,9,20,Saturday
2025-02-27,act fibernet,5296.41,Bills,UPI,February,2025,2,27,Thursday
2025-02-13,wrogn,2251.02,Clothing,Net Banking,February,2025,2,13,Thursday
2025-08-14,jio fiber,1730.49,Bills,UPI,August,2025,8,14,Thursday
2025-03-29,jio fiber,1374.86,Bills,Debit Card,March,2025,3,29,Saturday
2025-07-08,kauvery,7809.54,Healthcare,UPI,July,2025,7,8,Tuesday
2025-03-23,bmtc,655.93,Transport,Net Banking,March,2025,3,23,Sunday
2025-07-31,hotstar,851.05,Entertainment,Debit Card,July,2025,7,31,Thursday
2025-06-29,allen solly,939.33,Clothing,Net Banking,June,2025,6,29,Sunday
2025-11-11,rapido,498.47,Transport,Net Banking,November,2025,11,11,Tuesday
2025-04-26,zee5,234.22,Entertainment,Debit Card,April,2025,4,26,Saturday
2025-09-15,youtube premium,691.42,Entertainment,Net Banking,September,2025,9,15,Monday
2025-05-19,dell exclusive,79491.82,Electronics,Credit Card,May,2025,5,19,Monday
2025-09-20,boat lifestyle,146331.65,Electronics,UPI,September,2025,9,20,Saturday
2025-07-19,fortis,1297.44,Healthcare,Credit Card,July,2025,7,19,Saturday
2025-01-28,tsrtc,1651.99,Transport,Debit Card,January,2025,1,28,Tuesday
2025-12-23,medplus,3550.2,Healthcare,Debit Card,December,2025,12,23,Tuesday
2025-04-20,water board,5928.27,Bills,Credit Card,April,2025,4,20,Sunday
2025-05-21,uber,1209.25,Transport,Credit Card,May,2025,5,21,Wednesday
2025-06-12,spencers,2999.86,Grocery,Debit Card,June,2025,6,12,Thursday
2025-03-16,youtube premium,484.4,Entertainment,Net Banking,March,2025,3,16,Sunday
2025-08-06,tata cliq,8840.36,Online Shopping,UPI,August,2025,8,6,Wednesday
2025-12-25,gas agency,209.64,Bills,Debit Card,December,2025,12,25,Thursday
2025-12-01,netflix,790.81,Entertainment,Net Banking,December,2025,12,1,Monday
2025-09-07,yulu bikes,1098.48,Transport,Net Banking,September,2025,9,7,Sunday
2025-11-23,levis,3014.29,Clothing,Credit Card,November,2025,11,23,Sunday
2025-07-31,samsung store,50016.88,Electronics,Debit Card,July,2025,7,31,Thursday
2025-07-31,youtube premium,253.51,Entertainment,Net Banking,July,2025,7,31,Thursday
2025-02-23,saravana bhavan,310.8,Food,Credit Card,February,2025,2,23,Sunday
2025-03-21,allen solly,5466.37,Clothing,Debit Card,March,2025,3,21,Friday
2025-03-06,kauvery,7040.07,Healthcare,Credit Card,March,2025,3,6,Thursday
2025-09-29,zee5,607.1,Entertainment,UPI,September,2025,9,29,Monday
2025-03-11,hotstar,749.91,Entertainment,Debit Card,March,2025,3,11,Tuesday
2025-07-28,yatra,5642.0,Travel,Credit Card,July,2025,7,28,Monday
2025-07-19,netmeds,631.93,Healthcare,Debit Card,July,2025,7,19,Saturday
2025-10-08,sonyliv,589.94,Entertainment,Net Banking,October,2025,10,8,Wednesday
2025-07-28,netflix,578.47,Entertainment,Debit Card,July,2025,7,28,Monday
2025-05-15,tsrtc,522.06,Transport,Credit Card,May,2025,5,15,Thursday
2025-08-01,netflix,537.56,Entertainment,Credit Card,August,2025,8,1,Friday
2025-09-01,nilgiris,3891.9,Grocery,UPI,September,2025,9,1,Monday
2025-04-05,vistara,14203.67,Travel,Debit Card,April,2025,4,5,Saturday
2025-07-26,bsnl,468.96,Bills,Credit Card,July,2025,7,26,Saturday
2025-04-14,pharmeasy,5037.71,Healthcare,Net Banking,April,2025,4,14,Monday
2025-06-02,zee5,425.49,Entertainment,Debit Card,June,2025,6,2,Monday
2025-05-16,yulu bikes,190.7,Transport,Debit Card,May,2025,5,16,Friday
2025-02-21,bigbazaar,1816.51,Grocery,Credit Card,February,2025,2,21,Friday
2025-04-06,makemytrip,11530.4,Travel,Net Banking,April,2025,4,6,Sunday
2025-01-15,levis,1520.24,Clothing,Credit Card,January,2025,1,15,Wednesday
2025-01-21,puma,5466.06,Clothing,UPI,January,2025,1,21,Tuesday
2025-07-19,bmtc,349.03,Transport,Credit Card,July,2025,7,19,Saturday
2025-07-21,jiomart,909.13,Grocery,Net Banking,July,2025,7,21,Monday
2025-01-19,water board,5152.11,Bills,Debit Card,January,2025,1,19,Sunday
2025-03-30,nature's basket,457.84,Grocery,Net Banking,March,2025,3,30,Sunday
2025-07-10,tsrtc,285.51,Transport,Net Banking,July,2025,7,10,Thursday
2025-06-20,saravana bhavan,965.8,Food,Credit Card,June,2025,6,20,Friday
2025-11-30,spotify,773.0,Entertainment,Credit Card,November,2025,11,30,Sunday
2025-08-29,pantaloons,4596.03,Clothing,Credit Card,August,2025,8,29,Friday
2025-08-16,mcdonalds,1341.12,Food,Debit Card,August,2025,8,16,Saturday
2025-01-18,noise,135639.59,Electronics,Net Banking,January,2025,1,18,Saturday
2025-12-17,mi store,108589.35,Electronics,UPI,December,2025,12,17,Wednesday
2025-12-05,pepperfry,5348.52,Online Shopping,Debit Card,December,2025,12,5,Friday
2025-07-13,jio fiber,1887.68,Bills,Net Banking,July,2025,7,13,Sunday
2025-07-21,adidas,879.51,Clothing,Debit Card,July,2025,7,21,Monday
2025-05-01,kfc,1286.83,Food,Credit Card,May,2025,5,1,Thursday
2025-08-20,spotify,646.66,Entertainment,Net Banking,August,2025,8,20,Wednesday
2025-04-21,1mg,143.98,Healthcare,UPI,April,2025,4,21,Monday
2025-12-26,gaana,681.09,Entertainment,Debit Card,December,2025,12,26,Friday
2025-11-30,samsung store,142335.33,Electronics,Credit Card,November,2025,11,30,Sunday
2025-12-12,airtel,4867.06,Bills,Net Banking,December,2025,12,12,Friday
2025-09-04,dell exclusive,108503.42,Electronics,Net Banking,September,2025,9,4,Thursday
2025-05-02,rapido,1706.19,Transport,Credit Card,May,2025,5,2,Friday
2025-04-11,netflix,576.59,Entertainment,Net Banking,April,2025,4,11,Friday
2025-07-16,redbus,107.32,Transport,Net Banking,July,2025,7,16,Wednesday
2025-05-15,barbeque nation,164.68,Food,Debit Card,May,2025,5,15,Thursday
2025-12-18,metro rail,760.93,Transport,Credit Card,December,2025,12,18,Thursday
2025-09-30,vodafone idea,2807.76,Bills,Net Banking,September,2025,9,30,Tuesday
2025-07-25,airtel,4482.73,Bills,Debit Card,July,2025,7,25,Friday
2025-08-27,noise,92164.99,Electronics,Net Banking,August,2025,8,27,Wednesday
2025-01-23,sonyliv,587.47,Entertainment,Debit Card,January,2025,1,23,Thursday
2025-03-19,airtel,3858.0,Bills,Net Banking,March,2025,3,19,Wednesday
2025-02-13,ola,66.7,Transport,UPI,February,2025,2,13,Thursday
2025-04-07,uber,1814.75,Transport,Credit Card,April,2025,4,7,Monday
2025-12-11,gas agency,5382.03,Bills,Debit Card,December,2025,12,11,Thursday
2025-09-08,amazon prime,169.81,Entertainment,UPI,September,2025,9,8,Monday
2025-01-13,metro rail,1297.2,Transport,Net Banking,January,2025,1,13,Monday
2025-09-21,levis,4447.13,Clothing,UPI,September,2025,9,21,Sunday
2025-07-03,metro rail,854.7,Transport,Debit Card,July,2025,7,3,Thursday
2025-08-17,act fibernet,5309.96,Bills,Net Banking,August,2025,8,17,Sunday
2025-12-03,apple music,775.61,Entertainment,Credit Card,December,2025,12,3,Wednesday
2025-08-26,hotstar,550.41,Entertainment,Credit Card,August,2025,8,26,Tuesday
2025-11-12,spencers,2613.92,Grocery,Net Banking,November,2025,11,12,Wednesday
2025-06-14,yatra,9915.56,Travel,Debit Card,June,2025,6,14,Saturday
2025-12-25,aha,850.46,Entertainment,UPI,December,2025,12,25,Thursday
2025-08-20,jiomart,2852.53,Grocery,UPI,August,2025,8,20,Wednesday
2025-10-24,sony center,53961.41,Electronics,Debit Card,October,2025,10,24,Friday
2025-09-03,meru cabs,826.16,Transport,Net Banking,September,2025,9,3,Wednesday
2025-10-20,act fibernet,5029.87,Bills,Debit Card,October,2025,10,20,Monday
2025-05-02,kauvery,12716.61,Healthcare,Credit Card,May,2025,5,2,Friday
2025-04-27,h&m,7129.58,Clothing,UPI,April,2025,4,27,Sunday
2025-03-05,mcdonalds,759.62,Food,UPI,March,2025,3,5,Wednesday
2025-12-28,snapdeal,358.96,Online Shopping,Net Banking,December,2025,12,28,Sunday
2025-03-02,bmtc,1509.21,Transport,UPI,March,2025,3,2,Sunday
2025-08-03,irctc,1859.33,Travel,Debit Card,August,2025,8,3,Sunday
2025-06-28,sonyliv,889.59,Entertainment,UPI,June,2025,6,28,Saturday
2025-02-09,vivo store,66136.49,Electronics,Debit Card,February,2025,2,9,Sunday
2025-08-17,water board,1019.65,Bills,UPI,August,2025,8,17,Sunday
2025-01-16,vivo store,92748.59,Electronics,Net Banking,January,2025,1,16,Thursday
2025-01-28,booking.com,25533.41,Travel,UPI,January,2025,1,28,Tuesday
2025-11-14,air india,1130.03,Travel,Debit Card,November,2025,11,14,Friday
2025-06-04,mi store,55246.56,Electronics,Debit Card,June,2025,6,4,Wednesday
2025-05-07,sonyliv,859.35,Entertainment,UPI,May,2025,5,7,Wednesday
2025-01-11,dell exclusive,14122.69,Electronics,UPI,January,2025,1,11,Saturday
2025-08-28,ccd,1060.84,Food,Net Banking,August,2025,8,28,Thursday
2025-08-05,max fashion,5945.68,Clothing,Debit Card,August,2025,8,5,Tuesday
2025-08-30,vivo store,127722.09,Electronics,Net Banking,August,2025,8,30,Saturday
2025-04-20,flipkart,2433.45,Online Shopping,UPI,April,2025,4,20,Sunday
2025-11-28,vodafone idea,3175.29,Bills,Debit Card,November,2025,11,28,Friday
2025-03-18,paradise biryani,483.57,Food,Debit Card,March,2025,3,18,Tuesday
2025-06-12,apollo pharmacy,4264.4,Healthcare,Debit Card,June,2025,6,12,Thursday
2025-12-24,yatra,2658.22,Travel,Credit Card,December,2025,12,24,Wednesday
2025-07-18,act fibernet,5600.23,Bills,UPI,July,2025,7,18,Friday
2025-09-06,pizza hut,704.03,Food,Net Banking,September,2025,9,6,Saturday
2025-07-19,star bazaar,1712.0,Grocery,Credit Card,July,2025,7,19,Saturday
2025-03-10,netflix,650.49,Entertainment,Net Banking,March,2025,3,10,Monday
2025-09-28,tsrtc,1832.42,Transport,Debit Card,September,2025,9,28,Sunday
2025-10-13,vistara,24941.9,Travel,UPI,October,2025,10,13,Monday
2025-08-28,amazon prime,294.2,Entertainment,Credit Card,August,2025,8,28,Thursday
2025-12-07,croma,133441.33,Electronics,Debit Card,December,2025,12,7,Sunday
2025-05-31,max fashion,6567.11,Clothing,UPI,May,2025,5,31,Saturday
2025-06-07,asus store,36950.21,Electronics,UPI,June,2025,6,7,Saturday
2025-05-08,zara,5294.32,Clothing,UPI,May,2025,5,8,Thursday
2025-08-10,mi store,67650.08,Electronics,Credit Card,August,2025,8,10,Sunday
2025-09-24,property tax online,1439.73,Bills,Net Banking,September,2025,9,24,Wednesday
2025-07-11,ola,381.13,Transport,Net Banking,July,2025,7,11,Friday
2025-01-28,zara,7427.75,Clothing,UPI,January,2025,1,28,Tuesday
2025-03-11,apple store,94787.15,Electronics,Credit Card,March,2025,3,11,Tuesday
2025-09-25,ccd,320.24,Food,Debit Card,September,2025,9,25,Thursday
2025-09-09,apollo pharmacy,9056.75,Healthcare,Net Banking,September,2025,9,9,Tuesday
2025-03-21,oneplus,42520.16,Electronics,UPI,March,2025,3,21,Friday
2025-08-29,indigo,24634.82,Travel,Credit Card,August,2025,8,29,Friday
2025-10-29,yulu bikes,783.3,Transport,Credit Card,October,2025,10,29,Wednesday
2025-07-21,nike,3589.14,Clothing,Net Banking,July,2025,7,21,Monday
2025-04-15,sony center,130769.25,Electronics,UPI,April,2025,4,15,Tuesday
2025-06-27,flipkart,14249.83,Online Shopping,Net Banking,June,2025,6,27,Friday
2025-08-27,tata cliq,5130.67,Online Shopping,Debit Card,August,2025,8,27,Wednesday
2025-04-26,reliance fresh,2210.33,Grocery,Net Banking,April,2025,4,26,Saturday
2025-12-20,jio fiber,3379.39,Bills,Credit Card,December,2025,12,20,Saturday
2025-06-26,netflix,323.89,Entertainment,Credit Card,June,2025,6,26,Thursday
2025-05-01,saravana bhavan,1373.49,Food,Credit Card,May,2025,5,1,Thursday
2025-01-11,mcdonalds,832.06,Food,UPI,January,2025,1,11,Saturday
2025-01-03,metro rail,1198.27,Transport,Credit Card,January,2025,1,3,Friday
2025-05-22,youtube premium,682.19,Entertainment,Credit Card,May,2025,5,22,Thursday
2025-04-28,vivo store,23595.43,Electronics,Net Banking,April,2025,4,28,Monday
2025-06-07,1mg,8503.35,Healthcare,Credit Card,June,2025,6,7,Saturday
2025-09-25,nature's basket,464.29,Grocery,Net Banking,September,2025,9,25,Thursday
2025-07-05,redbus,185.62,Transport,Net Banking,July,2025,7,5,Saturday
2025-12-10,star bazaar,878.85,Grocery,Debit Card,December,2025,12,10,Wednesday
2025-09-01,pepperfry,6602.31,Online Shopping,Credit Card,September,2025,9,1,Monday
2025-05-13,goibibo,19512.95,Travel,UPI,May,2025,5,13,Tuesday
2025-11-30,h&m,3660.58,Clothing,Net Banking,November,2025,11,30,Sunday
2025-11-13,bigbazaar,283.91,Grocery,Debit Card,November,2025,11,13,Thursday
2025-10-28,rapido,1611.78,Transport,Credit Card,October,2025,10,28,Tuesday
2025-02-05,goibibo,20562.67,Travel,Credit Card,February,2025,2,5,Wednesday
2025-01-21,1mg,4372.62,Healthcare,Debit Card,January,2025,1,21,Tuesday
2025-08-05,spencers,4757.68,Grocery,Debit Card,August,2025,8,5,Tuesday
2025-07-20,amazon prime,547.65,Entertainment,UPI,July,2025,7,20,Sunday
2025-06-20,bsnl,2952.37,Bills,Net Banking,June,2025,6,20,Friday
2025-03-18,medplus,4821.2,Healthcare,Net Banking,March,2025,3,18,Tuesday
2025-10-31,noise,124289.1,Electronics,Credit Card,October,2025,10,31,Friday
2025-09-08,amazon,9011.81,Online Shopping,Debit Card,September,2025,9,8,Monday
2025-05-02,nilgiris,205.84,Grocery,UPI,May,2025,5,2,Friday
2025-08-11,aha,859.26,Entertainment,Debit Card,August,2025,8,11,Monday
2025-03-02,netmeds,11498.46,Healthcare,Debit Card,March,2025,3,2,Sunday
2025-08-10,amazon,17755.57,Online Shopping,Credit Card,August,2025,8,10,Sunday
2025-10-05,apollo hospital,9134.79,Healthcare,UPI,October,2025,10,5,Sunday
2025-08-03,jiomart,4216.61,Grocery,UPI,August,2025,8,3,Sunday
2025-11-14,rapido,499.69,Transport,Net Banking,November,2025,11,14,Friday
2025-01-21,makemytrip,14252.88,Travel,Debit Card,January,2025,1,21,Tuesday
2025-08-08,yatra,9989.62,Travel,Credit Card,August,2025,8,8,Friday
2025-10-15,dmart,1666.05,Grocery,Debit Card,October,2025,10,15,Wednesday
2025-02-28,burger king,405.39,Food,Debit Card,February,2025,2,28,Friday
2025-10-01,nilgiris,4853.78,Grocery,Debit Card,October,2025,10,1,Wednesday
2025-06-20,water board,553.91,Bills,Credit Card,June,2025,6,20,Friday
2025-05-25,jiomart,1512.5,Grocery,Credit Card,May,2025,5,25,Sunday
2025-06-28,reliance digital,144078.13,Electronics,Net Banking,June,2025,6,28,Saturday
2025-04-28,mi store,56109.46,Electronics,Debit Card,April,2025,4,28,Monday
2025-07-17,apple store,50233.05,Electronics,UPI,July,2025,7,17,Thursday
2025-02-23,tata cliq,19851.25,Online Shopping,Debit Card,February,2025,2,23,Sunday
2025-01-06,nykaa,7049.25,Online Shopping,Net Banking,January,2025,1,6,Monday
2025-07-04,indigo,7819.07,Travel,Debit Card,July,2025,7,4,Friday
2025-10-22,makemytrip,8415.36,Travel,Net Banking,October,2025,10,22,Wednesday
2025-08-08,pepperfry,19219.37,Online Shopping,Debit Card,August,2025,8,8,Friday
2025-11-24,kfc,1290.28,Food,Debit Card,November,2025,11,24,Monday
2025-10-04,dominos,437.35,Food,Credit Card,October,2025,10,4,Saturday
2025-09-08,airasia,26793.52,Travel,Debit Card,September,2025,9,8,Monday
2025-10-11,oneplus,88734.45,Electronics,Net Banking,October,2025,10,11,Saturday
2025-10-01,rapido,1870.68,Transport,UPI,October,2025,10,1,Wednesday
2025-06-16,samsung store,42400.58,Electronics,Credit Card,June,2025,6,16,Monday
2025-08-11,gas agency,1534.07,Bills,Debit Card,August,2025,8,11,Monday
2025-01-31,uber,1923.06,Transport,Debit Card,January,2025,1,31,Friday
2025-10-14,nykaa,1185.47,Online Shopping,UPI,October,2025,10,14,Tuesday
2025-04-08,puma,929.92,Clothing,Credit Card,April,2025,4,8,Tuesday
2025-01-15,sonyliv,533.46,Entertainment,Credit Card,January,2025,1,15,Wednesday
2025-11-02,meru cabs,1694.09,Transport,UPI,November,2025,11,2,Sunday
2025-08-27,samsung store,135305.43,Electronics,Net Banking,August,2025,8,27,Wednesday
2025-12-18,meesho,12643.0,Online Shopping,Credit Card,December,2025,12,18,Thursday
2025-04-29,fortis,10604.59,Healthcare,Credit Card,April,2025,4,29,Tuesday
2025-08-30,bsnl,4223.78,Bills,Debit Card,August,2025,8,30,Saturday
2025-11-09,puma,3579.47,Clothing,Debit Card,November,2025,11,9,Sunday
2025-08-20,allen solly,4545.81,Clothing,Debit Card,August,2025,8,20,Wednesday
2025-04-23,indigo,28427.3,Travel,Credit Card,April,2025,4,23,Wednesday
2025-05-19,property tax online,2607.26,Bills,Net Banking,May,2025,5,19,Monday
2025-07-22,vodafone idea,1078.03,Bills,Net Banking,July,2025,7,22,Tuesday
2025-05-17,aster,2910.19,Healthcare,Debit Card,May,2025,5,17,Saturday
2025-11-08,pantaloons,2350.47,Clothing,Credit Card,November,2025,11,8,Saturday
2025-12-15,lenskart,6917.11,Online Shopping,Net Banking,December,2025,12,15,Monday
2025-11-25,aha,124.71,Entertainment,Credit Card,November,2025,11,25,Tuesday
2025-06-05,lenskart,11815.71,Online Shopping,Debit Card,June,2025,6,5,Thursday
2025-04-03,medplus,12811.89,Healthcare,Net Banking,April,2025,4,3,Thursday
2025-07-11,us polo,6257.24,Clothing,UPI,July,2025,7,11,Friday
2025-02-22,1mg,4218.64,Healthcare,Credit Card,February,2025,2,22,Saturday
2025-05-11,levis,4866.36,Clothing,Debit Card,May,2025,5,11,Sunday
2025-05-25,vodafone idea,1998.65,Bills,Debit Card,May,2025,5,25,Sunday
2025-03-19,kauvery,7454.69,Healthcare,Debit Card,March,2025,3,19,Wednesday
2025-09-21,burger king,696.54,Food,Net Banking,September,2025,9,21,Sunday
2025-11-26,dmart,944.6,Grocery,Net Banking,November,2025,11,26,Wednesday
2025-11-15,pantaloons,4576.88,Clothing,Net Banking,November,2025,11,15,Saturday
2025-03-28,air india,26465.55,Travel,Net Banking,March,2025,3,28,Friday
2025-08-18,zee5,943.39,Entertainment,Credit Card,August,2025,8,18,Monday
2025-12-02,yulu bikes,384.45,Transport,UPI,December,2025,12,2,Tuesday
2025-02-13,dell exclusive,13275.14,Electronics,Net Banking,February,2025,2,13,Thursday
2025-01-22,samsung store,13940.59,Electronics,UPI,January,2025,1,22,Wednesday
2025-12-03,zara,1727.17,Clothing,Net Banking,December,2025,12,3,Wednesday
2025-03-23,puma,2279.28,Clothing,Debit Card,March,2025,3,23,Sunday
2025-10-13,irctc,9639.1,Travel,Debit Card,October,2025,10,13,Monday
2025-03-11,nilgiris,2398.55,Grocery,UPI,March,2025,3,11,Tuesday
2025-06-03,asus store,86163.84,Electronics,UPI,June,2025,6,3,Tuesday
2025-06-13,hp world,111282.19,Electronics,Debit Card,June,2025,6,13,Friday
2025-10-08,bigbazaar,3365.54,Grocery,Debit Card,October,2025,10,8,Wednesday
2025-07-04,boat lifestyle,130222.15,Electronics,Credit Card,July,2025,7,4,Friday
2025-04-15,reliance fresh,2632.12,Grocery,Credit Card,April,2025,4,15,Tuesday
2025-11-28,fortis,3482.26,Healthcare,Net Banking,November,2025,11,28,Friday
2025-05-23,rapido,616.19,Transport,UPI,May,2025,5,23,Friday
2025-12-15,apollo hospital,19668.04,Healthcare,Debit Card,December,2025,12,15,Monday
2025-06-30,bmtc,806.24,Transport,Debit Card,June,2025,6,30,Monday
2025-02-10,tsrtc,1918.24,Transport,Credit Card,February,2025,2,10,Monday
2025-02-24,asus store,16273.23,Electronics,Credit Card,February,2025,2,24,Monday
2025-08-14,dell exclusive,137861.13,Electronics,UPI,August,2025,8,14,Thursday
2025-01-18,nykaa,4621.93,Online Shopping,Net Banking,January,2025,1,18,Saturday
2025-01-21,sonyliv,485.8,Entertainment,UPI,January,2025,1,21,Tuesday
2025-01-18,youtube premium,319.57,Entertainment,Net Banking,January,2025,1,18,Saturday
2025-09-30,myntra,3989.52,Online Shopping,Debit Card,September,2025,9,30,Tuesday
2025-04-15,zee5,866.9,Entertainment,Debit Card,April,2025,4,15,Tuesday
2025-12-06,burger king,848.66,Food,Debit Card,December,2025,12,6,Saturday
2025-06-22,air india,9039.33,Travel,UPI,June,2025,6,22,Sunday
2025-09-11,hotstar,713.45,Entertainment,Credit Card,September,2025,9,11,Thursday
2025-05-09,yatra,28053.2,Travel,Debit Card,May,2025,5,9,Friday
2025-07-03,reliance fresh,2972.75,Grocery,Credit Card,July,2025,7,3,Thursday
2025-05-02,meru cabs,1034.54,Transport,Debit Card,May,2025,5,2,Friday
2025-03-28,boat lifestyle,130878.31,Electronics,UPI,March,2025,3,28,Friday
2025-08-04,apple store,121281.21,Electronics,Credit Card,August,2025,8,4,Monday
2025-09-19,aha,906.79,Entertainment,Debit Card,September,2025,9,19,Friday
2025-03-19,act fibernet,3114.42,Bills,Debit Card,March,2025,3,19,Wednesday
2025-06-10,indigo,15811.57,Travel,Credit Card,June,2025,6,10,Tuesday
2025-01-18,pharmeasy,17579.58,Healthcare,UPI,January,2025,1,18,Saturday
2025-05-05,zee5,944.71,Entertainment,UPI,May,2025,5,5,Monday
2025-05-26,boat lifestyle,30941.12,Electronics,Credit Card,May,2025,5,26,Monday
2025-09-23,nilgiris,4114.69,Grocery,Credit Card,September,2025,9,23,Tuesday
2025-07-07,indigo,10686.84,Travel,UPI,July,2025,7,7,Monday
2025-06-25,flipkart,16637.23,Online Shopping,Net Banking,June,2025,6,25,Wednesday
2025-07-24,airtel,3137.48,Bills,UPI,July,2025,7,24,Thursday
2025-06-13,samsung store,76007.97,Electronics,Credit Card,June,2025,6,13,Friday
2025-08-30,tneb,3380.87,Bills,UPI,August,2025,8,30,Saturday
2025-05-01,star bazaar,1177.37,Grocery,UPI,May,2025,5,1,Thursday
2025-09-13,spencers,1458.15,Grocery,Credit Card,September,2025,9,13,Saturday
2025-10-02,uber,1132.2,Transport,Credit Card,October,2025,10,2,Thursday
2025-06-18,max fashion,3511.29,Clothing,Debit Card,June,2025,6,18,Wednesday
2025-12-01,ola,253.6,Transport,Credit Card,December,2025,12,1,Monday
2025-02-09,oyo,4022.34,Travel,UPI,February,2025,2,9,Sunday
2025-04-25,booking.com,7938.85,Travel,Net Banking,April,2025,4,25,Friday
2025-04-18,jiomart,953.63,Grocery,Net Banking,April,2025,4,18,Friday
2025-04-08,tata cliq,6378.67,Online Shopping,Debit Card,April,2025,4,8,Tuesday
2025-03-07,1mg,13258.71,Healthcare,Net Banking,March,2025,3,7,Friday
2025-05-17,nike,7571.87,Clothing,Debit Card,May,2025,5,17,Saturday
2025-04-01,redbus,719.38,Transport,Debit Card,April,2025,4,1,Tuesday
2025-08-30,meru cabs,1996.63,Transport,Net Banking,August,2025,8,30,Saturday
2025-01-22,starbucks,1063.59,Food,Debit Card,January,2025,1,22,Wednesday
2025-06-18,saravana bhavan,755.39,Food,Credit Card,June,2025,6,18,Wednesday
2025-04-25,nike,1374.84,Clothing,UPI,April,2025,4,25,Friday
2025-07-30,act fibernet,1453.81,Bills,Credit Card,July,2025,7,30,Wednesday
2025-02-13,water board,1101.52,Bills,Credit Card,February,2025,2,13,Thursday
2025-03-02,star bazaar,605.55,Grocery,Credit Card,March,2025,3,2,Sunday
2025-07-21,bmtc,1586.46,Transport,UPI,July,2025,7,21,Monday
2025-10-06,apple music,472.0,Entertainment,Net Banking,October,2025,10,6,Monday
2025-03-27,uber,377.95,Transport,Credit Card,March,2025,3,27,Thursday
2025-10-19,spencers,2782.74,Grocery,Net Banking,October,2025,10,19,Sunday
2025-06-26,amazon,10718.93,Online Shopping,Debit Card,June,2025,6,26,Thursday
2025-06-30,oneplus,52662.59,Electronics,UPI,June,2025,6,30,Monday
2025-05-17,ccd,334.85,Food,Debit Card,May,2025,5,17,Saturday
2025-01-12,goibibo,7622.82,Travel,Net Banking,January,2025,1,12,Sunday
2025-09-17,spencers,1954.96,Grocery,Net Banking,September,2025,9,17,Wednesday
2025-10-19,pantaloons,3376.6,Clothing,Net Banking,October,2025,10,19,Sunday
2025-05-23,metro rail,1171.69,Transport,Debit Card,May,2025,5,23,Friday
2025-09-11,amazon prime,348.28,Entertainment,Credit Card,September,2025,9,11,Thursday
2025-01-28,1mg,19647.12,Healthcare,Credit Card,January,2025,1,28,Tuesday
2025-12-14,bigbazaar,1790.99,Grocery,Net Banking,December,2025,12,14,Sunday
2025-12-02,hotstar,253.94,Entertainment,Credit Card,December,2025,12,2,Tuesday
2025-12-09,airtel,262.08,Bills,Net Banking,December,2025,12,9,Tuesday
2025-12-25,1mg,17519.65,Healthcare,Credit Card,December,2025,12,25,Thursday
2025-03-08,reliance digital,85222.62,Electronics,Debit Card,March,2025,3,8,Saturday
2025-08-17,h&m,5927.61,Clothing,Debit Card,August,2025,8,17,Sunday
2025-07-25,metro rail,1655.87,Transport,Net Banking,July,2025,7,25,Friday
2025-12-17,jio fiber,5738.35,Bills,Net Banking,December,2025,12,17,Wednesday
2025-01-28,tneb,4851.88,Bills,UPI,January,2025,1,28,Tuesday
2025-01-25,cloudnine,324.01,Healthcare,UPI,January,2025,1,25,Saturday
2025-01-25,pepperfry,7142.65,Online Shopping,Net Banking,January,2025,1,25,Saturday
2025-11-21,ccd,474.74,Food,Credit Card,November,2025,11,21,Friday
2025-04-23,netflix,597.74,Entertainment,Credit Card,April,2025,4,23,Wednesday
2025-01-24,wrogn,2762.96,Clothing,UPI,January,2025,1,24,Friday
2025-04-14,ola,571.06,Transport,Net Banking,April,2025,4,14,Monday
2025-01-31,booking.com,21983.23,Travel,Credit Card,January,2025,1,31,Friday
2025-09-10,adidas,5039.96,Clothing,UPI,September,2025,9,10,Wednesday
2025-08-31,pizza hut,860.87,Food,Debit Card,August,2025,8,31,Sunday
2025-04-29,mcdonalds,1195.86,Food,UPI,April,2025,4,29,Tuesday
2025-01-18,bsnl,1985.56,Bills,Credit Card,January,2025,1,18,Saturday
2025-11-14,air india,6837.32,Travel,UPI,November,2025,11,14,Friday
2025-02-25,ajio,17317.51,Online Shopping,Net Banking,February,2025,2,25,Tuesday
2025-07-10,cream stone,829.23,Food,Debit Card,July,2025,7,10,Thursday
2025-08-07,apple store,68606.18,Electronics,UPI,August,2025,8,7,Thursday
2025-10-09,reliance digital,59659.25,Electronics,Credit Card,October,2025,10,9,Thursday
2025-06-29,adidas,5626.87,Clothing,UPI,June,2025,6,29,Sunday
2025-08-22,nilgiris,720.88,Grocery,Net Banking,August,2025,8,22,Friday
2025-12-28,apple store,107710.79,Electronics,Net Banking,December,2025,12,28,Sunday
2025-03-13,chai point,158.17,Food,Net Banking,March,2025,3,13,Thursday
2025-06-08,pepperfry,6077.15,Online Shopping,Credit Card,June,2025,6,8,Sunday
2025-04-17,yulu bikes,935.7,Transport,Net Banking,April,2025,4,17,Thursday
2025-04-05,boat lifestyle,129838.71,Electronics,Debit Card,April,2025,4,5,Saturday
2025-09-06,puma,6605.5,Clothing,Credit Card,September,2025,9,6,Saturday
2025-08-12,cloudnine,12257.07,Healthcare,UPI,August,2025,8,12,Tuesday
2025-12-22,cream stone,965.4,Food,Credit Card,December,2025,12,22,Monday
2025-08-14,1mg,18751.65,Healthcare,Credit Card,August,2025,8,14,Thursday
2025-04-24,star bazaar,347.72,Grocery,Net Banking,April,2025,4,24,Thursday
2025-03-30,aster,17752.43,Healthcare,UPI,March,2025,3,30,Sunday
2025-08-18,makemytrip,15380.45,Travel,UPI,August,2025,8,18,Monday
2025-02-06,act fibernet,472.02,Bills,Net Banking,February,2025,2,6,Thursday
2025-01-04,ola,457.38,Transport,Net Banking,January,2025,1,4,Saturday
2025-08-09,star bazaar,3273.11,Grocery,Net Banking,August,2025,8,9,Saturday
2025-09-25,dominos,1178.81,Food,Debit Card,September,2025,9,25,Thursday
2025-05-20,tsrtc,597.44,Transport,UPI,May,2025,5,20,Tuesday
2025-09-18,youtube premium,615.44,Entertainment,Credit Card,September,2025,9,18,Thursday
2025-05-19,kfc,1453.0,Food,Credit Card,May,2025,5,19,Monday
2025-03-29,vodafone idea,3962.22,Bills,Credit Card,March,2025,3,29,Saturday
2025-06-21,vistara,24608.91,Travel,Net Banking,June,2025,6,21,Saturday
2025-11-13,apple store,22777.65,Electronics,Net Banking,November,2025,11,13,Thursday
2025-12-10,noise,67605.71,Electronics,Debit Card,December,2025,12,10,Wednesday
2025-09-23,flipkart,12256.15,Online Shopping,Debit Card,September,2025,9,23,Tuesday
2025-01-10,meru cabs,1579.39,Transport,Debit Card,January,2025,1,10,Friday
2025-08-20,jio fiber,3999.16,Bills,Net Banking,August,2025,8,20,Wednesday
2025-10-12,pharmeasy,14753.31,Healthcare,UPI,October,2025,10,12,Sunday
2025-08-22,booking.com,7381.07,Travel,Net Banking,August,2025,8,22,Friday
2025-04-20,rapido,1505.29,Transport,Net Banking,April,2025,4,20,Sunday
2025-03-06,cloudnine,1550.7,Healthcare,Credit Card,March,2025,3,6,Thursday
2025-06-11,apollo hospital,14183.56,Healthcare,Debit Card,June,2025,6,11,Wednesday
2025-02-17,spencers,3201.66,Grocery,Net Banking,February,2025,2,17,Monday
2025-06-11,pepperfry,424.82,Online Shopping,Net Banking,June,2025,6,11,Wednesday
2025-10-10,property tax online,5213.97,Bills,UPI,October,2025,10,10,Friday
2025-07-16,nilgiris,2877.93,Grocery,UPI,July,2025,7,16,Wednesday
2025-05-24,vivo store,109340.31,Electronics,Credit Card,May,2025,5,24,Saturday
2025-02-24,booking.com,22509.82,Travel,Net Banking,February,2025,2,24,Monday
2025-01-14,netmeds,8968.21,Healthcare,Credit Card,January,2025,1,14,Tuesday
2025-04-11,redbus,1219.11,Transport,UPI,April,2025,4,11,Friday
2025-09-30,pizza hut,1297.94,Food,Net Banking,September,2025,9,30,Tuesday
2025-04-13,nike,3897.94,Clothing,Credit Card,April,2025,4,13,Sunday
2025-10-29,tsrtc,1307.97,Transport,Debit Card,October,2025,10,29,Wednesday
2025-06-03,burger king,216.23,Food,Debit Card,June,2025,6,3,Tuesday
2025-07-06,act fibernet,5869.12,Bills,Net Banking,July,2025,7,6,Sunday
2025-05-18,noise,114743.01,Electronics,UPI,May,2025,5,18,Sunday
2025-12-01,reliance fresh,2740.91,Grocery,Debit Card,December,2025,12,1,Monday
2025-07-27,lenskart,19530.43,Online Shopping,Credit Card,July,2025,7,27,Sunday
2025-09-18,burger king,979.72,Food,Credit Card,September,2025,9,18,Thursday
2025-11-11,bigbazaar,3535.7,Grocery,Debit Card,November,2025,11,11,Tuesday
2025-04-29,tata cliq,15588.18,Online Shopping,Debit Card,April,2025,4,29,Tuesday
2025-06-02,metro rail,63.7,Transport,Debit Card,June,2025,6,2,Monday
2025-09-27,subway,857.46,Food,Debit Card,September,2025,9,27,Saturday
2025-01-09,a2b,1013.95,Food,Credit Card,January,2025,1,9,Thursday
2025-11-19,cloudnine,4343.22,Healthcare,Debit Card,November,2025,11,19,Wednesday
2025-06-20,boat lifestyle,61030.43,Electronics,UPI,June,2025,6,20,Friday
2025-02-23,barbeque nation,1003.14,Food,Credit Card,February,2025,2,23,Sunday
2025-05-18,reliance digital,133932.78,Electronics,Net Banking,May,2025,5,18,Sunday
2025-09-05,kauvery,9389.85,Healthcare,Net Banking,September,2025,9,5,Friday
2025-11-14,us polo,1185.75,Clothing,UPI,November,2025,11,14,Friday
2025-03-09,saravana bhavan,1325.94,Food,Credit Card,March,2025,3,9,Sunday
2025-12-22,gaana,464.89,Entertainment,UPI,December,2025,12,22,Monday
2025-04-27,netflix,833.04,Entertainment,Net Banking,April,2025,4,27,Sunday
2025-06-27,myntra,12430.23,Online Shopping,Net Banking,June,2025,6,27,Friday
2025-03-02,snapdeal,12748.07,Online Shopping,UPI,March,2025,3,2,Sunday
2025-11-10,woodland,6977.13,Clothing,UPI,November,2025,11,10,Monday
2025-03-03,ccd,1076.89,Food,Credit Card,March,2025,3,3,Monday
2025-06-28,amazon prime,451.16,Entertainment,UPI,June,2025,6,28,Saturday
2025-01-29,youtube premium,707.97,Entertainment,Credit Card,January,2025,1,29,Wednesday
2025-10-29,bmtc,266.49,Transport,UPI,October,2025,10,29,Wednesday
2025-07-24,woodland,3562.18,Clothing,Debit Card,July,2025,7,24,Thursday
2025-08-01,lenskart,11971.09,Online Shopping,Net Banking,August,2025,8,1,Friday
2025-12-07,levis,5516.14,Clothing,UPI,December,2025,12,7,Sunday
2025-11-18,tneb,4623.56,Bills,Debit Card,November,2025,11,18,Tuesday
2025-01-17,netflix,769.57,Entertainment,UPI,January,2025,1,17,Friday
2025-05-14,netmeds,15397.97,Healthcare,Debit Card,May,2025,5,14,Wednesday
2025-10-01,vodafone idea,2309.54,Bills,UPI,October,2025,10,1,Wednesday
2025-04-21,indigo,26593.08,Travel,Credit Card,April,2025,4,21,Monday
2025-03-10,uber,419.49,Transport,Net Banking,March,2025,3,10,Monday
2025-09-07,jio fiber,2230.22,Bills,Net Banking,September,2025,9,7,Sunday
2025-03-16,tneb,5833.66,Bills,Credit Card,March,2025,3,16,Sunday
2025-10-29,apollo hospital,15800.99,Healthcare,Credit Card,October,2025,10,29,Wednesday
2025-10-31,pizza hut,137.13,Food,Debit Card,October,2025,10,31,Friday
2025-02-28,snapdeal,15867.55,Online Shopping,UPI,February,2025,2,28,Friday
2025-04-13,spencers,3400.35,Grocery,Credit Card,April,2025,4,13,Sunday
2025-08-28,cream stone,349.79,Food,Debit Card,August,2025,8,28,Thursday
2025-05-03,hp world,112728.73,Electronics,Net Banking,May,2025,5,3,Saturday
2025-04-26,starbucks,927.66,Food,Debit Card,April,2025,4,26,Saturday
2025-07-10,nike,588.6,Clothing,Credit Card,July,2025,7,10,Thursday
2025-03-19,metro rail,690.11,Transport,Net Banking,March,2025,3,19,Wednesday
2025-03-19,star bazaar,3328.29,Grocery,Credit Card,March,2025,3,19,Wednesday
2025-05-16,zara,2503.97,Clothing,Debit Card,May,2025,5,16,Friday
2025-03-08,gaana,878.44,Entertainment,UPI,March,2025,3,8,Saturday
2025-09-21,puma,1899.67,Clothing,Debit Card,September,2025,9,21,Sunday
2025-04-27,paradise biryani,1218.52,Food,UPI,April,2025,4,27,Sunday
2025-03-03,wrogn,2807.77,Clothing,Credit Card,March,2025,3,3,Monday
2025-09-21,apollo hospital,12307.85,Healthcare,Debit Card,September,2025,9,21,Sunday
2025-01-28,air india,27017.71,Travel,Debit Card,January,2025,1,28,Tuesday
2025-05-31,jio fiber,5297.86,Bills,Credit Card,May,2025,5,31,Saturday
2025-12-15,tsrtc,1551.74,Transport,Debit Card,December,2025,12,15,Monday
2025-10-13,yulu bikes,154.95,Transport,Net Banking,October,2025,10,13,Monday
2025-03-31,lenskart,13619.91,Online Shopping,Credit Card,March,2025,3,31,Monday
2025-06-14,gas agency,3820.89,Bills,Credit Card,June,2025,6,14,Saturday
2025-07-02,pepperfry,6851.61,Online Shopping,Debit Card,July,2025,7,2,Wednesday
2025-03-28,reliance fresh,1688.13,Grocery,UPI,March,2025,3,28,Friday
2025-05-26,metro rail,1927.43,Transport,Net Banking,May,2025,5,26,Monday
2025-03-09,yulu bikes,853.17,Transport,UPI,March,2025,3,9,Sunday
2025-06-19,apple store,80607.73,Electronics,UPI,June,2025,6,19,Thursday
2025-10-29,tata cliq,5429.89,Online Shopping,Debit Card,October,2025,10,29,Wednesday
2025-06-22,airasia,7592.29,Travel,UPI,June,2025,6,22,Sunday
2025-03-30,star bazaar,1232.51,Grocery,Net Banking,March,2025,3,30,Sunday
2025-04-13,meesho,9983.64,Online Shopping,UPI,April,2025,4,13,Sunday
2025-08-20,oyo,28542.97,Travel,Credit Card,August,2025,8,20,Wednesday
2025-11-08,uber,909.95,Transport,Net Banking,November,2025,11,8,Saturday
2025-05-10,apple music,497.89,Entertainment,Debit Card,May,2025,5,10,Saturday
2025-07-26,airtel,1309.84,Bills,UPI,July,2025,7,26,Saturday
2025-05-17,myntra,3452.25,Online Shopping,UPI,May,2025,5,17,Saturday
2025-10-12,cream stone,804.52,Food,Debit Card,October,2025,10,12,Sunday
2025-01-28,taco bell,1071.87,Food,UPI,January,2025,1,28,Tuesday
2025-11-08,nature's basket,4983.93,Grocery,UPI,November,2025,11,8,Saturday
2025-07-30,zara,5166.44,Clothing,Debit Card,July,2025,7,30,Wednesday
2025-08-28,sonyliv,269.44,Entertainment,Net Banking,August,2025,8,28,Thursday
2025-12-04,vivo store,13710.93,Electronics,Debit Card,December,2025,12,4,Thursday
2025-04-10,lenskart,10162.11,Online Shopping,Credit Card,April,2025,4,10,Thursday
2025-03-23,tneb,5381.99,Bills,UPI,March,2025,3,23,Sunday
2025-09-03,apollo pharmacy,19202.67,Healthcare,Credit Card,September,2025,9,3,Wednesday
2025-05-28,nature's basket,2537.1,Grocery,Net Banking,May,2025,5,28,Wednesday
2025-09-15,pharmeasy,7546.04,Healthcare,Net Banking,September,2025,9,15,Monday
2025-02-02,nature's basket,3266.79,Grocery,UPI,February,2025,2,2,Sunday
2025-09-28,h&m,630.17,Clothing,Net Banking,September,2025,9,28,Sunday
2025-07-06,barbeque nation,259.35,Food,Net Banking,July,2025,7,6,Sunday
2025-12-29,apollo hospital,8706.88,Healthcare,Net Banking,December,2025,12,29,Monday
2025-05-01,jiomart,1246.39,Grocery,UPI,May,2025,5,1,Thursday
2025-06-05,gaana,894.0,Entertainment,UPI,June,2025,6,5,Thursday
2025-03-02,oneplus,97789.2,Electronics,Net Banking,March,2025,3,2,Sunday
2025-10-11,wrogn,1925.96,Clothing,Debit Card,October,2025,10,11,Saturday
2025-07-19,kfc,444.67,Food,Credit Card,July,2025,7,19,Saturday
2025-08-06,netmeds,1884.51,Healthcare,Credit Card,August,2025,8,6,Wednesday
2025-10-16,gaana,781.06,Entertainment,Net Banking,October,2025,10,16,Thursday
2025-04-01,vivo store,94107.4,Electronics,Net Banking,April,2025,4,1,Tuesday
2025-03-19,gas agency,5815.26,Bills,UPI,March,2025,3,19,Wednesday
2025-02-22,woodland,1949.57,Clothing,Credit Card,February,2025,2,22,Saturday
2025-04-26,spotify,354.1,Entertainment,UPI,April,2025,4,26,Saturday
2025-11-03,netflix,407.32,Entertainment,Credit Card,November,2025,11,3,Monday
2025-10-25,lenskart,11883.2,Online Shopping,Debit Card,October,2025,10,25,Saturday
2025-06-07,lenskart,19214.11,Online Shopping,Credit Card,June,2025,6,7,Saturday
2025-09-24,act fibernet,3926.34,Bills,Net Banking,September,2025,9,24,Wednesday
2025-12-14,jiomart,1561.0,Grocery,Credit Card,December,2025,12,14,Sunday
2025-01-21,pharmeasy,19414.47,Healthcare,UPI,January,2025,1,21,Tuesday
2025-11-11,snapdeal,15075.17,Online Shopping,Debit Card,November,2025,11,11,Tuesday
2025-09-24,nature's basket,260.86,Grocery,Net Banking,September,2025,9,24,Wednesday
2025-10-28,tneb,785.25,Bills,Debit Card,October,2025,10,28,Tuesday
2025-07-21,cream stone,639.1,Food,Credit Card,July,2025,7,21,Monday
2025-12-19,meesho,14621.3,Online Shopping,Debit Card,December,2025,12,19,Friday
2025-07-29,woodland,2572.64,Clothing,Debit Card,July,2025,7,29,Tuesday
2025-10-26,nilgiris,1690.2,Grocery,Credit Card,October,2025,10,26,Sunday
2025-03-18,act fibernet,1926.48,Bills,Net Banking,March,2025,3,18,Tuesday
2025-03-12,flipkart,12531.42,Online Shopping,Debit Card,March,2025,3,12,Wednesday
2025-04-02,spencers,2247.59,Grocery,Credit Card,April,2025,4,2,Wednesday
2025-09-02,hotstar,580.52,Entertainment,UPI,September,2025,9,2,Tuesday
2025-08-30,tneb,5814.86,Bills,Net Banking,August,2025,8,30,Saturday
2025-10-08,nature's basket,2091.85,Grocery,Credit Card,October,2025,10,8,Wednesday
2025-09-25,mcdonalds,1168.67,Food,Net Banking,September,2025,9,25,Thursday
2025-04-18,mi store,135013.48,Electronics,UPI,April,2025,4,18,Friday
2025-02-03,property tax online,4963.66,Bills,Debit Card,February,2025,2,3,Monday
2025-09-26,hp world,89771.51,Electronics,UPI,September,2025,9,26,Friday
2025-04-01,flipkart,8923.43,Online Shopping,Net Banking,April,2025,4,1,Tuesday
2025-12-04,youtube premium,571.25,Entertainment,Debit Card,December,2025,12,4,Thursday
2025-05-01,mi store,52876.14,Electronics,Credit Card,May,2025,5,1,Thursday
2025-07-01,tneb,5387.3,Bills,Net Banking,July,2025,7,1,Tuesday
2025-12-03,reliance fresh,1043.15,Grocery,Credit Card,December,2025,12,3,Wednesday
2025-02-04,hp world,17150.19,Electronics,Credit Card,February,2025,2,4,Tuesday
2025-01-08,aster,9836.8,Healthcare,Net Banking,January,2025,1,8,Wednesday
2025-12-26,tsrtc,255.94,Transport,Debit Card,December,2025,12,26,Friday
2025-07-15,levis,6472.55,Clothing,Net Banking,July,2025,7,15,Tuesday
2025-11-07,rapido,1461.28,Transport,Credit Card,November,2025,11,7,Friday
2025-02-28,spotify,542.49,Entertainment,Credit Card,February,2025,2,28,Friday
2025-01-06,zee5,889.64,Entertainment,Credit Card,January,2025,1,6,Monday
2025-06-29,spotify,274.84,Entertainment,Debit Card,June,2025,6,29,Sunday
2025-03-14,booking.com,20138.79,Travel,Credit Card,March,2025,3,14,Friday
2025-12-26,nykaa,12502.98,Online Shopping,UPI,December,2025,12,26,Friday
2025-07-16,adidas,2955.93,Clothing,Net Banking,July,2025,7,16,Wednesday
2025-05-25,gaana,244.2,Entertainment,Credit Card,May,2025,5,25,Sunday
2025-07-19,goibibo,20404.24,Travel,Credit Card,July,2025,7,19,Saturday
2025-01-08,fortis,4313.28,Healthcare,Debit Card,January,2025,1,8,Wednesday
2025-01-19,pharmeasy,18988.72,Healthcare,UPI,January,2025,1,19,Sunday
2025-08-11,nilgiris,4079.37,Grocery,Net Banking,August,2025,8,11,Monday
2025-03-18,tsrtc,1076.4,Transport,Credit Card,March,2025,3,18,Tuesday
2025-04-01,jio fiber,3938.66,Bills,Debit Card,April,2025,4,1,Tuesday
2025-10-18,vistara,6502.89,Travel,Credit Card,October,2025,10,18,Saturday
2025-09-10,star bazaar,1450.74,Grocery,UPI,September,2025,9,10,Wednesday
2025-08-03,gaana,665.43,Entertainment,Net Banking,August,2025,8,3,Sunday
2025-05-11,croma,22031.05,Electronics,UPI,May,2025,5,11,Sunday
2025-04-07,flipkart,14998.43,Online Shopping,Net Banking,April,2025,4,7,Monday
2025-07-25,boat lifestyle,140136.15,Electronics,Debit Card,July,2025,7,25,Friday
2025-05-05,oyo,16908.45,Travel,Credit Card,May,2025,5,5,Monday
2025-03-12,dominos,640.21,Food,Credit Card,March,2025,3,12,Wednesday
2025-04-17,aster,595.03,Healthcare,UPI,April,2025,4,17,Thursday
2025-02-13,jio fiber,250.58,Bills,Credit Card,February,2025,2,13,Thursday
2025-04-26,barbeque nation,799.35,Food,Net Banking,April,2025,4,26,Saturday
2025-10-09,zee5,996.44,Entertainment,Credit Card,October,2025,10,9,Thursday
2025-05-24,reliance fresh,2095.95,Grocery,UPI,May,2025,5,24,Saturday
2025-02-26,netmeds,12736.28,Healthcare,Debit Card,February,2025,2,26,Wednesday
2025-09-02,lenskart,18399.14,Online Shopping,Debit Card,September,2025,9,2,Tuesday
2025-03-28,snapdeal,4568.44,Online Shopping,Debit Card,March,2025,3,28,Friday
2025-05-23,apollo pharmacy,8224.19,Healthcare,Debit Card,May,2025,5,23,Friday
2025-12-14,nature's basket,4812.56,Grocery,Credit Card,December,2025,12,14,Sunday
2025-02-18,more supermarket,2737.33,Grocery,Net Banking,February,2025,2,18,Tuesday
2025-05-05,dell exclusive,11715.27,Electronics,Credit Card,May,2025,5,5,Monday
2025-12-13,netmeds,13949.88,Healthcare,Credit Card,December,2025,12,13,Saturday
2025-04-29,puma,2905.73,Clothing,Credit Card,April,2025,4,29,Tuesday
2025-01-07,starbucks,994.92,Food,Credit Card,January,2025,1,7,Tuesday
2025-09-13,irctc,29064.27,Travel,Net Banking,September,2025,9,13,Saturday
2025-09-13,myntra,13488.98,Online Shopping,Credit Card,September,2025,9,13,Saturday
2025-11-13,ajio,6414.89,Online Shopping,UPI,November,2025,11,13,Thursday
2025-11-06,levis,7136.27,Clothing,Debit Card,November,2025,11,6,Thursday
2025-04-01,yulu bikes,721.93,Transport,Credit Card,April,2025,4,1,Tuesday
2025-11-05,reliance fresh,3825.55,Grocery,Net Banking,November,2025,11,5,Wednesday
2025-06-24,spotify,705.51,Entertainment,UPI,June,2025,6,24,Tuesday
2025-05-26,pantaloons,6237.02,Clothing,Credit Card,May,2025,5,26,Monday
2025-10-11,zee5,300.07,Entertainment,Net Banking,October,2025,10,11,Saturday
2025-11-26,bmtc,1475.04,Transport,Credit Card,November,2025,11,26,Wednesday
2025-08-03,woodland,4993.45,Clothing,Credit Card,August,2025,8,3,Sunday
2025-04-19,snapdeal,13227.06,Online Shopping,Net Banking,April,2025,4,19,Saturday
2025-11-11,ajio,11141.03,Online Shopping,Credit Card,November,2025,11,11,Tuesday
2025-01-12,oneplus,100422.25,Electronics,Net Banking,January,2025,1,12,Sunday
2025-08-20,netmeds,13883.15,Healthcare,Debit Card,August,2025,8,20,Wednesday
2025-11-20,ola,1285.91,Transport,Credit Card,November,2025,11,20,Thursday
2025-07-29,goibibo,22144.04,Travel,Debit Card,July,2025,7,29,Tuesday
2025-05-31,makemytrip,23459.81,Travel,Net Banking,May,2025,5,31,Saturday
2025-12-28,fortis,8108.46,Healthcare,Net Banking,December,2025,12,28,Sunday
2025-12-23,reliance digital,51298.36,Electronics,UPI,December,2025,12,23,Tuesday
2025-04-01,max fashion,7202.35,Clothing,Debit Card,April,2025,4,1,Tuesday
2025-11-04,jio fiber,3241.37,Bills,Net Banking,November,2025,11,4,Tuesday
2025-11-03,flipkart,3080.65,Online Shopping,UPI,November,2025,11,3,Monday
2025-12-05,vistara,10399.09,Travel,Debit Card,December,2025,12,5,Friday
2025-02-14,nykaa,3569.39,Online Shopping,Net Banking,February,2025,2,14,Friday
2025-06-25,sonyliv,917.54,Entertainment,Net Banking,June,2025,6,25,Wednesday
2025-06-17,aha,389.38,Entertainment,Credit Card,June,2025,6,17,Tuesday
2025-02-05,airasia,26963.02,Travel,Credit Card,February,2025,2,5,Wednesday
2025-02-20,hotstar,151.65,Entertainment,UPI,February,2025,2,20,Thursday
2025-01-06,sony center,65315.68,Electronics,Net Banking,January,2025,1,6,Monday
2025-01-02,tsrtc,1400.82,Transport,Credit Card,January,2025,1,2,Thursday
2025-02-07,a2b,1492.08,Food,Net Banking,February,2025,2,7,Friday
2025-12-20,croma,95646.1,Electronics,Net Banking,December,2025,12,20,Saturday
2025-09-26,samsung store,28673.15,Electronics,UPI,September,2025,9,26,Friday
2025-06-29,water board,1563.47,Bills,Debit Card,June,2025,6,29,Sunday
2025-07-06,gas agency,633.61,Bills,Credit Card,July,2025,7,6,Sunday
2025-03-24,act fibernet,5752.49,Bills,UPI,March,2025,3,24,Monday
2025-07-02,star bazaar,4725.38,Grocery,Debit Card,July,2025,7,2,Wednesday
2025-08-05,1mg,7402.97,Healthcare,Debit Card,August,2025,8,5,Tuesday
2025-05-18,more supermarket,3870.5,Grocery,Credit Card,May,2025,5,18,Sunday
2025-05-01,ajio,6143.51,Online Shopping,UPI,May,2025,5,1,Thursday
2025-07-29,dell exclusive,59745.71,Electronics,Credit Card,July,2025,7,29,Tuesday
2025-12-25,kauvery,16756.93,Healthcare,Credit Card,December,2025,12,25,Thursday
2025-02-16,more supermarket,1879.26,Grocery,Debit Card,February,2025,2,16,Sunday
2025-06-15,apollo pharmacy,15451.66,Healthcare,Debit Card,June,2025,6,15,Sunday
2025-11-09,aster,144.16,Healthcare,Net Banking,November,2025,11,9,Sunday
2025-02-09,wrogn,6484.38,Clothing,Net Banking,February,2025,2,9,Sunday
2025-01-24,vistara,6190.34,Travel,Net Banking,January,2025,1,24,Friday
2025-11-15,dmart,2404.45,Grocery,Debit Card,November,2025,11,15,Saturday
2025-08-18,bsnl,1987.38,Bills,UPI,August,2025,8,18,Monday
2025-06-10,chai point,1274.19,Food,Debit Card,June,2025,6,10,Tuesday
2025-10-02,amazon,6433.75,Online Shopping,Net Banking,October,2025,10,2,Thursday
2025-10-28,sony center,10957.26,Electronics,Net Banking,October,2025,10,28,Tuesday
2025-01-29,burger king,577.81,Food,UPI,January,2025,1,29,Wednesday
2025-03-09,vistara,14143.03,Travel,UPI,March,2025,3,9,Sunday
2025-08-18,booking.com,13671.0,Travel,Credit Card,August,2025,8,18,Monday
2025-01-23,nature's basket,3212.51,Grocery,Credit Card,January,2025,1,23,Thursday
2025-08-23,spencers,3898.01,Grocery,Debit Card,August,2025,8,23,Saturday
2025-06-04,meesho,13556.07,Online Shopping,Net Banking,June,2025,6,4,Wednesday
2025-11-30,mcdonalds,1230.32,Food,Credit Card,November,2025,11,30,Sunday
2025-06-21,makemytrip,1718.55,Travel,Credit Card,June,2025,6,21,Saturday
2025-12-01,cloudnine,13883.41,Healthcare,Credit Card,December,2025,12,1,Monday
2025-08-25,apollo hospital,3657.69,Healthcare,Debit Card,August,2025,8,25,Monday
2025-08-02,cloudnine,15892.38,Healthcare,Credit Card,August,2025,8,2,Saturday
2025-01-31,indigo,15924.65,Travel,UPI,January,2025,1,31,Friday
2025-02-22,goibibo,24250.56,Travel,Net Banking,February,2025,2,22,Saturday
2025-10-13,yulu bikes,867.64,Transport,Debit Card,October,2025,10,13,Monday
2025-08-28,ajio,8902.32,Online Shopping,Credit Card,August,2025,8,28,Thursday
2025-02-04,goibibo,6301.12,Travel,UPI,February,2025,2,4,Tuesday
2025-04-22,kfc,620.26,Food,Debit Card,April,2025,4,22,Tuesday
2025-07-20,apple store,36269.36,Electronics,Debit Card,July,2025,7,20,Sunday
2025-08-08,gas agency,5004.44,Bills,Debit Card,August,2025,8,8,Friday
2025-10-07,fortis,1467.77,Healthcare,UPI,October,2025,10,7,Tuesday
2025-05-25,burger king,1474.91,Food,Debit Card,May,2025,5,25,Sunday
2025-04-16,netflix,792.6,Entertainment,Net Banking,April,2025,4,16,Wednesday
2025-06-18,us polo,7248.93,Clothing,Net Banking,June,2025,6,18,Wednesday
2025-03-11,1mg,18350.66,Healthcare,UPI,March,2025,3,11,Tuesday
2025-02-22,pharmeasy,8683.2,Healthcare,Net Banking,February,2025,2,22,Saturday
2025-02-21,samsung store,118113.13,Electronics,Credit Card,February,2025,2,21,Friday
2025-06-06,hp world,107537.16,Electronics,Net Banking,June,2025,6,6,Friday
2025-05-07,adidas,1880.8,Clothing,Credit Card,May,2025,5,7,Wednesday
2025-01-29,puma,5033.97,Clothing,Credit Card,January,2025,1,29,Wednesday
2025-08-21,saravana bhavan,314.54,Food,UPI,August,2025,8,21,Thursday
2025-02-02,pharmeasy,19772.72,Healthcare,Debit Card,February,2025,2,2,Sunday
2025-07-12,ola,1673.07,Transport,Debit Card,July,2025,7,12,Saturday
2025-07-19,dmart,1194.63,Grocery,Credit Card,July,2025,7,19,Saturday
2025-10-30,oneplus,96493.98,Electronics,UPI,October,2025,10,30,Thursday
2025-06-08,us polo,5840.7,Clothing,Credit Card,June,2025,6,8,Sunday
2025-12-23,reliance digital,124561.33,Electronics,Debit Card,December,2025,12,23,Tuesday
2025-01-14,spotify,232.72,Entertainment,Net Banking,January,2025,1,14,Tuesday
2025-10-27,oyo,17278.34,Travel,UPI,October,2025,10,27,Monday
2025-12-12,nykaa,12970.53,Online Shopping,Credit Card,December,2025,12,12,Friday
2025-07-30,barbeque nation,289.69,Food,Credit Card,July,2025,7,30,Wednesday
2025-07-04,ccd,1080.35,Food,Debit Card,July,2025,7,4,Friday
2025-03-23,snapdeal,7642.88,Online Shopping,UPI,March,2025,3,23,Sunday
2025-04-24,dmart,2246.71,Grocery,Net Banking,April,2025,4,24,Thursday
2025-04-23,aster,16776.2,Healthcare,Credit Card,April,2025,4,23,Wednesday
2025-05-30,vistara,15332.82,Travel,Debit Card,May,2025,5,30,Friday
2025-01-17,bmtc,177.26,Transport,Credit Card,January,2025,1,17,Friday
2025-05-28,noise,18067.0,Electronics,Net Banking,May,2025,5,28,Wednesday
2025-10-03,oneplus,73937.47,Electronics,Credit Card,October,2025,10,3,Friday
2025-09-20,boat lifestyle,114285.92,Electronics,Debit Card,September,2025,9,20,Saturday
2025-04-27,tata cliq,14489.34,Online Shopping,Credit Card,April,2025,4,27,Sunday
2025-06-13,water board,447.12,Bills,Debit Card,June,2025,6,13,Friday
2025-10-21,saravana bhavan,306.46,Food,Credit Card,October,2025,10,21,Tuesday
2025-05-10,aha,124.09,Entertainment,Credit Card,May,2025,5,10,Saturday
2025-10-31,biba,1306.65,Clothing,Debit Card,October,2025,10,31,Friday
2025-10-15,ajio,4482.29,Online Shopping,UPI,October,2025,10,15,Wednesday
2025-05-15,amazon,6816.61,Online Shopping,Debit Card,May,2025,5,15,Thursday
2025-06-26,mcdonalds,590.89,Food,Debit Card,June,2025,6,26,Thursday
2025-12-19,h&m,5305.84,Clothing,Net Banking,December,2025,12,19,Friday
2025-07-25,apollo hospital,14740.35,Healthcare,Credit Card,July,2025,7,25,Friday
2025-05-12,croma,13524.12,Electronics,UPI,May,2025,5,12,Monday
2025-06-01,croma,138557.16,Electronics,Debit Card,June,2025,6,1,Sunday
2025-09-09,ola,1607.41,Transport,UPI,September,2025,9,9,Tuesday
2025-06-22,pantaloons,7803.51,Clothing,UPI,June,2025,6,22,Sunday
2025-11-29,youtube premium,649.14,Entertainment,Debit Card,November,2025,11,29,Saturday
2025-06-28,lenskart,11166.54,Online Shopping,UPI,June,2025,6,28,Saturday
2025-02-17,samsung store,28206.0,Electronics,Credit Card,February,2025,2,17,Monday
2025-05-24,goibibo,10177.08,Travel,Credit Card,May,2025,5,24,Saturday
2025-02-04,tata cliq,9986.03,Online Shopping,Credit Card,February,2025,2,4,Tuesday
2025-05-05,property tax online,4924.38,Bills,UPI,May,2025,5,5,Monday
2025-02-19,reliance fresh,4479.54,Grocery,UPI,February,2025,2,19,Wednesday
2025-06-05,hp world,148880.57,Electronics,Credit Card,June,2025,6,5,Thursday
2025-03-09,us polo,1725.88,Clothing,Debit Card,March,2025,3,9,Sunday
2025-01-31,snapdeal,18276.61,Online Shopping,Debit Card,January,2025,1,31,Friday
2025-11-23,apollo pharmacy,11558.83,Healthcare,Net Banking,November,2025,11,23,Sunday
2025-07-09,ajio,18804.0,Online Shopping,Net Banking,July,2025,7,9,Wednesday
2025-03-24,flipkart,18493.62,Online Shopping,UPI,March,2025,3,24,Monday
2025-04-18,netflix,757.53,Entertainment,UPI,April,2025,4,18,Friday
2025-12-07,bmtc,1525.38,Transport,UPI,December,2025,12,7,Sunday
2025-04-25,kfc,1112.01,Food,Credit Card,April,2025,4,25,Friday
2025-09-17,amazon,18803.98,Online Shopping,Net Banking,September,2025,9,17,Wednesday
2025-07-14,croma,149593.13,Electronics,Debit Card,July,2025,7,14,Monday
2025-03-14,us polo,7587.1,Clothing,Debit Card,March,2025,3,14,Friday
2025-05-19,air india,4727.39,Travel,Net Banking,May,2025,5,19,Monday
2025-09-02,saravana bhavan,583.89,Food,Net Banking,September,2025,9,2,Tuesday
2025-09-01,water board,3679.02,Bills,Credit Card,September,2025,9,1,Monday
2025-08-08,goibibo,5018.5,Travel,UPI,August,2025,8,8,Friday
2025-09-05,gaana,120.73,Entertainment,Debit Card,September,2025,9,5,Friday
2025-02-20,pantaloons,826.94,Clothing,UPI,February,2025,2,20,Thursday
2025-09-01,adidas,7308.22,Clothing,Credit Card,September,2025,9,1,Monday
2025-03-28,lenskart,14181.0,Online Shopping,Debit Card,March,2025,3,28,Friday
2025-04-06,asus store,126529.62,Electronics,Net Banking,April,2025,4,6,Sunday
2025-03-04,hotstar,231.84,Entertainment,Credit Card,March,2025,3,4,Tuesday
2025-11-26,aha,229.89,Entertainment,Net Banking,November,2025,11,26,Wednesday
2025-04-26,chai point,800.04,Food,Net Banking,April,2025,4,26,Saturday
2025-03-21,nike,2489.94,Clothing,Net Banking,March,2025,3,21,Friday
2025-01-17,cloudnine,9532.38,Healthcare,Debit Card,January,2025,1,17,Friday
2025-05-10,air india,28566.19,Travel,UPI,May,2025,5,10,Saturday
2025-07-06,sonyliv,222.85,Entertainment,Net Banking,July,2025,7,6,Sunday
2025-02-12,nature's basket,3716.86,Grocery,UPI,February,2025,2,12,Wednesday
2025-05-27,yatra,17116.99,Travel,Debit Card,May,2025,5,27,Tuesday
2025-07-31,1mg,11134.31,Healthcare,UPI,July,2025,7,31,Thursday
2025-05-29,boat lifestyle,12137.62,Electronics,Net Banking,May,2025,5,29,Thursday
2025-12-22,vodafone idea,3159.96,Bills,UPI,December,2025,12,22,Monday
2025-01-22,aster,496.73,Healthcare,Net Banking,January,2025,1,22,Wednesday
2025-03-28,ola,941.31,Transport,UPI,March,2025,3,28,Friday
2025-12-30,bsnl,3209.71,Bills,Net Banking,December,2025,12,30,Tuesday
2025-07-17,pharmeasy,15309.57,Healthcare,Credit Card,July,2025,7,17,Thursday
2025-10-20,nature's basket,3823.68,Grocery,UPI,October,2025,10,20,Monday
2025-09-06,kfc,541.01,Food,UPI,September,2025,9,6,Saturday
2025-03-27,more supermarket,2120.71,Grocery,Credit Card,March,2025,3,27,Thursday
2025-08-25,apollo hospital,785.0,Healthcare,Debit Card,August,2025,8,25,Monday
2025-09-30,1mg,14582.07,Healthcare,Net Banking,September,2025,9,30,Tuesday
2025-10-23,rapido,1911.37,Transport,Credit Card,October,2025,10,23,Thursday
2025-09-02,act fibernet,5705.34,Bills,Credit Card,September,2025,9,2,Tuesday
2025-02-15,pantaloons,1000.59,Clothing,Credit Card,February,2025,2,15,Saturday
2025-11-27,woodland,4323.63,Clothing,UPI,November,2025,11,27,Thursday
2025-09-30,youtube premium,270.47,Entertainment,Debit Card,September,2025,9,30,Tuesday
2025-07-29,1mg,3670.41,Healthcare,Credit Card,July,2025,7,29,Tuesday
2025-06-22,sonyliv,996.14,Entertainment,Net Banking,June,2025,6,22,Sunday
2025-04-01,meru cabs,1330.9,Transport,Net Banking,April,2025,4,1,Tuesday
2025-05-08,youtube premium,492.12,Entertainment,Net Banking,May,2025,5,8,Thursday
2025-01-27,woodland,3037.51,Clothing,Credit Card,January,2025,1,27,Monday
2025-08-23,youtube premium,448.78,Entertainment,UPI,August,2025,8,23,Saturday
2025-05-09,nilgiris,1984.03,Grocery,UPI,May,2025,5,9,Friday
2025-08-21,ajio,495.2,Online Shopping,UPI,August,2025,8,21,Thursday
2025-07-29,1mg,5966.86,Healthcare,UPI,July,2025,7,29,Tuesday
2025-04-12,woodland,6077.79,Clothing,Debit Card,April,2025,4,12,Saturday
2025-06-11,paradise biryani,1091.28,Food,UPI,June,2025,6,11,Wednesday
2025-07-16,nilgiris,1903.08,Grocery,UPI,July,2025,7,16,Wednesday
2025-06-08,air india,26694.78,Travel,Net Banking,June,2025,6,8,Sunday
2025-07-01,h&m,1225.15,Clothing,Net Banking,July,2025,7,1,Tuesday
2025-03-05,pantaloons,2574.11,Clothing,Credit Card,March,2025,3,5,Wednesday
2025-05-18,jio fiber,3620.32,Bills,Debit Card,May,2025,5,18,Sunday
2025-05-31,flipkart,12282.51,Online Shopping,Net Banking,May,2025,5,31,Saturday
2025-02-09,gas agency,5615.83,Bills,Debit Card,February,2025,2,9,Sunday
2025-12-01,kauvery,12388.0,Healthcare,UPI,December,2025,12,1,Monday
2025-02-06,spencers,3347.79,Grocery,Debit Card,February,2025,2,6,Thursday
2025-07-31,air india,9980.26,Travel,Net Banking,July,2025,7,31,Thursday
2025-10-30,aster,6307.37,Healthcare,Net Banking,October,2025,10,30,Thursday
2025-12-26,a2b,1061.67,Food,UPI,December,2025,12,26,Friday
2025-10-12,bigbazaar,444.84,Grocery,Credit Card,October,2025,10,12,Sunday
2025-07-31,youtube premium,336.09,Entertainment,Debit Card,July,2025,7,31,Thursday
2025-11-21,jio fiber,978.61,Bills,Debit Card,November,2025,11,21,Friday
2025-04-05,ola,721.83,Transport,Credit Card,April,2025,4,5,Saturday
2025-01-01,more supermarket,3025.08,Grocery,UPI,January,2025,1,1,Wednesday
2025-11-24,us polo,2118.96,Clothing,Debit Card,November,2025,11,24,Monday
2025-02-15,sony center,77877.7,Electronics,Credit Card,February,2025,2,15,Saturday
2025-01-24,pepperfry,672.53,Online Shopping,Net Banking,January,2025,1,24,Friday
2025-09-04,dominos,444.4,Food,Credit Card,September,2025,9,4,Thursday
2025-10-01,apollo hospital,13171.88,Healthcare,Net Banking,October,2025,10,1,Wednesday
2025-04-19,fortis,6903.73,Healthcare,Debit Card,April,2025,4,19,Saturday
2025-11-03,samsung store,35067.78,Electronics,Net Banking,November,2025,11,3,Monday
2025-08-07,zara,6095.3,Clothing,Net Banking,August,2025,8,7,Thursday
2025-06-02,netmeds,9767.87,Healthcare,UPI,June,2025,6,2,Monday
2025-06-22,flipkart,3579.59,Online Shopping,Debit Card,June,2025,6,22,Sunday
2025-05-15,yulu bikes,848.88,Transport,Net Banking,May,2025,5,15,Thursday
2025-04-15,amazon prime,907.18,Entertainment,Debit Card,April,2025,4,15,Tuesday
2025-05-11,saravana bhavan,483.77,Food,UPI,May,2025,5,11,Sunday
2025-11-28,nykaa,1614.22,Online Shopping,Credit Card,November,2025,11,28,Friday
2025-08-19,metro rail,887.57,Transport,UPI,August,2025,8,19,Tuesday
2025-05-28,tsrtc,741.71,Transport,UPI,May,2025,5,28,Wednesday
2025-01-23,meesho,2291.27,Online Shopping,UPI,January,2025,1,23,Thursday
2025-03-14,tata cliq,10871.57,Online Shopping,Debit Card,March,2025,3,14,Friday
2025-04-02,bsnl,5271.77,Bills,Net Banking,April,2025,4,2,Wednesday
2025-05-12,bsnl,4713.24,Bills,Credit Card,May,2025,5,12,Monday
2025-09-03,1mg,9094.59,Healthcare,Net Banking,September,2025,9,3,Wednesday
2025-03-01,croma,112609.25,Electronics,Net Banking,March,2025,3,1,Saturday
2025-02-16,jio fiber,4415.83,Bills,UPI,February,2025,2,16,Sunday
2025-03-16,bigbazaar,4168.64,Grocery,Credit Card,March,2025,3,16,Sunday
2025-05-28,water board,1075.87,Bills,Net Banking,May,2025,5,28,Wednesday
2025-03-06,samsung store,121541.52,Electronics,Credit Card,March,2025,3,6,Thursday
2025-04-19,oyo,2924.72,Travel,Debit Card,April,2025,4,19,Saturday
2025-09-27,netmeds,10397.24,Healthcare,Credit Card,September,2025,9,27,Saturday
2025-04-18,aster,10797.11,Healthcare,Debit Card,April,2025,4,18,Friday
2025-09-19,burger king,466.37,Food,Net Banking,September,2025,9,19,Friday
2025-07-20,kfc,395.42,Food,Credit Card,July,2025,7,20,Sunday
2025-02-12,air india,21065.82,Travel,Debit Card,February,2025,2,12,Wednesday
2025-06-27,bsnl,2344.67,Bills,Credit Card,June,2025,6,27,Friday
2025-04-17,biba,5205.98,Clothing,Debit Card,April,2025,4,17,Thursday
2025-03-16,irctc,8160.58,Travel,UPI,March,2025,3,16,Sunday
2025-02-20,bigbazaar,4917.56,Grocery,Credit Card,February,2025,2,20,Thursday
2025-04-30,yatra,14834.64,Travel,Net Banking,April,2025,4,30,Wednesday
2025-02-13,a2b,345.43,Food,Net Banking,February,2025,2,13,Thursday
2025-03-29,hotstar,632.75,Entertainment,Credit Card,March,2025,3,29,Saturday
2025-05-09,aha,263.64,Entertainment,UPI,May,2025,5,9,Friday
2025-03-27,redbus,526.74,Transport,UPI,March,2025,3,27,Thursday
2025-06-20,burger king,712.88,Food,Credit Card,June,2025,6,20,Friday
2025-12-11,indigo,18219.06,Travel,Credit Card,December,2025,12,11,Thursday
2025-01-30,pizza hut,1022.11,Food,Credit Card,January,2025,1,30,Thursday
2025-07-18,goibibo,7982.16,Travel,Debit Card,July,2025,7,18,Friday
2025-02-22,apollo pharmacy,8579.84,Healthcare,Debit Card,February,2025,2,22,Saturday
2025-10-28,spotify,375.8,Entertainment,Net Banking,October,2025,10,28,Tuesday
2025-03-29,yulu bikes,650.37,Transport,Net Banking,March,2025,3,29,Saturday
2025-08-31,pharmeasy,6970.24,Healthcare,Debit Card,August,2025,8,31,Sunday
2025-08-20,1mg,7207.73,Healthcare,Debit Card,August,2025,8,20,Wednesday
2025-03-04,netmeds,8860.5,Healthcare,UPI,March,2025,3,4,Tuesday
2025-12-26,netmeds,14849.22,Healthcare,Credit Card,December,2025,12,26,Friday
2025-10-30,aster,19804.34,Healthcare,Net Banking,October,2025,10,30,Thursday
2025-03-22,aha,609.42,Entertainment,Credit Card,March,2025,3,22,Saturday
2025-08-03,aha,114.14,Entertainment,UPI,August,2025,8,3,Sunday
2025-03-22,hotstar,151.37,Entertainment,UPI,March,2025,3,22,Saturday
2025-01-03,gaana,680.57,Entertainment,Net Banking,January,2025,1,3,Friday
2025-11-27,kfc,860.4,Food,Debit Card,November,2025,11,27,Thursday
2025-05-15,puma,5863.93,Clothing,Net Banking,May,2025,5,15,Thursday
2025-05-10,kauvery,11263.37,Healthcare,UPI,May,2025,5,10,Saturday
2025-11-14,starbucks,338.06,Food,Credit Card,November,2025,11,14,Friday
2025-09-15,asus store,47388.62,Electronics,Credit Card,September,2025,9,15,Monday
2025-06-14,hotstar,737.84,Entertainment,Debit Card,June,2025,6,14,Saturday
2025-08-23,amazon prime,960.71,Entertainment,UPI,August,2025,8,23,Saturday
2025-03-12,apple music,431.04,Entertainment,UPI,March,2025,3,12,Wednesday
2025-04-18,tsrtc,553.14,Transport,Net Banking,April,2025,4,18,Friday
2025-05-16,h&m,5039.41,Clothing,Net Banking,May,2025,5,16,Friday
2025-01-29,dell exclusive,99280.4,Electronics,Credit Card,January,2025,1,29,Wednesday
2025-02-24,myntra,5371.26,Online Shopping,Credit Card,February,2025,2,24,Monday
2025-05-14,aster,2699.63,Healthcare,Net Banking,May,2025,5,14,Wednesday
2025-08-18,metro rail,1162.99,Transport,Net Banking,August,2025,8,18,Monday
2025-02-26,booking.com,9820.03,Travel,Credit Card,February,2025,2,26,Wednesday
2025-05-07,ajio,12544.96,Online Shopping,Net Banking,May,2025,5,7,Wednesday
2025-08-25,dominos,482.19,Food,Credit Card,August,2025,8,25,Monday
2025-04-27,samsung store,39903.69,Electronics,UPI,April,2025,4,27,Sunday
2025-04-26,indigo,15245.47,Travel,UPI,April,2025,4,26,Saturday
2025-03-20,apple store,123940.66,Electronics,Net Banking,March,2025,3,20,Thursday
2025-01-31,bsnl,341.27,Bills,Net Banking,January,2025,1,31,Friday
2025-03-12,tata cliq,4065.72,Online Shopping,Debit Card,March,2025,3,12,Wednesday
2025-08-01,tneb,3242.79,Bills,Net Banking,August,2025,8,1,Friday
2025-05-14,meesho,12969.3,Online Shopping,UPI,May,2025,5,14,Wednesday
2025-09-26,dominos,1318.19,Food,UPI,September,2025,9,26,Friday
2025-09-20,oyo,7445.81,Travel,UPI,September,2025,9,20,Saturday
2025-06-06,jio fiber,1305.65,Bills,Debit Card,June,2025,6,6,Friday
2025-03-27,nature's basket,2522.84,Grocery,Net Banking,March,2025,3,27,Thursday
2025-03-04,a2b,307.1,Food,UPI,March,2025,3,4,Tuesday
2025-03-01,bsnl,1111.62,Bills,Credit Card,March,2025,3,1,Saturday
2025-02-01,dmart,1304.12,Grocery,Debit Card,February,2025,2,1,Saturday
2025-10-12,nike,6574.14,Clothing,Net Banking,October,2025,10,12,Sunday
2025-05-05,apple music,986.71,Entertainment,Credit Card,May,2025,5,5,Monday
2025-12-08,sony center,142056.21,Electronics,Debit Card,December,2025,12,8,Monday
2025-03-17,mi store,21490.12,Electronics,Net Banking,March,2025,3,17,Monday
2025-06-02,star bazaar,4964.93,Grocery,UPI,June,2025,6,2,Monday
2025-06-29,nature's basket,1245.26,Grocery,Debit Card,June,2025,6,29,Sunday
2025-09-02,reliance digital,58198.82,Electronics,Net Banking,September,2025,9,2,Tuesday
2025-11-02,oneplus,110248.5,Electronics,UPI,November,2025,11,2,Sunday
2025-12-26,pizza hut,624.91,Food,UPI,December,2025,12,26,Friday
2025-05-25,pepperfry,11115.73,Online Shopping,Debit Card,May,2025,5,25,Sunday
2025-02-28,spotify,385.51,Entertainment,UPI,February,2025,2,28,Friday
2025-07-20,booking.com,29023.05,Travel,Debit Card,July,2025,7,20,Sunday
2025-04-16,bmtc,908.32,Transport,Net Banking,April,2025,4,16,Wednesday
2025-05-04,aster,3796.92,Healthcare,Net Banking,May,2025,5,4,Sunday
2025-05-13,aster,2375.84,Healthcare,Debit Card,May,2025,5,13,Tuesday
2025-05-08,dmart,2158.85,Grocery,Credit Card,May,2025,5,8,Thursday
2025-06-22,kauvery,4846.6,Healthcare,UPI,June,2025,6,22,Sunday
2025-12-19,hotstar,803.19,Entertainment,UPI,December,2025,12,19,Friday
2025-10-24,medplus,15391.0,Healthcare,UPI,October,2025,10,24,Friday
2025-02-06,vivo store,21489.9,Electronics,UPI,February,2025,2,6,Thursday
2025-07-30,nike,7739.9,Clothing,Credit Card,July,2025,7,30,Wednesday
2025-07-07,mcdonalds,467.53,Food,Net Banking,July,2025,7,7,Monday
2025-06-08,dmart,4424.72,Grocery,UPI,June,2025,6,8,Sunday
2025-03-31,apple store,148561.26,Electronics,Credit Card,March,2025,3,31,Monday
2025-08-13,aha,231.22,Entertainment,Debit Card,August,2025,8,13,Wednesday
2025-08-18,boat lifestyle,48827.09,Electronics,Net Banking,August,2025,8,18,Monday
2025-06-12,nykaa,6968.62,Online Shopping,UPI,June,2025,6,12,Thursday
2025-03-07,ajio,13112.23,Online Shopping,Debit Card,March,2025,3,7,Friday
2025-07-19,pharmeasy,7459.84,Healthcare,Credit Card,July,2025,7,19,Saturday
2025-12-11,redbus,343.44,Transport,Net Banking,December,2025,12,11,Thursday
2025-01-17,more supermarket,3857.46,Grocery,UPI,January,2025,1,17,Friday
2025-02-19,ola,1498.28,Transport,Debit Card,February,2025,2,19,Wednesday
2025-01-07,paradise biryani,592.3,Food,Credit Card,January,2025,1,7,Tuesday
2025-08-25,netflix,108.24,Entertainment,Debit Card,August,2025,8,25,Monday
2025-11-14,saravana bhavan,878.04,Food,Credit Card,November,2025,11,14,Friday
2025-07-11,water board,3144.87,Bills,Net Banking,July,2025,7,11,Friday
2025-01-02,jio fiber,2515.66,Bills,UPI,January,2025,1,2,Thursday
2025-10-23,cream stone,906.34,Food,UPI,October,2025,10,23,Thursday
2025-12-27,sonyliv,416.98,Entertainment,Credit Card,December,2025,12,27,Saturday
2025-09-29,youtube premium,383.96,Entertainment,Net Banking,September,2025,9,29,Monday
2025-05-20,bsnl,1047.88,Bills,Net Banking,May,2025,5,20,Tuesday
2025-09-19,apple music,845.62,Entertainment,Net Banking,September,2025,9,19,Friday
2025-11-25,meru cabs,1320.65,Transport,Credit Card,November,2025,11,25,Tuesday
2025-11-25,puma,2695.61,Clothing,UPI,November,2025,11,25,Tuesday
2025-10-08,aster,1192.32,Healthcare,UPI,October,2025,10,8,Wednesday
2025-08-27,myntra,18180.97,Online Shopping,UPI,August,2025,8,27,Wednesday
2025-04-22,apollo hospital,15198.37,Healthcare,Debit Card,April,2025,4,22,Tuesday
2025-01-30,netflix,156.21,Entertainment,Net Banking,January,2025,1,30,Thursday
2025-12-19,pantaloons,4597.53,Clothing,UPI,December,2025,12,19,Friday
2025-05-06,kfc,522.46,Food,Debit Card,May,2025,5,6,Tuesday
2025-02-07,hotstar,793.2,Entertainment,Credit Card,February,2025,2,7,Friday
2025-08-10,gaana,446.57,Entertainment,Net Banking,August,2025,8,10,Sunday
2025-08-28,cloudnine,15834.14,Healthcare,Credit Card,August,2025,8,28,Thursday
2025-01-19,adidas,1798.5,Clothing,Credit Card,January,2025,1,19,Sunday
2025-12-10,property tax online,3592.68,Bills,Net Banking,December,2025,12,10,Wednesday
2025-12-30,bsnl,3990.39,Bills,UPI,December,2025,12,30,Tuesday
2025-02-24,kauvery,10309.67,Healthcare,Credit Card,February,2025,2,24,Monday
2025-05-13,subway,1169.58,Food,UPI,May,2025,5,13,Tuesday
2025-02-04,asus store,111699.19,Electronics,Credit Card,February,2025,2,4,Tuesday
2025-08-01,pharmeasy,17808.22,Healthcare,Net Banking,August,2025,8,1,Friday
2025-12-26,pantaloons,2317.99,Clothing,Debit Card,December,2025,12,26,Friday
2025-03-15,taco bell,839.78,Food,Credit Card,March,2025,3,15,Saturday
2025-04-26,redbus,1568.78,Transport,Debit Card,April,2025,4,26,Saturday
2025-09-08,metro rail,1907.45,Transport,UPI,September,2025,9,8,Monday
2025-11-10,pharmeasy,5290.71,Healthcare,UPI,November,2025,11,10,Monday
2025-03-31,youtube premium,634.24,Entertainment,UPI,March,2025,3,31,Monday
2025-10-27,apollo hospital,9357.7,Healthcare,Credit Card,October,2025,10,27,Monday
2025-12-09,adidas,1353.49,Clothing,Net Banking,December,2025,12,9,Tuesday
2025-04-01,paradise biryani,1135.72,Food,Debit Card,April,2025,4,1,Tuesday
2025-04-20,saravana bhavan,358.75,Food,Debit Card,April,2025,4,20,Sunday
2025-04-17,bmtc,699.68,Transport,UPI,April,2025,4,17,Thursday
2025-11-06,bsnl,1266.88,Bills,Credit Card,November,2025,11,6,Thursday
2025-07-29,zee5,258.96,Entertainment,UPI,July,2025,7,29,Tuesday
2025-01-18,dell exclusive,118132.96,Electronics,Net Banking,January,2025,1,18,Saturday
2025-04-03,pharmeasy,13808.61,Healthcare,Net Banking,April,2025,4,3,Thursday
2025-07-23,ccd,728.79,Food,Debit Card,July,2025,7,23,Wednesday
2025-03-18,sony center,108094.4,Electronics,Debit Card,March,2025,3,18,Tuesday
2025-05-13,snapdeal,7801.0,Online Shopping,Net Banking,May,2025,5,13,Tuesday
2025-04-01,aha,727.1,Entertainment,UPI,April,2025,4,1,Tuesday
2025-10-20,vistara,16640.76,Travel,Net Banking,October,2025,10,20,Monday
2025-07-24,nilgiris,687.74,Grocery,Credit Card,July,2025,7,24,Thursday
2025-12-18,zee5,369.97,Entertainment,Credit Card,December,2025,12,18,Thursday
2025-11-27,property tax online,827.51,Bills,Credit Card,November,2025,11,27,Thursday
2025-01-18,sonyliv,970.44,Entertainment,UPI,January,2025,1,18,Saturday
2025-10-04,yulu bikes,1833.97,Transport,Credit Card,October,2025,10,4,Saturday
2025-06-30,property tax online,883.96,Bills,UPI,June,2025,6,30,Monday
2025-12-05,lenskart,8797.59,Online Shopping,Credit Card,December,2025,12,5,Friday
2025-10-19,goibibo,6511.05,Travel,Credit Card,October,2025,10,19,Sunday
2025-03-08,medplus,11760.51,Healthcare,Credit Card,March,2025,3,8,Saturday
2025-12-27,pepperfry,16640.33,Online Shopping,Debit Card,December,2025,12,27,Saturday
2025-04-06,noise,120504.79,Electronics,UPI,April,2025,4,6,Sunday
2025-12-06,airtel,5558.59,Bills,Credit Card,December,2025,12,6,Saturday
2025-03-09,sonyliv,527.67,Entertainment,Debit Card,March,2025,3,9,Sunday
2025-08-18,subway,1015.66,Food,Debit Card,August,2025,8,18,Monday
2025-02-16,wrogn,4954.95,Clothing,Credit Card,February,2025,2,16,Sunday
2025-08-19,meru cabs,447.91,Transport,Credit Card,August,2025,8,19,Tuesday
2025-04-15,ola,1271.31,Transport,UPI,April,2025,4,15,Tuesday
2025-03-28,barbeque nation,553.83,Food,Credit Card,March,2025,3,28,Friday
2025-12-20,star bazaar,3439.36,Grocery,Net Banking,December,2025,12,20,Saturday
2025-06-26,redbus,1098.82,Transport,Credit Card,June,2025,6,26,Thursday
2025-08-25,medplus,11321.18,Healthcare,Credit Card,August,2025,8,25,Monday
2025-06-28,oyo,17611.91,Travel,Credit Card,June,2025,6,28,Saturday
2025-07-05,burger king,321.77,Food,Net Banking,July,2025,7,5,Saturday
2025-02-09,meru cabs,1770.42,Transport,Net Banking,February,2025,2,9,Sunday
2025-03-14,youtube premium,330.43,Entertainment,Credit Card,March,2025,3,14,Friday
2025-12-28,mcdonalds,575.4,Food,Credit Card,December,2025,12,28,Sunday
2025-11-01,uber,1112.87,Transport,Credit Card,November,2025,11,1,Saturday
2025-01-09,zee5,612.57,Entertainment,Net Banking,January,2025,1,9,Thursday
2025-01-23,yulu bikes,1373.24,Transport,Credit Card,January,2025,1,23,Thursday
2025-10-25,dell exclusive,4495.65,Electronics,Net Banking,October,2025,10,25,Saturday
2025-09-08,property tax online,5743.73,Bills,UPI,September,2025,9,8,Monday
2025-03-13,goibibo,6383.6,Travel,Credit Card,March,2025,3,13,Thursday
2025-11-21,vistara,27693.69,Travel,Net Banking,November,2025,11,21,Friday
2025-07-13,ola,1462.74,Transport,Debit Card,July,2025,7,13,Sunday
2025-11-02,amazon,4425.76,Online Shopping,Credit Card,November,2025,11,2,Sunday
2025-11-09,jiomart,3385.09,Grocery,UPI,November,2025,11,9,Sunday
2025-03-28,flipkart,6339.73,Online Shopping,Debit Card,March,2025,3,28,Friday
2025-11-02,aster,6075.29,Healthcare,UPI,November,2025,11,2,Sunday
2025-06-30,lenskart,3813.31,Online Shopping,Net Banking,June,2025,6,30,Monday
2025-09-26,star bazaar,4098.19,Grocery,Credit Card,September,2025,9,26,Friday
2025-08-19,oyo,19274.05,Travel,Net Banking,August,2025,8,19,Tuesday
2025-07-27,allen solly,7031.59,Clothing,Credit Card,July,2025,7,27,Sunday
2025-10-28,cloudnine,17157.54,Healthcare,Debit Card,October,2025,10,28,Tuesday
2025-01-06,saravana bhavan,908.77,Food,UPI,January,2025,1,6,Monday
2025-03-31,asus store,141439.95,Electronics,Credit Card,March,2025,3,31,Monday
2025-02-17,amazon,14363.27,Online Shopping,Credit Card,February,2025,2,17,Monday
2025-07-13,meesho,18048.14,Online Shopping,Net Banking,July,2025,7,13,Sunday
2025-03-09,chai point,1180.26,Food,UPI,March,2025,3,9,Sunday
2025-02-12,us polo,1577.46,Clothing,Debit Card,February,2025,2,12,Wednesday
2025-02-21,star bazaar,1147.12,Grocery,Debit Card,February,2025,2,21,Friday
2025-03-09,asus store,83614.7,Electronics,Debit Card,March,2025,3,9,Sunday
2025-10-07,bsnl,2156.31,Bills,Debit Card,October,2025,10,7,Tuesday
2025-04-20,noise,113497.6,Electronics,Debit Card,April,2025,4,20,Sunday
2025-12-18,chai point,475.39,Food,Debit Card,December,2025,12,18,Thursday
2025-02-08,bsnl,201.57,Bills,Debit Card,February,2025,2,8,Saturday
2025-09-01,yulu bikes,1657.09,Transport,Debit Card,September,2025,9,1,Monday
2025-02-19,ajio,14643.59,Online Shopping,Debit Card,February,2025,2,19,Wednesday
2025-12-05,tata cliq,6354.54,Online Shopping,Net Banking,December,2025,12,5,Friday
2025-10-16,reliance fresh,2530.51,Grocery,UPI,October,2025,10,16,Thursday
2025-06-29,booking.com,4914.36,Travel,Net Banking,June,2025,6,29,Sunday
2025-09-05,saravana bhavan,445.35,Food,Credit Card,September,2025,9,5,Friday
2025-07-09,gas agency,5927.08,Bills,Net Banking,July,2025,7,9,Wednesday
2025-11-23,vodafone idea,366.57,Bills,UPI,November,2025,11,23,Sunday
2025-03-18,redbus,1872.59,Transport,UPI,March,2025,3,18,Tuesday
2025-07-20,snapdeal,4564.3,Online Shopping,Debit Card,July,2025,7,20,Sunday
2025-10-05,allen solly,5554.66,Clothing,Debit Card,October,2025,10,5,Sunday
2025-09-20,yulu bikes,313.01,Transport,UPI,September,2025,9,20,Saturday
2025-04-08,hotstar,900.5,Entertainment,Net Banking,April,2025,4,8,Tuesday
2025-05-28,apollo hospital,18126.77,Healthcare,Net Banking,May,2025,5,28,Wednesday
2025-12-16,gaana,346.64,Entertainment,Net Banking,December,2025,12,16,Tuesday
2025-12-04,vodafone idea,4330.83,Bills,UPI,December,2025,12,4,Thursday
2025-05-02,vivo store,130702.23,Electronics,Credit Card,May,2025,5,2,Friday
2025-08-30,bmtc,1423.5,Transport,Credit Card,August,2025,8,30,Saturday
2025-07-11,nilgiris,2679.1,Grocery,Credit Card,July,2025,7,11,Friday
2025-02-16,airtel,4886.09,Bills,Net Banking,February,2025,2,16,Sunday
2025-02-15,act fibernet,237.05,Bills,Debit Card,February,2025,2,15,Saturday
2025-08-20,starbucks,987.5,Food,Credit Card,August,2025,8,20,Wednesday
2025-06-28,ajio,10999.17,Online Shopping,Credit Card,June,2025,6,28,Saturday
2025-08-01,act fibernet,4681.57,Bills,Debit Card,August,2025,8,1,Friday
2025-09-26,apollo pharmacy,16641.25,Healthcare,UPI,September,2025,9,26,Friday
2025-01-21,kauvery,16718.98,Healthcare,UPI,January,2025,1,21,Tuesday
2025-06-06,nature's basket,2164.77,Grocery,Credit Card,June,2025,6,6,Friday
2025-10-05,star bazaar,391.95,Grocery,Credit Card,October,2025,10,5,Sunday
2025-06-14,jiomart,4199.15,Grocery,Net Banking,June,2025,6,14,Saturday
2025-09-16,samsung store,84039.08,Electronics,Credit Card,September,2025,9,16,Tuesday
2025-08-31,ola,330.82,Transport,Credit Card,August,2025,8,31,Sunday
2025-12-27,paradise biryani,854.76,Food,UPI,December,2025,12,27,Saturday
2025-09-09,amazon,12538.16,Online Shopping,UPI,September,2025,9,9,Tuesday
2025-10-17,dominos,818.93,Food,Debit Card,October,2025,10,17,Friday
2025-05-29,gaana,379.98,Entertainment,UPI,May,2025,5,29,Thursday
2025-05-23,samsung store,142963.97,Electronics,UPI,May,2025,5,23,Friday
2025-11-17,ajio,4664.51,Online Shopping,UPI,November,2025,11,17,Monday
2025-11-15,us polo,6791.85,Clothing,Net Banking,November,2025,11,15,Saturday
2025-11-23,amazon,16486.15,Online Shopping,UPI,November,2025,11,23,Sunday
2025-02-25,spencers,3659.05,Grocery,Credit Card,February,2025,2,25,Tuesday
2025-02-28,pizza hut,399.89,Food,Debit Card,February,2025,2,28,Friday
2025-03-22,max fashion,2806.7,Clothing,Debit Card,March,2025,3,22,Saturday
2025-08-22,irctc,18935.09,Travel,Net Banking,August,2025,8,22,Friday
2025-04-08,tneb,2654.84,Bills,Credit Card,April,2025,4,8,Tuesday
2025-10-11,apple music,383.37,Entertainment,Credit Card,October,2025,10,11,Saturday
2025-09-26,airasia,24445.06,Travel,Credit Card,September,2025,9,26,Friday
2025-12-31,burger king,1123.63,Food,Credit Card,December,2025,12,31,Wednesday
2025-10-01,lenskart,7207.63,Online Shopping,Net Banking,October,2025,10,1,Wednesday
2025-05-25,irctc,4364.4,Travel,Debit Card,May,2025,5,25,Sunday
2025-09-25,mi store,135126.49,Electronics,Net Banking,September,2025,9,25,Thursday
2025-10-12,apple music,968.89,Entertainment,UPI,October,2025,10,12,Sunday
2025-11-13,fortis,18764.82,Healthcare,UPI,November,2025,11,13,Thursday
2025-02-07,sonyliv,419.63,Entertainment,Credit Card,February,2025,2,7,Friday
2025-10-05,aha,806.33,Entertainment,Net Banking,October,2025,10,5,Sunday
2025-04-13,jiomart,3360.46,Grocery,Credit Card,April,2025,4,13,Sunday
2025-05-22,vodafone idea,2014.31,Bills,Net Banking,May,2025,5,22,Thursday
2025-10-27,water board,2189.05,Bills,Debit Card,October,2025,10,27,Monday
2025-07-14,gas agency,5120.71,Bills,Debit Card,July,2025,7,14,Monday
2025-07-26,meru cabs,1573.0,Transport,Debit Card,July,2025,7,26,Saturday
2025-10-13,makemytrip,2045.48,Travel,UPI,October,2025,10,13,Monday
2025-05-16,apple store,78014.21,Electronics,Net Banking,May,2025,5,16,Friday
2025-07-10,a2b,1211.99,Food,Debit Card,July,2025,7,10,Thursday
2025-08-22,jiomart,4517.35,Grocery,Credit Card,August,2025,8,22,Friday
2025-01-06,aha,275.65,Entertainment,UPI,January,2025,1,6,Monday
2025-11-04,h&m,7934.74,Clothing,Credit Card,November,2025,11,4,Tuesday
2025-10-07,hotstar,342.95,Entertainment,Debit Card,October,2025,10,7,Tuesday
2025-08-12,saravana bhavan,724.89,Food,Debit Card,August,2025,8,12,Tuesday
2025-09-08,oyo,20791.14,Travel,Credit Card,September,2025,9,8,Monday
2025-01-14,redbus,1973.82,Transport,Debit Card,January,2025,1,14,Tuesday
2025-12-12,kauvery,19977.3,Healthcare,UPI,December,2025,12,12,Friday
2025-03-07,bsnl,1172.63,Bills,Debit Card,March,2025,3,7,Friday
2025-08-24,spencers,2955.74,Grocery,Net Banking,August,2025,8,24,Sunday
2025-08-03,airtel,4561.85,Bills,Net Banking,August,2025,8,3,Sunday
2025-02-15,hotstar,352.96,Entertainment,UPI,February,2025,2,15,Saturday
2025-12-16,act fibernet,3328.96,Bills,Credit Card,December,2025,12,16,Tuesday
2025-11-05,air india,17186.16,Travel,Debit Card,November,2025,11,5,Wednesday
2025-08-04,oneplus,113030.5,Electronics,Net Banking,August,2025,8,4,Monday
2025-12-17,snapdeal,6936.36,Online Shopping,Net Banking,December,2025,12,17,Wednesday
2025-01-02,flipkart,4933.12,Online Shopping,Net Banking,January,2025,1,2,Thursday
2025-02-16,zara,833.1,Clothing,UPI,February,2025,2,16,Sunday
2025-11-27,cloudnine,1395.35,Healthcare,Credit Card,November,2025,11,27,Thursday
2025-02-14,cloudnine,8855.56,Healthcare,Credit Card,February,2025,2,14,Friday
2025-04-04,air india,25303.24,Travel,UPI,April,2025,4,4,Friday
2025-10-25,kauvery,13676.26,Healthcare,UPI,October,2025,10,25,Saturday
2025-06-24,bsnl,5049.01,Bills,UPI,June,2025,6,24,Tuesday
2025-06-24,ajio,11621.75,Online Shopping,UPI,June,2025,6,24,Tuesday
2025-10-28,puma,4392.55,Clothing,Credit Card,October,2025,10,28,Tuesday
2025-08-02,cloudnine,5581.47,Healthcare,Debit Card,August,2025,8,2,Saturday
2025-01-05,medplus,1913.71,Healthcare,Debit Card,January,2025,1,5,Sunday
2025-03-22,netflix,768.75,Entertainment,UPI,March,2025,3,22,Saturday
2025-08-18,taco bell,1341.32,Food,Credit Card,August,2025,8,18,Monday
2025-01-18,amazon prime,445.48,Entertainment,Debit Card,January,2025,1,18,Saturday
2025-02-21,ola,506.23,Transport,Net Banking,February,2025,2,21,Friday
2025-01-04,cloudnine,5305.51,Healthcare,Credit Card,January,2025,1,4,Saturday
2025-03-18,1mg,10167.59,Healthcare,UPI,March,2025,3,18,Tuesday
2025-12-28,meru cabs,205.72,Transport,Debit Card,December,2025,12,28,Sunday
2025-08-13,makemytrip,14800.67,Travel,Credit Card,August,2025,8,13,Wednesday
2025-12-24,jiomart,313.37,Grocery,UPI,December,2025,12,24,Wednesday
2025-12-10,yatra,17088.77,Travel,UPI,December,2025,12,10,Wednesday
2025-01-18,barbeque nation,619.2,Food,UPI,January,2025,1,18,Saturday
2025-01-05,bigbazaar,3150.09,Grocery,UPI,January,2025,1,5,Sunday
2025-03-21,ccd,1495.33,Food,UPI,March,2025,3,21,Friday
2025-01-11,fortis,3772.61,Healthcare,Debit Card,January,2025,1,11,Saturday
2025-03-23,yulu bikes,1902.96,Transport,Credit Card,March,2025,3,23,Sunday
2025-02-04,water board,5999.67,Bills,Credit Card,February,2025,2,4,Tuesday
2025-03-16,property tax online,950.0,Bills,UPI,March,2025,3,16,Sunday
2025-05-03,vodafone idea,4598.86,Bills,Credit Card,May,2025,5,3,Saturday
2025-06-21,bigbazaar,361.42,Grocery,Credit Card,June,2025,6,21,Saturday
2025-03-27,meesho,18646.32,Online Shopping,Net Banking,March,2025,3,27,Thursday
2025-02-01,fortis,3309.19,Healthcare,Debit Card,February,2025,2,1,Saturday
2025-07-07,airasia,28470.91,Travel,Credit Card,July,2025,7,7,Monday
2025-12-26,metro rail,636.91,Transport,Net Banking,December,2025,12,26,Friday
2025-06-06,amazon prime,683.87,Entertainment,Credit Card,June,2025,6,6,Friday
2025-01-10,ola,1083.29,Transport,Debit Card,January,2025,1,10,Friday
2025-09-28,gas agency,2887.85,Bills,UPI,September,2025,9,28,Sunday
2025-07-31,flipkart,2487.36,Online Shopping,Debit Card,July,2025,7,31,Thursday
2025-10-20,bigbazaar,2064.85,Grocery,Credit Card,October,2025,10,20,Monday
2025-02-04,ajio,3459.11,Online Shopping,Net Banking,February,2025,2,4,Tuesday
2025-11-05,makemytrip,6878.37,Travel,Debit Card,November,2025,11,5,Wednesday
2025-05-12,goibibo,11690.67,Travel,Debit Card,May,2025,5,12,Monday
2025-09-13,gaana,624.23,Entertainment,UPI,September,2025,9,13,Saturday
2025-10-26,sonyliv,782.33,Entertainment,UPI,October,2025,10,26,Sunday
2025-04-04,irctc,18345.71,Travel,Credit Card,April,2025,4,4,Friday
2025-03-10,bsnl,3674.6,Bills,Net Banking,March,2025,3,10,Monday
2025-05-03,apollo pharmacy,8600.17,Healthcare,Debit Card,May,2025,5,3,Saturday
2025-11-20,biba,3358.45,Clothing,Debit Card,November,2025,11,20,Thursday
2025-04-08,asus store,20322.46,Electronics,Net Banking,April,2025,4,8,Tuesday
2025-02-06,kauvery,9726.89,Healthcare,Debit Card,February,2025,2,6,Thursday
2025-01-18,jio fiber,1933.58,Bills,UPI,January,2025,1,18,Saturday
2025-10-16,kauvery,12625.91,Healthcare,Debit Card,October,2025,10,16,Thursday
2025-03-30,netmeds,8354.56,Healthcare,Credit Card,March,2025,3,30,Sunday
2025-09-23,rapido,1086.23,Transport,Credit Card,September,2025,9,23,Tuesday
2025-01-26,air india,21278.55,Travel,UPI,January,2025,1,26,Sunday
2025-01-02,meesho,10797.58,Online Shopping,Net Banking,January,2025,1,2,Thursday
2025-04-21,metro rail,1458.2,Transport,Credit Card,April,2025,4,21,Monday
2025-05-29,allen solly,7713.22,Clothing,Net Banking,May,2025,5,29,Thursday
2025-01-28,sonyliv,822.78,Entertainment,Debit Card,January,2025,1,28,Tuesday
2025-09-18,nature's basket,1820.03,Grocery,Debit Card,September,2025,9,18,Thursday
2025-12-28,redbus,374.92,Transport,Net Banking,December,2025,12,28,Sunday
2025-01-13,mi store,38830.72,Electronics,Credit Card,January,2025,1,13,Monday
2025-07-03,yatra,15306.02,Travel,Net Banking,July,2025,7,3,Thursday
2025-05-23,adidas,4446.71,Clothing,UPI,May,2025,5,23,Friday
2025-09-26,paradise biryani,1440.54,Food,UPI,September,2025,9,26,Friday
2025-07-09,airtel,3094.16,Bills,Net Banking,July,2025,7,9,Wednesday
2025-03-01,h&m,4399.28,Clothing,Net Banking,March,2025,3,1,Saturday
2025-11-29,pantaloons,1283.99,Clothing,UPI,November,2025,11,29,Saturday
2025-09-17,fortis,14872.53,Healthcare,Credit Card,September,2025,9,17,Wednesday
2025-12-17,h&m,6670.24,Clothing,Debit Card,December,2025,12,17,Wednesday
2025-01-07,amazon prime,900.52,Entertainment,Credit Card,January,2025,1,7,Tuesday
2025-04-29,vistara,29495.45,Travel,Credit Card,April,2025,4,29,Tuesday
2025-12-03,airtel,4333.97,Bills,UPI,December,2025,12,3,Wednesday
2025-01-05,cloudnine,14207.75,Healthcare,Net Banking,January,2025,1,5,Sunday
2025-02-01,yulu bikes,1597.38,Transport,Debit Card,February,2025,2,1,Saturday
2025-03-28,reliance digital,33980.81,Electronics,UPI,March,2025,3,28,Friday
2025-11-11,air india,17891.3,Travel,Net Banking,November,2025,11,11,Tuesday
2025-10-28,bigbazaar,3386.47,Grocery,UPI,October,2025,10,28,Tuesday
2025-10-29,more supermarket,744.3,Grocery,Net Banking,October,2025,10,29,Wednesday
2025-04-20,metro rail,658.78,Transport,Debit Card,April,2025,4,20,Sunday
2025-07-28,medplus,10126.71,Healthcare,Debit Card,July,2025,7,28,Monday
2025-04-13,tsrtc,237.33,Transport,Credit Card,April,2025,4,13,Sunday
2025-04-06,water board,5033.66,Bills,Credit Card,April,2025,4,6,Sunday
2025-10-20,more supermarket,1420.29,Grocery,UPI,October,2025,10,20,Monday
2025-06-13,noise,127781.11,Electronics,UPI,June,2025,6,13,Friday
2025-05-13,medplus,9191.98,Healthcare,Debit Card,May,2025,5,13,Tuesday
2025-03-25,airtel,3260.54,Bills,UPI,March,2025,3,25,Tuesday
2025-01-06,noise,110642.99,Electronics,Debit Card,January,2025,1,6,Monday
2025-09-21,apple music,926.97,Entertainment,Credit Card,September,2025,9,21,Sunday
2025-10-23,puma,4902.92,Clothing,Net Banking,October,2025,10,23,Thursday
2025-08-18,property tax online,5425.52,Bills,Credit Card,August,2025,8,18,Monday
2025-10-21,zara,5281.06,Clothing,UPI,October,2025,10,21,Tuesday
2025-12-04,woodland,7820.96,Clothing,UPI,December,2025,12,4,Thursday
2025-01-09,paradise biryani,609.82,Food,Credit Card,January,2025,1,9,Thursday
2025-04-01,apple music,233.94,Entertainment,UPI,April,2025,4,1,Tuesday
2025-01-15,ccd,1273.76,Food,Debit Card,January,2025,1,15,Wednesday
2025-05-22,vistara,11801.2,Travel,Debit Card,May,2025,5,22,Thursday
2025-06-20,spotify,532.74,Entertainment,Credit Card,June,2025,6,20,Friday
2025-03-27,jio fiber,5366.3,Bills,Net Banking,March,2025,3,27,Thursday
2025-04-18,biba,4432.26,Clothing,Debit Card,April,2025,4,18,Friday
2025-03-14,yatra,21624.82,Travel,Debit Card,March,2025,3,14,Friday
2025-03-16,meru cabs,1550.95,Transport,Credit Card,March,2025,3,16,Sunday
2025-09-17,mi store,70892.95,Electronics,Credit Card,September,2025,9,17,Wednesday
2025-07-09,flipkart,10826.49,Online Shopping,Debit Card,July,2025,7,9,Wednesday
2025-06-12,nykaa,2744.42,Online Shopping,Credit Card,June,2025,6,12,Thursday
2025-09-27,vistara,5646.48,Travel,Debit Card,September,2025,9,27,Saturday
2025-03-14,samsung store,130497.63,Electronics,Net Banking,March,2025,3,14,Friday
2025-02-08,netflix,744.87,Entertainment,Net Banking,February,2025,2,8,Saturday
2025-07-03,meru cabs,1738.21,Transport,UPI,July,2025,7,3,Thursday
2025-07-28,pantaloons,3157.32,Clothing,Credit Card,July,2025,7,28,Monday
2025-01-09,gas agency,2500.83,Bills,Credit Card,January,2025,1,9,Thursday
2025-05-30,nike,1045.53,Clothing,Net Banking,May,2025,5,30,Friday
2025-09-21,wrogn,2881.72,Clothing,Debit Card,September,2025,9,21,Sunday
2025-11-02,reliance fresh,4447.3,Grocery,Debit Card,November,2025,11,2,Sunday
2025-05-09,water board,230.45,Bills,Debit Card,May,2025,5,9,Friday
2025-09-23,1mg,1393.44,Healthcare,UPI,September,2025,9,23,Tuesday
2025-10-12,mi store,79919.32,Electronics,Net Banking,October,2025,10,12,Sunday
2025-12-13,indigo,20878.88,Travel,Net Banking,December,2025,12,13,Saturday
2025-05-04,bigbazaar,1572.24,Grocery,Credit Card,May,2025,5,4,Sunday
2025-09-22,act fibernet,2812.82,Bills,Debit Card,September,2025,9,22,Monday
2025-05-11,more supermarket,2165.19,Grocery,Net Banking,May,2025,5,11,Sunday
2025-06-15,dell exclusive,78485.19,Electronics,UPI,June,2025,6,15,Sunday
2025-07-12,pizza hut,126.26,Food,Debit Card,July,2025,7,12,Saturday
2025-02-28,zee5,734.26,Entertainment,Debit Card,February,2025,2,28,Friday
2025-06-17,hp world,43772.2,Electronics,Net Banking,June,2025,6,17,Tuesday
2025-06-02,asus store,98630.25,Electronics,Debit Card,June,2025,6,2,Monday
2025-04-24,apollo pharmacy,11908.37,Healthcare,Net Banking,April,2025,4,24,Thursday
2025-10-17,adidas,2083.36,Clothing,Credit Card,October,2025,10,17,Friday
2025-02-22,redbus,172.53,Transport,UPI,February,2025,2,22,Saturday
2025-08-13,apple music,461.35,Entertainment,UPI,August,2025,8,13,Wednesday
2025-07-06,levis,5100.87,Clothing,Debit Card,July,2025,7,6,Sunday
2025-09-17,goibibo,24949.89,Travel,Debit Card,September,2025,9,17,Wednesday
2025-11-16,nykaa,2888.72,Online Shopping,Debit Card,November,2025,11,16,Sunday
2025-04-03,amazon prime,992.61,Entertainment,Net Banking,April,2025,4,3,Thursday
2025-12-07,snapdeal,9443.0,Online Shopping,Net Banking,December,2025,12,7,Sunday
2025-12-20,meru cabs,976.77,Transport,Credit Card,December,2025,12,20,Saturday
2025-12-11,asus store,52220.89,Electronics,Net Banking,December,2025,12,11,Thursday
2025-02-09,sonyliv,741.46,Entertainment,Debit Card,February,2025,2,9,Sunday
2025-04-19,pepperfry,1359.46,Online Shopping,Net Banking,April,2025,4,19,Saturday
2025-07-29,pepperfry,10938.58,Online Shopping,Debit Card,July,2025,7,29,Tuesday
2025-02-07,meesho,16086.75,Online Shopping,Credit Card,February,2025,2,7,Friday
2025-03-29,noise,74952.79,Electronics,Credit Card,March,2025,3,29,Saturday
2025-07-25,zara,2029.5,Clothing,Credit Card,July,2025,7,25,Friday
2025-07-24,samsung store,46308.26,Electronics,Credit Card,July,2025,7,24,Thursday
2025-08-29,zee5,446.33,Entertainment,Net Banking,August,2025,8,29,Friday
2025-08-26,pizza hut,1116.88,Food,Debit Card,August,2025,8,26,Tuesday
2025-03-31,snapdeal,17761.82,Online Shopping,Credit Card,March,2025,3,31,Monday
2025-11-01,hotstar,812.17,Entertainment,Debit Card,November,2025,11,1,Saturday
2025-11-30,taco bell,1345.06,Food,Net Banking,November,2025,11,30,Sunday
2025-10-24,reliance fresh,707.28,Grocery,Debit Card,October,2025,10,24,Friday
2025-01-30,tneb,1755.25,Bills,Debit Card,January,2025,1,30,Thursday
2025-07-03,reliance fresh,1248.72,Grocery,Debit Card,July,2025,7,3,Thursday
2025-05-22,h&m,2084.95,Clothing,Credit Card,May,2025,5,22,Thursday
2025-04-06,ccd,476.4,Food,Credit Card,April,2025,4,6,Sunday
2025-09-29,sonyliv,442.49,Entertainment,Debit Card,September,2025,9,29,Monday
2025-07-31,apollo hospital,18913.59,Healthcare,Credit Card,July,2025,7,31,Thursday
2025-07-28,goibibo,14119.51,Travel,Credit Card,July,2025,7,28,Monday
2025-08-14,nilgiris,2572.26,Grocery,Debit Card,August,2025,8,14,Thursday
2025-03-11,oneplus,103769.34,Electronics,Debit Card,March,2025,3,11,Tuesday
2025-12-10,goibibo,28872.69,Travel,Debit Card,December,2025,12,10,Wednesday
2025-04-19,sonyliv,578.43,Entertainment,Net Banking,April,2025,4,19,Saturday
2025-08-04,flipkart,13833.03,Online Shopping,Credit Card,August,2025,8,4,Monday
2025-11-24,dmart,2298.4,Grocery,Credit Card,November,2025,11,24,Monday
2025-01-08,allen solly,5980.28,Clothing,UPI,January,2025,1,8,Wednesday
2025-06-02,amazon,19014.81,Online Shopping,Debit Card,June,2025,6,2,Monday
2025-01-26,meesho,9396.35,Online Shopping,UPI,January,2025,1,26,Sunday
2025-02-15,uber,204.77,Transport,Net Banking,February,2025,2,15,Saturday
2025-06-23,dominos,940.14,Food,Credit Card,June,2025,6,23,Monday
2025-09-28,dell exclusive,76675.65,Electronics,Credit Card,September,2025,9,28,Sunday
2025-09-09,dominos,624.96,Food,UPI,September,2025,9,9,Tuesday
2025-12-09,medplus,2269.06,Healthcare,Debit Card,December,2025,12,9,Tuesday
2025-12-19,netflix,531.49,Entertainment,Credit Card,December,2025,12,19,Friday
2025-06-09,croma,119641.11,Electronics,Net Banking,June,2025,6,9,Monday
2025-08-16,nike,6410.03,Clothing,Credit Card,August,2025,8,16,Saturday
2025-03-17,vodafone idea,1513.91,Bills,Net Banking,March,2025,3,17,Monday
2025-11-10,taco bell,496.72,Food,Credit Card,November,2025,11,10,Monday
2025-06-01,a2b,522.15,Food,Debit Card,June,2025,6,1,Sunday
2025-01-08,gaana,146.88,Entertainment,Credit Card,January,2025,1,8,Wednesday
2025-07-13,reliance fresh,877.58,Grocery,Debit Card,July,2025,7,13,Sunday
2025-03-03,hp world,102320.3,Electronics,Net Banking,March,2025,3,3,Monday
2025-10-28,metro rail,99.37,Transport,Net Banking,October,2025,10,28,Tuesday
2025-03-25,vistara,13045.76,Travel,Debit Card,March,2025,3,25,Tuesday
2025-08-03,vodafone idea,1693.84,Bills,Credit Card,August,2025,8,3,Sunday
2025-07-19,tneb,1021.56,Bills,Debit Card,July,2025,7,19,Saturday
2025-06-03,gaana,616.37,Entertainment,UPI,June,2025,6,3,Tuesday
2025-09-11,spencers,1353.89,Grocery,Credit Card,September,2025,9,11,Thursday
2025-07-28,goibibo,22314.45,Travel,Debit Card,July,2025,7,28,Monday
2025-03-27,gaana,318.3,Entertainment,UPI,March,2025,3,27,Thursday
2025-12-31,flipkart,15073.37,Online Shopping,Debit Card,December,2025,12,31,Wednesday
2025-03-11,metro rail,1422.96,Transport,Credit Card,March,2025,3,11,Tuesday
2025-05-18,amazon prime,477.96,Entertainment,Debit Card,May,2025,5,18,Sunday
2025-02-07,bigbazaar,4563.73,Grocery,UPI,February,2025,2,7,Friday
2025-12-11,myntra,5582.71,Online Shopping,Credit Card,December,2025,12,11,Thursday
2025-08-05,kauvery,9160.0,Healthcare,Net Banking,August,2025,8,5,Tuesday
2025-06-03,indigo,27224.81,Travel,UPI,June,2025,6,3,Tuesday
2025-10-30,allen solly,1410.01,Clothing,Debit Card,October,2025,10,30,Thursday
2025-11-06,yatra,24933.16,Travel,Debit Card,November,2025,11,6,Thursday
2025-04-29,apollo hospital,7000.49,Healthcare,Debit Card,April,2025,4,29,Tuesday
2025-08-20,adidas,2531.53,Clothing,Credit Card,August,2025,8,20,Wednesday
2025-09-11,nature's basket,2523.88,Grocery,UPI,September,2025,9,11,Thursday
2025-07-10,starbucks,768.55,Food,Net Banking,July,2025,7,10,Thursday
2025-06-18,meesho,10787.12,Online Shopping,Credit Card,June,2025,6,18,Wednesday
2025-09-01,biba,1784.87,Clothing,Debit Card,September,2025,9,1,Monday
2025-06-14,gas agency,419.93,Bills,Credit Card,June,2025,6,14,Saturday
2025-03-21,paradise biryani,987.8,Food,Net Banking,March,2025,3,21,Friday
2025-10-23,apple store,141522.93,Electronics,Debit Card,October,2025,10,23,Thursday
2025-02-20,metro rail,1393.3,Transport,Credit Card,February,2025,2,20,Thursday
2025-09-24,meesho,15831.95,Online Shopping,Debit Card,September,2025,9,24,Wednesday
2025-01-21,tneb,5060.46,Bills,Credit Card,January,2025,1,21,Tuesday
2025-08-26,noise,96176.83,Electronics,UPI,August,2025,8,26,Tuesday
2025-03-21,property tax online,749.29,Bills,Credit Card,March,2025,3,21,Friday
2025-02-09,nike,3955.56,Clothing,Debit Card,February,2025,2,9,Sunday
2025-07-22,meru cabs,678.68,Transport,Credit Card,July,2025,7,22,Tuesday
2025-05-13,apollo pharmacy,17393.08,Healthcare,Credit Card,May,2025,5,13,Tuesday
2025-01-31,tneb,385.52,Bills,Credit Card,January,2025,1,31,Friday
2025-01-05,hotstar,272.43,Entertainment,Debit Card,January,2025,1,5,Sunday
2025-01-03,pizza hut,1141.11,Food,Credit Card,January,2025,1,3,Friday
2025-02-18,noise,84934.51,Electronics,UPI,February,2025,2,18,Tuesday
2025-05-13,indigo,8534.04,Travel,UPI,May,2025,5,13,Tuesday
2025-07-19,air india,22794.11,Travel,Net Banking,July,2025,7,19,Saturday
2025-10-28,nilgiris,2147.37,Grocery,UPI,October,2025,10,28,Tuesday
2025-07-11,aster,10678.63,Healthcare,Credit Card,July,2025,7,11,Friday
2025-07-16,pantaloons,2477.07,Clothing,UPI,July,2025,7,16,Wednesday
2025-01-08,rapido,1856.23,Transport,Credit Card,January,2025,1,8,Wednesday
2025-02-05,apple store,96067.65,Electronics,Net Banking,February,2025,2,5,Wednesday
2025-07-14,airasia,4138.42,Travel,UPI,July,2025,7,14,Monday
2025-06-14,water board,3920.34,Bills,Net Banking,June,2025,6,14,Saturday
2025-10-01,yatra,4211.02,Travel,UPI,October,2025,10,1,Wednesday
2025-10-29,water board,4236.8,Bills,Credit Card,October,2025,10,29,Wednesday
2025-01-24,bsnl,2106.75,Bills,Debit Card,January,2025,1,24,Friday
2025-07-10,ajio,18576.49,Online Shopping,Credit Card,July,2025,7,10,Thursday
2025-07-26,gaana,230.14,Entertainment,Debit Card,July,2025,7,26,Saturday
2025-03-17,nykaa,5032.57,Online Shopping,UPI,March,2025,3,17,Monday
2025-06-11,apple music,709.29,Entertainment,Debit Card,June,2025,6,11,Wednesday
2025-12-23,apple music,403.73,Entertainment,UPI,December,2025,12,23,Tuesday
2025-10-25,amazon,8212.1,Online Shopping,Credit Card,October,2025,10,25,Saturday
2025-06-10,tsrtc,1322.77,Transport,Credit Card,June,2025,6,10,Tuesday
2025-08-18,fortis,10830.12,Healthcare,UPI,August,2025,8,18,Monday
2025-08-28,makemytrip,1808.91,Travel,UPI,August,2025,8,28,Thursday
2025-03-03,metro rail,328.65,Transport,Net Banking,March,2025,3,3,Monday
2025-09-19,apollo hospital,6243.79,Healthcare,Credit Card,September,2025,9,19,Friday
2025-02-08,more supermarket,3673.1,Grocery,Net Banking,February,2025,2,8,Saturday
2025-12-24,nilgiris,4517.27,Grocery,Debit Card,December,2025,12,24,Wednesday
2025-04-30,vivo store,101343.49,Electronics,Credit Card,April,2025,4,30,Wednesday
2025-10-17,vistara,7704.52,Travel,Debit Card,October,2025,10,17,Friday
2025-01-30,tsrtc,1462.85,Transport,Net Banking,January,2025,1,30,Thursday
2025-04-01,starbucks,697.97,Food,UPI,April,2025,4,1,Tuesday
2025-01-01,air india,1421.2,Travel,Net Banking,January,2025,1,1,Wednesday
2025-04-10,nilgiris,2027.47,Grocery,Debit Card,April,2025,4,10,Thursday
2025-07-13,ajio,3801.65,Online Shopping,UPI,July,2025,7,13,Sunday
2025-02-11,rapido,72.93,Transport,UPI,February,2025,2,11,Tuesday
2025-08-27,h&m,3248.33,Clothing,Net Banking,August,2025,8,27,Wednesday
2025-05-20,taco bell,1070.32,Food,Net Banking,May,2025,5,20,Tuesday
2025-01-13,zee5,399.46,Entertainment,Debit Card,January,2025,1,13,Monday
2025-04-11,redbus,1575.45,Transport,UPI,April,2025,4,11,Friday
2025-05-11,apollo pharmacy,16296.23,Healthcare,Debit Card,May,2025,5,11,Sunday
2025-07-14,oyo,27644.82,Travel,Credit Card,July,2025,7,14,Monday
2025-06-07,indigo,25663.3,Travel,Net Banking,June,2025,6,7,Saturday
2025-02-12,biba,4052.97,Clothing,Net Banking,February,2025,2,12,Wednesday
2025-10-06,bsnl,5071.32,Bills,Debit Card,October,2025,10,6,Monday
2025-06-01,ajio,1690.54,Online Shopping,Net Banking,June,2025,6,1,Sunday
2025-01-25,apollo pharmacy,16978.65,Healthcare,UPI,January,2025,1,25,Saturday
2025-01-20,vodafone idea,4404.72,Bills,Net Banking,January,2025,1,20,Monday
2025-11-01,mi store,60432.66,Electronics,Net Banking,November,2025,11,1,Saturday
2025-10-29,air india,13685.35,Travel,Debit Card,October,2025,10,29,Wednesday
2025-04-22,uber,262.33,Transport,Debit Card,April,2025,4,22,Tuesday
2025-11-24,gas agency,3668.61,Bills,Net Banking,November,2025,11,24,Monday
2025-04-07,nilgiris,3226.23,Grocery,UPI,April,2025,4,7,Monday
2025-02-03,snapdeal,10078.34,Online Shopping,Debit Card,February,2025,2,3,Monday
2025-06-27,kauvery,13131.87,Healthcare,Net Banking,June,2025,6,27,Friday
2025-11-24,airtel,3896.24,Bills,Credit Card,November,2025,11,24,Monday
2025-05-23,youtube premium,827.23,Entertainment,Debit Card,May,2025,5,23,Friday
2025-09-07,h&m,5319.12,Clothing,Debit Card,September,2025,9,7,Sunday
2025-07-11,h&m,4158.3,Clothing,Debit Card,July,2025,7,11,Friday
2025-01-26,biba,6631.13,Clothing,UPI,January,2025,1,26,Sunday
2025-08-08,starbucks,803.82,Food,Debit Card,August,2025,8,8,Friday
2025-07-10,paradise biryani,582.95,Food,Credit Card,July,2025,7,10,Thursday
2025-11-14,oneplus,54761.75,Electronics,Credit Card,November,2025,11,14,Friday
2025-10-07,goibibo,10479.99,Travel,Debit Card,October,2025,10,7,Tuesday
2025-02-05,nature's basket,3856.84,Grocery,Debit Card,February,2025,2,5,Wednesday
2025-09-02,spencers,2414.22,Grocery,UPI,September,2025,9,2,Tuesday
2025-11-16,more supermarket,1096.19,Grocery,Net Banking,November,2025,11,16,Sunday
2025-06-21,mcdonalds,1280.37,Food,Credit Card,June,2025,6,21,Saturday
2025-05-28,reliance fresh,1031.0,Grocery,Debit Card,May,2025,5,28,Wednesday
2025-10-28,us polo,3412.17,Clothing,UPI,October,2025,10,28,Tuesday
2025-07-13,tneb,4269.36,Bills,Net Banking,July,2025,7,13,Sunday
2025-08-18,barbeque nation,1050.32,Food,Net Banking,August,2025,8,18,Monday
2025-05-21,gaana,101.41,Entertainment,Net Banking,May,2025,5,21,Wednesday
2025-09-10,wrogn,3897.32,Clothing,Credit Card,September,2025,9,10,Wednesday
2025-05-10,air india,7138.19,Travel,UPI,May,2025,5,10,Saturday
2025-09-09,act fibernet,542.78,Bills,Net Banking,September,2025,9,9,Tuesday
2025-07-01,nykaa,15824.05,Online Shopping,Debit Card,July,2025,7,1,Tuesday
2025-11-24,samsung store,12172.11,Electronics,Net Banking,November,2025,11,24,Monday
2025-10-27,tneb,4912.79,Bills,UPI,October,2025,10,27,Monday
2025-05-18,sonyliv,696.54,Entertainment,Credit Card,May,2025,5,18,Sunday
2025-02-01,meesho,7504.83,Online Shopping,Net Banking,February,2025,2,1,Saturday
2025-06-14,yatra,21629.17,Travel,UPI,June,2025,6,14,Saturday
2025-07-12,irctc,22464.74,Travel,Debit Card,July,2025,7,12,Saturday
2025-10-30,adidas,1269.64,Clothing,Net Banking,October,2025,10,30,Thursday
2025-03-24,redbus,1463.39,Transport,Net Banking,March,2025,3,24,Monday
2025-07-26,airtel,577.51,Bills,Net Banking,July,2025,7,26,Saturday
2025-03-02,indigo,15562.66,Travel,Debit Card,March,2025,3,2,Sunday
2025-08-03,jio fiber,5504.7,Bills,UPI,August,2025,8,3,Sunday
2025-11-21,hotstar,549.5,Entertainment,Credit Card,November,2025,11,21,Friday
2025-06-01,amazon,7932.8,Online Shopping,UPI,June,2025,6,1,Sunday
2025-03-05,pantaloons,1497.18,Clothing,Debit Card,March,2025,3,5,Wednesday
2025-05-27,hotstar,590.4,Entertainment,UPI,May,2025,5,27,Tuesday
2025-02-13,yatra,6777.88,Travel,Credit Card,February,2025,2,13,Thursday
2025-06-25,meesho,13281.69,Online Shopping,UPI,June,2025,6,25,Wednesday
2025-10-02,mi store,96101.75,Electronics,UPI,October,2025,10,2,Thursday
2025-10-24,airtel,3668.34,Bills,Net Banking,October,2025,10,24,Friday
2025-05-02,aha,113.16,Entertainment,Debit Card,May,2025,5,2,Friday
2025-08-21,act fibernet,5480.27,Bills,UPI,August,2025,8,21,Thursday
2025-08-18,air india,16436.25,Travel,Net Banking,August,2025,8,18,Monday
2025-04-01,gaana,332.14,Entertainment,Net Banking,April,2025,4,1,Tuesday
2025-03-30,netflix,925.8,Entertainment,Credit Card,March,2025,3,30,Sunday
2025-08-06,vivo store,11785.97,Electronics,Debit Card,August,2025,8,6,Wednesday
2025-07-17,ajio,9230.17,Online Shopping,Net Banking,July,2025,7,17,Thursday
2025-08-21,h&m,7469.84,Clothing,UPI,August,2025,8,21,Thursday
2025-03-16,yatra,9824.99,Travel,Debit Card,March,2025,3,16,Sunday
2025-09-13,bmtc,408.12,Transport,UPI,September,2025,9,13,Saturday
2025-12-23,reliance fresh,2630.88,Grocery,UPI,December,2025,12,23,Tuesday
2025-08-27,medplus,8814.62,Healthcare,Net Banking,August,2025,8,27,Wednesday
2025-03-21,bigbazaar,3371.23,Grocery,Debit Card,March,2025,3,21,Friday
2025-01-18,dominos,688.73,Food,Net Banking,January,2025,1,18,Saturday
2025-02-18,jiomart,2768.16,Grocery,Net Banking,February,2025,2,18,Tuesday
2025-12-10,goibibo,18906.6,Travel,Net Banking,December,2025,12,10,Wednesday
2025-04-06,kauvery,1494.28,Healthcare,Debit Card,April,2025,4,6,Sunday
2025-09-16,sonyliv,530.8,Entertainment,Debit Card,September,2025,9,16,Tuesday
2025-04-04,zee5,280.12,Entertainment,Debit Card,April,2025,4,4,Friday
2025-09-12,nilgiris,1217.0,Grocery,UPI,September,2025,9,12,Friday
2025-03-01,indigo,16214.43,Travel,UPI,March,2025,3,1,Saturday
2025-10-13,metro rail,124.27,Transport,Net Banking,October,2025,10,13,Monday
2025-11-11,h&m,3705.48,Clothing,Debit Card,November,2025,11,11,Tuesday
2025-02-12,asus store,147441.05,Electronics,Net Banking,February,2025,2,12,Wednesday
2025-06-24,cloudnine,18067.42,Healthcare,Net Banking,June,2025,6,24,Tuesday
2025-04-26,yulu bikes,1098.75,Transport,Net Banking,April,2025,4,26,Saturday
2025-12-09,biba,745.19,Clothing,Credit Card,December,2025,12,9,Tuesday
2025-04-12,tata cliq,17046.38,Online Shopping,UPI,April,2025,4,12,Saturday
2025-04-03,act fibernet,3226.7,Bills,Net Banking,April,2025,4,3,Thursday
2025-03-05,dell exclusive,109625.55,Electronics,Debit Card,March,2025,3,5,Wednesday
2025-07-28,gas agency,2982.55,Bills,UPI,July,2025,7,28,Monday
2025-11-28,aster,8137.0,Healthcare,Net Banking,November,2025,11,28,Friday
2025-11-25,more supermarket,4230.57,Grocery,Debit Card,November,2025,11,25,Tuesday
2025-12-07,metro rail,1409.71,Transport,Net Banking,December,2025,12,7,Sunday
2025-07-24,property tax online,2457.3,Bills,Net Banking,July,2025,7,24,Thursday
2025-08-18,tata cliq,5077.99,Online Shopping,Debit Card,August,2025,8,18,Monday
2025-01-10,apple store,18102.66,Electronics,Net Banking,January,2025,1,10,Friday
2025-07-05,sonyliv,100.01,Entertainment,Debit Card,July,2025,7,5,Saturday
2025-04-26,starbucks,951.24,Food,UPI,April,2025,4,26,Saturday
2025-10-24,airasia,27369.44,Travel,UPI,October,2025,10,24,Friday
2025-01-13,more supermarket,2310.39,Grocery,Debit Card,January,2025,1,13,Monday
2025-02-04,yulu bikes,409.7,Transport,UPI,February,2025,2,4,Tuesday
2025-11-03,makemytrip,14126.41,Travel,UPI,November,2025,11,3,Monday
2025-04-14,taco bell,737.14,Food,Debit Card,April,2025,4,14,Monday
2025-08-06,tneb,240.6,Bills,Debit Card,August,2025,8,6,Wednesday
2025-02-28,gas agency,2802.92,Bills,Net Banking,February,2025,2,28,Friday
2025-02-20,cloudnine,15571.45,Healthcare,Debit Card,February,2025,2,20,Thursday
2025-01-20,snapdeal,16794.68,Online Shopping,Debit Card,January,2025,1,20,Monday
2025-01-19,yatra,18840.4,Travel,Debit Card,January,2025,1,19,Sunday
2025-05-23,us polo,2976.54,Clothing,Credit Card,May,2025,5,23,Friday
2025-03-02,aster,18175.49,Healthcare,Credit Card,March,2025,3,2,Sunday
2025-05-03,biba,5189.65,Clothing,Credit Card,May,2025,5,3,Saturday
2025-08-24,aha,459.72,Entertainment,Net Banking,August,2025,8,24,Sunday
2025-09-20,max fashion,4893.56,Clothing,Net Banking,September,2025,9,20,Saturday
2025-04-27,youtube premium,618.54,Entertainment,Credit Card,April,2025,4,27,Sunday
2025-11-03,dmart,2077.41,Grocery,Credit Card,November,2025,11,3,Monday
2025-05-08,bigbazaar,2400.84,Grocery,UPI,May,2025,5,8,Thursday
2025-04-20,amazon prime,709.03,Entertainment,Net Banking,April,2025,4,20,Sunday
2025-03-12,more supermarket,941.27,Grocery,UPI,March,2025,3,12,Wednesday
2025-02-15,1mg,13792.84,Healthcare,Debit Card,February,2025,2,15,Saturday
2025-09-16,asus store,10679.83,Electronics,UPI,September,2025,9,16,Tuesday
2025-04-06,meru cabs,1141.86,Transport,Debit Card,April,2025,4,6,Sunday
2025-09-10,tata cliq,7816.27,Online Shopping,UPI,September,2025,9,10,Wednesday
2025-08-25,croma,107050.46,Electronics,Debit Card,August,2025,8,25,Monday
2025-05-22,booking.com,1065.2,Travel,Net Banking,May,2025,5,22,Thursday
2025-10-21,gaana,692.85,Entertainment,Net Banking,October,2025,10,21,Tuesday
2025-11-08,meru cabs,1797.69,Transport,Credit Card,November,2025,11,8,Saturday
2025-03-09,amazon,8573.25,Online Shopping,Credit Card,March,2025,3,9,Sunday
2025-07-26,ajio,11687.37,Online Shopping,Net Banking,July,2025,7,26,Saturday
2025-08-30,allen solly,4757.08,Clothing,Net Banking,August,2025,8,30,Saturday
2025-07-28,kauvery,17043.83,Healthcare,Net Banking,July,2025,7,28,Monday
2025-08-28,jiomart,1108.56,Grocery,UPI,August,2025,8,28,Thursday
2025-09-05,reliance digital,40381.71,Electronics,Debit Card,September,2025,9,5,Friday
2025-11-25,samsung store,51754.17,Electronics,Debit Card,November,2025,11,25,Tuesday
2025-08-02,starbucks,496.39,Food,UPI,August,2025,8,2,Saturday
2025-12-18,adidas,5647.32,Clothing,Debit Card,December,2025,12,18,Thursday
2025-10-08,dmart,2400.71,Grocery,UPI,October,2025,10,8,Wednesday
2025-05-15,puma,6789.51,Clothing,Net Banking,May,2025,5,15,Thursday
2025-09-14,vivo store,95149.27,Electronics,Credit Card,September,2025,9,14,Sunday
2025-02-21,ola,1248.73,Transport,Net Banking,February,2025,2,21,Friday
2025-06-03,ccd,518.04,Food,UPI,June,2025,6,3,Tuesday
2025-11-21,airtel,3674.58,Bills,UPI,November,2025,11,21,Friday
2025-04-29,snapdeal,5507.39,Online Shopping,Debit Card,April,2025,4,29,Tuesday
2025-04-30,samsung store,96912.67,Electronics,Debit Card,April,2025,4,30,Wednesday
2025-08-12,zara,5773.11,Clothing,Credit Card,August,2025,8,12,Tuesday
2025-04-14,nature's basket,402.34,Grocery,UPI,April,2025,4,14,Monday
2025-06-22,zara,7187.34,Clothing,Net Banking,June,2025,6,22,Sunday
2025-03-05,dominos,363.75,Food,Debit Card,March,2025,3,5,Wednesday
2025-09-06,asus store,63219.65,Electronics,UPI,September,2025,9,6,Saturday
2025-02-11,vistara,27541.49,Travel,Net Banking,February,2025,2,11,Tuesday
2025-06-04,max fashion,557.88,Clothing,Net Banking,June,2025,6,4,Wednesday
2025-12-26,sonyliv,403.92,Entertainment,UPI,December,2025,12,26,Friday
2025-02-04,amazon prime,128.06,Entertainment,Debit Card,February,2025,2,4,Tuesday
2025-06-29,pantaloons,4835.76,Clothing,UPI,June,2025,6,29,Sunday
2025-08-31,irctc,11789.5,Travel,Debit Card,August,2025,8,31,Sunday
2025-09-23,gaana,784.3,Entertainment,Debit Card,September,2025,9,23,Tuesday
2025-05-18,air india,18056.95,Travel,Credit Card,May,2025,5,18,Sunday
2025-07-16,aha,577.5,Entertainment,Net Banking,July,2025,7,16,Wednesday
2025-06-17,pantaloons,6060.6,Clothing,Net Banking,June,2025,6,17,Tuesday
2025-06-15,sonyliv,909.03,Entertainment,UPI,June,2025,6,15,Sunday
2025-07-31,yulu bikes,1349.45,Transport,Debit Card,July,2025,7,31,Thursday
2025-04-28,apple music,386.59,Entertainment,Debit Card,April,2025,4,28,Monday
2025-08-08,pepperfry,903.44,Online Shopping,Net Banking,August,2025,8,8,Friday
2025-10-27,star bazaar,3646.0,Grocery,Debit Card,October,2025,10,27,Monday
2025-02-10,nike,1945.36,Clothing,Net Banking,February,2025,2,10,Monday
2025-04-26,water board,1733.41,Bills,Credit Card,April,2025,4,26,Saturday
2025-08-18,bsnl,5111.26,Bills,UPI,August,2025,8,18,Monday
2025-07-06,tneb,1975.42,Bills,Credit Card,July,2025,7,6,Sunday
2025-09-06,airtel,1900.27,Bills,Net Banking,September,2025,9,6,Saturday
2025-12-18,apollo hospital,1063.02,Healthcare,UPI,December,2025,12,18,Thursday
2025-10-03,bsnl,5153.15,Bills,Debit Card,October,2025,10,3,Friday
2025-04-17,pepperfry,12050.19,Online Shopping,UPI,April,2025,4,17,Thursday
2025-08-03,youtube premium,960.74,Entertainment,Debit Card,August,2025,8,3,Sunday
2025-04-26,pharmeasy,11402.37,Healthcare,Net Banking,April,2025,4,26,Saturday
2025-10-16,tata cliq,1317.02,Online Shopping,Net Banking,October,2025,10,16,Thursday
2025-08-02,subway,760.13,Food,Credit Card,August,2025,8,2,Saturday
2025-05-24,oyo,17559.8,Travel,Credit Card,May,2025,5,24,Saturday
2025-07-15,aster,8090.59,Healthcare,Credit Card,July,2025,7,15,Tuesday
2025-05-30,airasia,20744.59,Travel,Debit Card,May,2025,5,30,Friday
2025-11-19,yulu bikes,1836.74,Transport,Credit Card,November,2025,11,19,Wednesday
2025-11-11,subway,448.13,Food,Debit Card,November,2025,11,11,Tuesday
2025-09-13,amazon prime,743.99,Entertainment,Debit Card,September,2025,9,13,Saturday
2025-01-19,tata cliq,10474.8,Online Shopping,Credit Card,January,2025,1,19,Sunday
2025-12-25,fortis,3626.35,Healthcare,Credit Card,December,2025,12,25,Thursday
2025-09-16,fortis,12910.54,Healthcare,Credit Card,September,2025,9,16,Tuesday
2025-03-29,act fibernet,1144.85,Bills,Debit Card,March,2025,3,29,Saturday
2025-12-22,water board,2386.45,Bills,Net Banking,December,2025,12,22,Monday
2025-05-20,woodland,1452.75,Clothing,Net Banking,May,2025,5,20,Tuesday
2025-03-27,medplus,4256.86,Healthcare,Net Banking,March,2025,3,27,Thursday
2025-07-19,pepperfry,214.73,Online Shopping,Credit Card,July,2025,7,19,Saturday
2025-11-03,zee5,530.92,Entertainment,Debit Card,November,2025,11,3,Monday
2025-02-24,water board,4683.39,Bills,Credit Card,February,2025,2,24,Monday
2025-12-10,irctc,3994.13,Travel,UPI,December,2025,12,10,Wednesday
2025-08-20,act fibernet,5820.36,Bills,Net Banking,August,2025,8,20,Wednesday
2025-03-15,aha,107.57,Entertainment,UPI,March,2025,3,15,Saturday
2025-01-28,youtube premium,392.54,Entertainment,Debit Card,January,2025,1,28,Tuesday
2025-01-22,property tax online,680.91,Bills,UPI,January,2025,1,22,Wednesday
2025-09-09,cloudnine,12445.94,Healthcare,UPI,September,2025,9,9,Tuesday
2025-09-03,myntra,15727.66,Online Shopping,Net Banking,September,2025,9,3,Wednesday
2025-11-25,pharmeasy,5571.39,Healthcare,Net Banking,November,2025,11,25,Tuesday
2025-08-07,meru cabs,1666.64,Transport,UPI,August,2025,8,7,Thursday
2025-09-04,redbus,1382.78,Transport,Net Banking,September,2025,9,4,Thursday
2025-08-22,makemytrip,22634.3,Travel,Net Banking,August,2025,8,22,Friday
2025-07-15,vodafone idea,5395.98,Bills,UPI,July,2025,7,15,Tuesday
2025-05-26,reliance digital,43472.76,Electronics,UPI,May,2025,5,26,Monday
2025-10-30,amazon,3876.08,Online Shopping,Credit Card,October,2025,10,30,Thursday
2025-10-21,ola,424.57,Transport,Debit Card,October,2025,10,21,Tuesday
2025-04-30,ola,1259.51,Transport,Net Banking,April,2025,4,30,Wednesday
2025-05-20,nature's basket,1609.44,Grocery,Net Banking,May,2025,5,20,Tuesday
2025-10-15,redbus,1747.17,Transport,Net Banking,October,2025,10,15,Wednesday
2025-10-08,zee5,529.88,Entertainment,Debit Card,October,2025,10,8,Wednesday
2025-03-31,star bazaar,4830.51,Grocery,Debit Card,March,2025,3,31,Monday
2025-07-11,medplus,13757.28,Healthcare,Credit Card,July,2025,7,11,Friday
2025-02-06,woodland,2139.98,Clothing,UPI,February,2025,2,6,Thursday
2025-07-23,jiomart,4002.68,Grocery,UPI,July,2025,7,23,Wednesday
2025-08-08,star bazaar,2752.44,Grocery,Credit Card,August,2025,8,8,Friday
2025-01-15,pharmeasy,5776.38,Healthcare,Net Banking,January,2025,1,15,Wednesday
2025-10-30,meru cabs,900.25,Transport,Credit Card,October,2025,10,30,Thursday
2025-07-26,jio fiber,980.09,Bills,Net Banking,July,2025,7,26,Saturday
2025-02-25,aha,198.56,Entertainment,Net Banking,February,2025,2,25,Tuesday
2025-11-02,booking.com,6633.27,Travel,Credit Card,November,2025,11,2,Sunday
2025-01-21,gas agency,4217.19,Bills,Debit Card,January,2025,1,21,Tuesday
2025-03-18,1mg,18258.39,Healthcare,Net Banking,March,2025,3,18,Tuesday
2025-08-24,noise,58586.71,Electronics,Net Banking,August,2025,8,24,Sunday
2025-05-18,barbeque nation,1363.56,Food,UPI,May,2025,5,18,Sunday
2025-08-31,youtube premium,708.23,Entertainment,UPI,August,2025,8,31,Sunday
2025-01-18,irctc,1934.66,Travel,Debit Card,January,2025,1,18,Saturday
2025-06-22,puma,4670.55,Clothing,UPI,June,2025,6,22,Sunday
2025-02-04,yulu bikes,118.05,Transport,Debit Card,February,2025,2,4,Tuesday
2025-03-13,vodafone idea,4294.92,Bills,Credit Card,March,2025,3,13,Thursday
2025-03-27,bsnl,4747.5,Bills,Debit Card,March,2025,3,27,Thursday
2025-03-31,ajio,11844.01,Online Shopping,Debit Card,March,2025,3,31,Monday
2025-03-29,tsrtc,81.96,Transport,UPI,March,2025,3,29,Saturday
2025-06-04,goibibo,24721.88,Travel,UPI,June,2025,6,4,Wednesday
2025-06-06,tsrtc,1730.4,Transport,Debit Card,June,2025,6,6,Friday
2025-12-26,redbus,1548.82,Transport,UPI,December,2025,12,26,Friday
2025-09-14,rapido,640.96,Transport,Credit Card,September,2025,9,14,Sunday
2025-01-26,levis,1320.5,Clothing,Net Banking,January,2025,1,26,Sunday
2025-06-09,pantaloons,6176.74,Clothing,Net Banking,June,2025,6,9,Monday
2025-08-18,makemytrip,29776.72,Travel,UPI,August,2025,8,18,Monday
2025-08-16,nilgiris,899.44,Grocery,Credit Card,August,2025,8,16,Saturday
2025-04-30,redbus,805.75,Transport,Credit Card,April,2025,4,30,Wednesday
2025-06-03,woodland,3153.49,Clothing,Debit Card,June,2025,6,3,Tuesday
2025-10-03,vodafone idea,2804.09,Bills,Debit Card,October,2025,10,3,Friday
2025-09-12,dmart,4547.68,Grocery,UPI,September,2025,9,12,Friday
2025-05-24,pantaloons,3673.58,Clothing,Net Banking,May,2025,5,24,Saturday
2025-09-12,tata cliq,18690.13,Online Shopping,UPI,September,2025,9,12,Friday
2025-03-21,adidas,838.1,Clothing,UPI,March,2025,3,21,Friday
2025-05-15,uber,579.22,Transport,Credit Card,May,2025,5,15,Thursday
2025-04-01,starbucks,1300.15,Food,Debit Card,April,2025,4,1,Tuesday
2025-01-01,ajio,5498.73,Online Shopping,UPI,January,2025,1,1,Wednesday
2025-10-17,boat lifestyle,60132.27,Electronics,UPI,October,2025,10,17,Friday
2025-07-10,pharmeasy,10888.31,Healthcare,Net Banking,July,2025,7,10,Thursday
2025-10-18,starbucks,1131.35,Food,Net Banking,October,2025,10,18,Saturday
2025-07-02,fortis,15477.23,Healthcare,Credit Card,July,2025,7,2,Wednesday
2025-11-15,booking.com,21755.52,Travel,Net Banking,November,2025,11,15,Saturday
2025-12-26,burger king,498.67,Food,UPI,December,2025,12,26,Friday
2025-06-17,gas agency,751.96,Bills,UPI,June,2025,6,17,Tuesday
2025-10-30,pepperfry,11193.58,Online Shopping,UPI,October,2025,10,30,Thursday
2025-05-09,zara,5661.73,Clothing,Credit Card,May,2025,5,9,Friday
2025-01-11,yatra,13976.61,Travel,Debit Card,January,2025,1,11,Saturday
2025-02-14,act fibernet,4036.36,Bills,Net Banking,February,2025,2,14,Friday
2025-05-22,redbus,1333.54,Transport,Net Banking,May,2025,5,22,Thursday
2025-07-30,reliance fresh,2811.39,Grocery,Net Banking,July,2025,7,30,Wednesday
2025-12-01,ola,1688.61,Transport,Debit Card,December,2025,12,1,Monday
2025-02-08,allen solly,3417.7,Clothing,UPI,February,2025,2,8,Saturday
2025-12-04,dmart,654.79,Grocery,Debit Card,December,2025,12,4,Thursday
2025-09-02,pantaloons,3852.66,Clothing,UPI,September,2025,9,2,Tuesday
2025-03-30,kauvery,19485.5,Healthcare,Debit Card,March,2025,3,30,Sunday
2025-10-20,fortis,365.36,Healthcare,Net Banking,October,2025,10,20,Monday
2025-05-22,metro rail,1071.56,Transport,Credit Card,May,2025,5,22,Thursday
2025-08-06,more supermarket,4546.52,Grocery,Credit Card,August,2025,8,6,Wednesday
2025-11-07,burger king,461.6,Food,Credit Card,November,2025,11,7,Friday
2025-10-25,aster,19392.87,Healthcare,UPI,October,2025,10,25,Saturday
2025-06-29,booking.com,5290.81,Travel,Debit Card,June,2025,6,29,Sunday
2025-12-08,apollo pharmacy,7219.41,Healthcare,Debit Card,December,2025,12,8,Monday
2025-07-24,lenskart,12193.8,Online Shopping,Debit Card,July,2025,7,24,Thursday
2025-02-12,yatra,17482.79,Travel,Net Banking,February,2025,2,12,Wednesday
2025-01-13,lenskart,6210.38,Online Shopping,UPI,January,2025,1,13,Monday
2025-03-01,lenskart,6578.53,Online Shopping,UPI,March,2025,3,1,Saturday
2025-10-08,sony center,54020.59,Electronics,Debit Card,October,2025,10,8,Wednesday
2025-10-22,rapido,1975.11,Transport,Net Banking,October,2025,10,22,Wednesday
2025-05-31,apple store,66825.91,Electronics,Debit Card,May,2025,5,31,Saturday
2025-08-17,starbucks,197.18,Food,UPI,August,2025,8,17,Sunday
2025-12-26,netmeds,14543.88,Healthcare,Debit Card,December,2025,12,26,Friday
2025-09-29,woodland,2901.84,Clothing,Net Banking,September,2025,9,29,Monday
2025-05-18,ajio,9955.31,Online Shopping,Debit Card,May,2025,5,18,Sunday
2025-07-16,burger king,535.35,Food,UPI,July,2025,7,16,Wednesday
2025-04-15,max fashion,6633.0,Clothing,Net Banking,April,2025,4,15,Tuesday
2025-09-15,cream stone,1167.14,Food,Credit Card,September,2025,9,15,Monday
2025-07-25,subway,728.22,Food,Net Banking,July,2025,7,25,Friday
2025-11-18,indigo,7252.87,Travel,Credit Card,November,2025,11,18,Tuesday
2025-11-22,more supermarket,1113.32,Grocery,UPI,November,2025,11,22,Saturday
2025-01-18,bmtc,992.67,Transport,Net Banking,January,2025,1,18,Saturday
2025-01-30,indigo,17060.31,Travel,Credit Card,January,2025,1,30,Thursday
2025-08-25,more supermarket,4446.9,Grocery,Credit Card,August,2025,8,25,Monday
2025-06-13,netmeds,16857.57,Healthcare,Net Banking,June,2025,6,13,Friday
2025-01-16,paradise biryani,423.75,Food,UPI,January,2025,1,16,Thursday
2025-09-17,reliance fresh,847.25,Grocery,UPI,September,2025,9,17,Wednesday
2025-10-13,ccd,1402.66,Food,Debit Card,October,2025,10,13,Monday
2025-09-29,bsnl,348.81,Bills,Credit Card,September,2025,9,29,Monday
2025-07-31,pizza hut,392.95,Food,Net Banking,July,2025,7,31,Thursday
2025-08-19,pepperfry,13212.32,Online Shopping,Credit Card,August,2025,8,19,Tuesday
2025-07-02,yatra,24472.82,Travel,Net Banking,July,2025,7,2,Wednesday
2025-02-09,apple store,16487.88,Electronics,UPI,February,2025,2,9,Sunday
2025-02-03,myntra,15185.66,Online Shopping,Credit Card,February,2025,2,3,Monday
2025-04-30,pizza hut,1068.38,Food,Debit Card,April,2025,4,30,Wednesday
2025-07-22,aster,9899.7,Healthcare,UPI,July,2025,7,22,Tuesday
2025-11-06,makemytrip,22872.85,Travel,Debit Card,November,2025,11,6,Thursday
2025-09-28,dell exclusive,104449.56,Electronics,Debit Card,September,2025,9,28,Sunday
2025-07-20,nilgiris,3547.53,Grocery,Credit Card,July,2025,7,20,Sunday
2025-03-03,uber,1617.31,Transport,UPI,March,2025,3,3,Monday
2025-03-14,ola,1404.38,Transport,UPI,March,2025,3,14,Friday
2025-01-15,airtel,5512.67,Bills,Net Banking,January,2025,1,15,Wednesday
2025-01-20,nykaa,4779.87,Online Shopping,Debit Card,January,2025,1,20,Monday
2025-03-11,pepperfry,16596.61,Online Shopping,Debit Card,March,2025,3,11,Tuesday
2025-10-16,apollo hospital,14721.6,Healthcare,UPI,October,2025,10,16,Thursday
2025-04-20,dmart,4123.27,Grocery,Debit Card,April,2025,4,20,Sunday
2025-06-15,cloudnine,906.36,Healthcare,Debit Card,June,2025,6,15,Sunday
2025-02-02,nykaa,10315.71,Online Shopping,Net Banking,February,2025,2,2,Sunday
2025-10-29,aha,380.12,Entertainment,Debit Card,October,2025,10,29,Wednesday
2025-01-05,kfc,382.31,Food,Net Banking,January,2025,1,5,Sunday
2025-01-31,pantaloons,1233.27,Clothing,Net Banking,January,2025,1,31,Friday
2025-09-15,myntra,7822.9,Online Shopping,Credit Card,September,2025,9,15,Monday
2025-04-30,pharmeasy,10855.45,Healthcare,Net Banking,April,2025,4,30,Wednesday
2025-12-17,nykaa,6908.93,Online Shopping,Debit Card,December,2025,12,17,Wednesday
2025-03-30,apollo hospital,5087.79,Healthcare,Net Banking,March,2025,3,30,Sunday
2025-07-08,yulu bikes,892.77,Transport,Debit Card,July,2025,7,8,Tuesday
2025-01-15,uber,1864.78,Transport,UPI,January,2025,1,15,Wednesday
2025-10-31,nature's basket,3555.52,Grocery,Net Banking,October,2025,10,31,Friday
2025-04-19,nykaa,3187.78,Online Shopping,Debit Card,April,2025,4,19,Saturday
2025-05-15,apple store,58234.78,Electronics,Debit Card,May,2025,5,15,Thursday
2025-09-04,gas agency,5066.02,Bills,Debit Card,September,2025,9,4,Thursday
2025-03-03,makemytrip,9867.95,Travel,UPI,March,2025,3,3,Monday
2025-12-23,amazon,13451.57,Online Shopping,Credit Card,December,2025,12,23,Tuesday
2025-08-19,woodland,3071.0,Clothing,Debit Card,August,2025,8,19,Tuesday
2025-06-06,more supermarket,2396.05,Grocery,UPI,June,2025,6,6,Friday
2025-01-28,nilgiris,3080.4,Grocery,Credit Card,January,2025,1,28,Tuesday
2025-09-23,ola,1997.82,Transport,Credit Card,September,2025,9,23,Tuesday
2025-10-13,cloudnine,12977.61,Healthcare,UPI,October,2025,10,13,Monday
2025-11-10,airasia,3292.84,Travel,Net Banking,November,2025,11,10,Monday
2025-10-09,gas agency,5731.87,Bills,Net Banking,October,2025,10,9,Thursday
2025-09-27,netmeds,17195.06,Healthcare,UPI,September,2025,9,27,Saturday
2025-01-08,saravana bhavan,327.3,Food,Net Banking,January,2025,1,8,Wednesday
2025-06-15,woodland,5389.45,Clothing,Net Banking,June,2025,6,15,Sunday
2025-09-18,youtube premium,389.03,Entertainment,Credit Card,September,2025,9,18,Thursday
2025-01-15,aster,17478.4,Healthcare,Net Banking,January,2025,1,15,Wednesday
2025-08-18,vistara,21276.36,Travel,UPI,August,2025,8,18,Monday
2025-09-12,h&m,2669.76,Clothing,Net Banking,September,2025,9,12,Friday
2025-07-31,air india,6070.58,Travel,UPI,July,2025,7,31,Thursday
2025-09-26,gaana,445.77,Entertainment,UPI,September,2025,9,26,Friday
2025-12-27,dell exclusive,130033.36,Electronics,Net Banking,December,2025,12,27,Saturday
2025-09-28,property tax online,2568.45,Bills,UPI,September,2025,9,28,Sunday
2025-01-19,property tax online,2057.39,Bills,Debit Card,January,2025,1,19,Sunday
2025-10-14,aster,808.63,Healthcare,Debit Card,October,2025,10,14,Tuesday
2025-11-04,yulu bikes,449.03,Transport,Credit Card,November,2025,11,4,Tuesday
2025-02-04,booking.com,26369.8,Travel,UPI,February,2025,2,4,Tuesday
2025-05-17,nilgiris,4801.44,Grocery,Debit Card,May,2025,5,17,Saturday
2025-07-10,jio fiber,718.97,Bills,Debit Card,July,2025,7,10,Thursday
2025-06-20,airtel,5422.72,Bills,Debit Card,June,2025,6,20,Friday
2025-07-12,goibibo,25723.78,Travel,UPI,July,2025,7,12,Saturday
2025-10-12,nike,5365.26,Clothing,Net Banking,October,2025,10,12,Sunday
2025-08-02,gas agency,3518.38,Bills,Credit Card,August,2025,8,2,Saturday
2025-09-22,gaana,535.58,Entertainment,Net Banking,September,2025,9,22,Monday
2025-10-18,bmtc,101.56,Transport,Net Banking,October,2025,10,18,Saturday
2025-10-29,airtel,814.45,Bills,Debit Card,October,2025,10,29,Wednesday
2025-05-17,reliance fresh,1944.6,Grocery,Credit Card,May,2025,5,17,Saturday
2025-09-29,aster,6910.95,Healthcare,Credit Card,September,2025,9,29,Monday
2025-08-10,rapido,254.21,Transport,Net Banking,August,2025,8,10,Sunday
2025-09-19,nature's basket,862.54,Grocery,Net Banking,September,2025,9,19,Friday
2025-12-28,ajio,6704.3,Online Shopping,UPI,December,2025,12,28,Sunday
2025-10-14,spencers,2192.43,Grocery,Net Banking,October,2025,10,14,Tuesday
2025-07-24,star bazaar,4947.12,Grocery,Credit Card,July,2025,7,24,Thursday
2025-02-04,oyo,28139.21,Travel,Credit Card,February,2025,2,4,Tuesday
2025-12-28,jio fiber,3134.8,Bills,Credit Card,December,2025,12,28,Sunday
2025-01-02,vistara,9301.83,Travel,Debit Card,January,2025,1,2,Thursday
2025-04-19,spencers,3582.07,Grocery,Net Banking,April,2025,4,19,Saturday
2025-01-18,medplus,11607.54,Healthcare,UPI,January,2025,1,18,Saturday
2025-11-21,spencers,3902.53,Grocery,Net Banking,November,2025,11,21,Friday
2025-09-18,apollo hospital,6683.48,Healthcare,Credit Card,September,2025,9,18,Thursday
2025-05-15,pharmeasy,14837.1,Healthcare,UPI,May,2025,5,15,Thursday
2025-07-13,goibibo,20714.91,Travel,UPI,July,2025,7,13,Sunday
2025-02-26,nature's basket,4836.91,Grocery,Debit Card,February,2025,2,26,Wednesday
2025-03-09,cream stone,631.19,Food,UPI,March,2025,3,9,Sunday
2025-01-28,oneplus,13142.52,Electronics,UPI,January,2025,1,28,Tuesday
2025-06-30,kauvery,1460.66,Healthcare,Net Banking,June,2025,6,30,Monday
2025-03-25,sony center,40161.96,Electronics,UPI,March,2025,3,25,Tuesday
2025-02-06,samsung store,51097.13,Electronics,Credit Card,February,2025,2,6,Thursday
2025-04-14,tata cliq,8230.63,Online Shopping,UPI,April,2025,4,14,Monday
2025-01-28,kauvery,14054.12,Healthcare,UPI,January,2025,1,28,Tuesday
2025-06-20,makemytrip,29777.45,Travel,UPI,June,2025,6,20,Friday
2025-06-21,pharmeasy,14470.05,Healthcare,UPI,June,2025,6,21,Saturday
2025-07-11,reliance fresh,1009.31,Grocery,Net Banking,July,2025,7,11,Friday
2025-07-09,yatra,28311.65,Travel,Debit Card,July,2025,7,9,Wednesday
2025-12-18,yatra,22569.38,Travel,Credit Card,December,2025,12,18,Thursday
2025-07-06,1mg,16972.04,Healthcare,Net Banking,July,2025,7,6,Sunday
2025-02-04,apollo pharmacy,19302.71,Healthcare,Credit Card,February,2025,2,4,Tuesday
2025-09-11,pepperfry,4407.44,Online Shopping,UPI,September,2025,9,11,Thursday
2025-11-04,aha,908.46,Entertainment,Net Banking,November,2025,11,4,Tuesday
2025-03-29,jiomart,4917.9,Grocery,Debit Card,March,2025,3,29,Saturday
2025-09-14,amazon,14394.1,Online Shopping,Net Banking,September,2025,9,14,Sunday
2025-04-24,hp world,149737.72,Electronics,Debit Card,April,2025,4,24,Thursday
2025-04-13,subway,190.21,Food,Net Banking,April,2025,4,13,Sunday
2025-04-24,kauvery,10903.44,Healthcare,Credit Card,April,2025,4,24,Thursday
2025-01-15,air india,24302.68,Travel,Net Banking,January,2025,1,15,Wednesday
2025-06-13,bigbazaar,2836.19,Grocery,Credit Card,June,2025,6,13,Friday
2025-12-20,hotstar,900.84,Entertainment,Debit Card,December,2025,12,20,Saturday
2025-03-21,1mg,15204.26,Healthcare,Net Banking,March,2025,3,21,Friday
2025-02-05,star bazaar,1285.22,Grocery,Debit Card,February,2025,2,5,Wednesday
2025-07-13,wrogn,974.87,Clothing,Credit Card,July,2025,7,13,Sunday
2025-01-01,samsung store,80349.08,Electronics,Debit Card,January,2025,1,1,Wednesday
2025-06-10,h&m,4317.22,Clothing,Credit Card,June,2025,6,10,Tuesday
2025-08-16,apple music,592.6,Entertainment,UPI,August,2025,8,16,Saturday
2025-06-05,noise,144086.65,Electronics,Debit Card,June,2025,6,5,Thursday
2025-11-24,fortis,13293.8,Healthcare,Debit Card,November,2025,11,24,Monday
2025-01-23,nykaa,3597.61,Online Shopping,Net Banking,January,2025,1,23,Thursday
2025-04-19,property tax online,1087.45,Bills,UPI,April,2025,4,19,Saturday
2025-09-10,biba,5105.39,Clothing,UPI,September,2025,9,10,Wednesday
2025-04-20,gaana,233.56,Entertainment,Net Banking,April,2025,4,20,Sunday
2025-07-02,oyo,23865.42,Travel,UPI,July,2025,7,2,Wednesday
2025-11-23,taco bell,403.3,Food,Credit Card,November,2025,11,23,Sunday
2025-11-23,snapdeal,19042.46,Online Shopping,Credit Card,November,2025,11,23,Sunday
2025-11-04,hp world,59631.5,Electronics,Net Banking,November,2025,11,4,Tuesday
2025-01-25,apollo hospital,11976.63,Healthcare,Net Banking,January,2025,1,25,Saturday
2025-10-22,dominos,1390.94,Food,Debit Card,October,2025,10,22,Wednesday
2025-05-30,indigo,4772.74,Travel,Credit Card,May,2025,5,30,Friday
2025-01-25,bsnl,1481.87,Bills,UPI,January,2025,1,25,Saturday
2025-12-09,kfc,632.24,Food,Debit Card,December,2025,12,9,Tuesday
2025-04-19,uber,1840.26,Transport,UPI,April,2025,4,19,Saturday
2025-12-20,gaana,990.95,Entertainment,Credit Card,December,2025,12,20,Saturday
2025-05-31,croma,42530.06,Electronics,Debit Card,May,2025,5,31,Saturday
2025-01-06,paradise biryani,1472.64,Food,Debit Card,January,2025,1,6,Monday
2025-01-20,irctc,22200.5,Travel,Credit Card,January,2025,1,20,Monday
2025-01-17,reliance digital,109954.77,Electronics,Debit Card,January,2025,1,17,Friday
2025-02-17,starbucks,1115.86,Food,Net Banking,February,2025,2,17,Monday
2025-02-03,goibibo,28511.08,Travel,UPI,February,2025,2,3,Monday
2025-01-09,pantaloons,1930.43,Clothing,Net Banking,January,2025,1,9,Thursday
2025-02-23,h&m,2857.34,Clothing,Debit Card,February,2025,2,23,Sunday
2025-03-09,redbus,1303.8,Transport,UPI,March,2025,3,9,Sunday
2025-11-25,dmart,1012.73,Grocery,Debit Card,November,2025,11,25,Tuesday
2025-11-04,more supermarket,1326.36,Grocery,Credit Card,November,2025,11,4,Tuesday
2025-12-18,fortis,12808.11,Healthcare,Debit Card,December,2025,12,18,Thursday
2025-11-02,nykaa,18245.85,Online Shopping,Debit Card,November,2025,11,2,Sunday
2025-04-16,uber,407.9,Transport,Debit Card,April,2025,4,16,Wednesday
2025-01-20,vodafone idea,3108.8,Bills,Credit Card,January,2025,1,20,Monday
2025-02-14,yulu bikes,1268.17,Transport,Credit Card,February,2025,2,14,Friday
2025-02-04,water board,5300.32,Bills,Credit Card,February,2025,2,4,Tuesday
2025-04-27,jio fiber,2960.55,Bills,Debit Card,April,2025,4,27,Sunday
2025-09-12,mi store,112938.2,Electronics,UPI,September,2025,9,12,Friday
2025-07-05,indigo,15148.78,Travel,UPI,July,2025,7,5,Saturday
2025-10-08,spencers,1631.56,Grocery,Credit Card,October,2025,10,8,Wednesday
2025-04-24,sony center,27941.79,Electronics,Net Banking,April,2025,4,24,Thursday
2025-11-09,yulu bikes,794.88,Transport,Debit Card,November,2025,11,9,Sunday
2025-01-25,biba,7546.51,Clothing,UPI,January,2025,1,25,Saturday
2025-02-01,allen solly,2618.3,Clothing,Debit Card,February,2025,2,1,Saturday
2025-01-22,jio fiber,744.81,Bills,Net Banking,January,2025,1,22,Wednesday
2025-07-21,jio fiber,5435.64,Bills,Debit Card,July,2025,7,21,Monday
2025-05-24,booking.com,12485.16,Travel,Credit Card,May,2025,5,24,Saturday
2025-02-07,metro rail,1683.69,Transport,UPI,February,2025,2,7,Friday
2025-11-20,youtube premium,448.53,Entertainment,UPI,November,2025,11,20,Thursday
2025-05-02,myntra,11515.37,Online Shopping,Debit Card,May,2025,5,2,Friday
2025-04-23,adidas,7725.96,Clothing,Net Banking,April,2025,4,23,Wednesday
2025-03-03,kauvery,2448.71,Healthcare,Debit Card,March,2025,3,3,Monday
2025-11-11,amazon prime,734.31,Entertainment,Net Banking,November,2025,11,11,Tuesday
2025-04-30,aster,13363.26,Healthcare,UPI,April,2025,4,30,Wednesday
2025-01-09,water board,731.57,Bills,Debit Card,January,2025,1,9,Thursday
2025-05-21,netmeds,18056.25,Healthcare,Debit Card,May,2025,5,21,Wednesday
2025-07-25,cloudnine,4892.21,Healthcare,Debit Card,July,2025,7,25,Friday
2025-01-10,more supermarket,2453.33,Grocery,Credit Card,January,2025,1,10,Friday
2025-07-29,reliance digital,89030.59,Electronics,Net Banking,July,2025,7,29,Tuesday
2025-06-01,nature's basket,1505.75,Grocery,Debit Card,June,2025,6,1,Sunday
2025-08-24,tneb,2486.92,Bills,Debit Card,August,2025,8,24,Sunday
2025-09-06,snapdeal,14632.87,Online Shopping,Credit Card,September,2025,9,6,Saturday
2025-10-11,bigbazaar,2948.11,Grocery,Credit Card,October,2025,10,11,Saturday
2025-05-31,pharmeasy,13371.7,Healthcare,Debit Card,May,2025,5,31,Saturday
2025-02-01,levis,7718.82,Clothing,Credit Card,February,2025,2,1,Saturday
2025-07-30,us polo,5929.84,Clothing,UPI,July,2025,7,30,Wednesday
2025-08-23,more supermarket,3923.54,Grocery,Debit Card,August,2025,8,23,Saturday
2025-12-16,jio fiber,2638.17,Bills,Credit Card,December,2025,12,16,Tuesday
2025-02-28,yatra,23894.56,Travel,UPI,February,2025,2,28,Friday
2025-05-23,sonyliv,476.07,Entertainment,UPI,May,2025,5,23,Friday
2025-09-19,reliance fresh,3386.27,Grocery,UPI,September,2025,9,19,Friday
2025-12-26,amazon,13229.24,Online Shopping,Credit Card,December,2025,12,26,Friday
2025-04-02,yatra,11768.24,Travel,Net Banking,April,2025,4,2,Wednesday
2025-03-24,redbus,1436.04,Transport,UPI,March,2025,3,24,Monday
2025-02-18,puma,5820.47,Clothing,Credit Card,February,2025,2,18,Tuesday
2025-08-30,metro rail,746.04,Transport,Net Banking,August,2025,8,30,Saturday
2025-01-12,nilgiris,2467.04,Grocery,Debit Card,January,2025,1,12,Sunday
2025-09-11,woodland,744.37,Clothing,Net Banking,September,2025,9,11,Thursday
2025-03-05,nike,1144.68,Clothing,Debit Card,March,2025,3,5,Wednesday
2025-09-11,chai point,389.56,Food,Debit Card,September,2025,9,11,Thursday
2025-02-15,yulu bikes,1065.93,Transport,UPI,February,2025,2,15,Saturday
2025-08-20,uber,1060.96,Transport,UPI,August,2025,8,20,Wednesday
2025-01-17,airtel,2123.18,Bills,Net Banking,January,2025,1,17,Friday
2025-02-04,adidas,6073.11,Clothing,UPI,February,2025,2,4,Tuesday
2025-03-04,samsung store,15617.34,Electronics,Net Banking,March,2025,3,4,Tuesday
2025-03-24,jio fiber,1548.83,Bills,Net Banking,March,2025,3,24,Monday
2025-07-29,cloudnine,5970.15,Healthcare,Net Banking,July,2025,7,29,Tuesday
2025-01-01,vodafone idea,1315.41,Bills,Debit Card,January,2025,1,1,Wednesday
2025-05-28,dell exclusive,149827.58,Electronics,Net Banking,May,2025,5,28,Wednesday
2025-09-15,air india,4406.02,Travel,Credit Card,September,2025,9,15,Monday
2025-05-29,ola,763.22,Transport,UPI,May,2025,5,29,Thursday
2025-09-25,aster,3986.5,Healthcare,Net Banking,September,2025,9,25,Thursday
2025-12-22,ola,151.23,Transport,Net Banking,December,2025,12,22,Monday
2025-01-31,taco bell,1441.81,Food,Debit Card,January,2025,1,31,Friday
2025-03-17,apollo pharmacy,7335.02,Healthcare,Credit Card,March,2025,3,17,Monday
2025-08-07,sony center,80272.99,Electronics,Credit Card,August,2025,8,7,Thursday
2025-04-21,aster,6652.98,Healthcare,UPI,April,2025,4,21,Monday
2025-03-12,ajio,7513.01,Online Shopping,Credit Card,March,2025,3,12,Wednesday
2025-06-10,tata cliq,4946.21,Online Shopping,Debit Card,June,2025,6,10,Tuesday
2025-03-27,airtel,5449.3,Bills,Credit Card,March,2025,3,27,Thursday
2025-04-09,bigbazaar,4952.7,Grocery,Net Banking,April,2025,4,9,Wednesday
2025-09-11,act fibernet,5762.81,Bills,UPI,September,2025,9,11,Thursday
2025-03-22,a2b,704.17,Food,UPI,March,2025,3,22,Saturday
2025-05-08,myntra,1923.95,Online Shopping,Net Banking,May,2025,5,8,Thursday
2025-08-02,fortis,7427.43,Healthcare,Credit Card,August,2025,8,2,Saturday
2025-09-01,paradise biryani,1044.57,Food,Debit Card,September,2025,9,1,Monday
2025-06-11,yulu bikes,892.48,Transport,Debit Card,June,2025,6,11,Wednesday
2025-01-16,gas agency,460.35,Bills,Credit Card,January,2025,1,16,Thursday
2025-12-20,amazon,9037.37,Online Shopping,Net Banking,December,2025,12,20,Saturday
2025-04-03,pantaloons,1612.19,Clothing,Debit Card,April,2025,4,3,Thursday
2025-01-29,asus store,100269.33,Electronics,UPI,January,2025,1,29,Wednesday
2025-08-08,youtube premium,555.2,Entertainment,Credit Card,August,2025,8,8,Friday
2025-01-15,redbus,946.2,Transport,Debit Card,January,2025,1,15,Wednesday
2025-05-12,dmart,4838.91,Grocery,Net Banking,May,2025,5,12,Monday
2025-12-29,noise,128986.65,Electronics,Debit Card,December,2025,12,29,Monday
2025-11-21,jiomart,3995.22,Grocery,Credit Card,November,2025,11,21,Friday
2025-10-24,a2b,901.05,Food,Net Banking,October,2025,10,24,Friday
2025-05-20,vodafone idea,1097.54,Bills,Credit Card,May,2025,5,20,Tuesday
2025-03-25,dominos,1021.76,Food,Credit Card,March,2025,3,25,Tuesday
2025-03-09,aha,491.77,Entertainment,Debit Card,March,2025,3,9,Sunday
2025-01-20,apple music,731.05,Entertainment,Credit Card,January,2025,1,20,Monday
2025-05-22,fortis,13964.06,Healthcare,UPI,May,2025,5,22,Thursday
2025-06-10,apollo hospital,6206.94,Healthcare,UPI,June,2025,6,10,Tuesday
2025-11-29,pharmeasy,17278.72,Healthcare,UPI,November,2025,11,29,Saturday
2025-05-11,redbus,514.37,Transport,Net Banking,May,2025,5,11,Sunday
2025-11-25,mi store,106950.42,Electronics,Debit Card,November,2025,11,25,Tuesday
2025-08-12,jio fiber,2972.85,Bills,UPI,August,2025,8,12,Tuesday
2025-10-26,dominos,1196.77,Food,Debit Card,October,2025,10,26,Sunday
2025-05-12,levis,2807.18,Clothing,UPI,May,2025,5,12,Monday
2025-12-03,ajio,984.38,Online Shopping,UPI,December,2025,12,3,Wednesday
2025-03-08,yatra,13349.42,Travel,Net Banking,March,2025,3,8,Saturday
2025-04-26,yatra,1268.84,Travel,Debit Card,April,2025,4,26,Saturday
2025-06-27,taco bell,686.29,Food,UPI,June,2025,6,27,Friday
2025-04-19,tsrtc,1643.41,Transport,Debit Card,April,2025,4,19,Saturday
2025-05-24,bsnl,2566.06,Bills,UPI,May,2025,5,24,Saturday
2025-11-22,pantaloons,6753.37,Clothing,Credit Card,November,2025,11,22,Saturday
2025-05-17,gas agency,4575.96,Bills,Debit Card,May,2025,5,17,Saturday
2025-02-10,metro rail,708.24,Transport,Credit Card,February,2025,2,10,Monday
2025-08-30,bmtc,717.24,Transport,UPI,August,2025,8,30,Saturday
2025-09-25,lenskart,2288.3,Online Shopping,Debit Card,September,2025,9,25,Thursday
2025-02-10,meru cabs,1775.92,Transport,Net Banking,February,2025,2,10,Monday
2025-10-23,fortis,3913.41,Healthcare,Debit Card,October,2025,10,23,Thursday
2025-02-15,star bazaar,3719.22,Grocery,Net Banking,February,2025,2,15,Saturday
2025-09-15,nature's basket,4077.1,Grocery,Net Banking,September,2025,9,15,Monday
2025-09-26,meesho,7650.33,Online Shopping,Net Banking,September,2025,9,26,Friday
2025-09-02,croma,33395.76,Electronics,Net Banking,September,2025,9,2,Tuesday
2025-01-04,chai point,1292.15,Food,Debit Card,January,2025,1,4,Saturday
2025-10-09,meru cabs,217.47,Transport,Credit Card,October,2025,10,9,Thursday
2025-10-03,mcdonalds,866.95,Food,Net Banking,October,2025,10,3,Friday
2025-02-07,bmtc,1326.27,Transport,Credit Card,February,2025,2,7,Friday
2025-09-27,spencers,4234.16,Grocery,Credit Card,September,2025,9,27,Saturday
2025-09-09,metro rail,1540.62,Transport,Credit Card,September,2025,9,9,Tuesday
2025-10-10,ajio,8571.36,Online Shopping,Credit Card,October,2025,10,10,Friday
2025-03-01,tata cliq,3449.18,Online Shopping,Net Banking,March,2025,3,1,Saturday
2025-02-13,asus store,121932.04,Electronics,Net Banking,February,2025,2,13,Thursday
2025-06-11,taco bell,854.95,Food,UPI,June,2025,6,11,Wednesday
2025-02-11,reliance fresh,609.77,Grocery,Net Banking,February,2025,2,11,Tuesday
2025-06-26,netflix,334.77,Entertainment,Credit Card,June,2025,6,26,Thursday
2025-03-31,yulu bikes,743.49,Transport,Credit Card,March,2025,3,31,Monday
2025-04-04,amazon,9255.34,Online Shopping,Debit Card,April,2025,4,4,Friday
2025-09-27,tneb,4815.99,Bills,UPI,September,2025,9,27,Saturday
2025-12-22,bmtc,1069.34,Transport,Net Banking,December,2025,12,22,Monday
2025-10-18,max fashion,6022.16,Clothing,Debit Card,October,2025,10,18,Saturday
2025-05-12,netmeds,13424.06,Healthcare,Credit Card,May,2025,5,12,Monday
2025-08-25,1mg,7053.85,Healthcare,Credit Card,August,2025,8,25,Monday
2025-03-09,vodafone idea,1271.83,Bills,Net Banking,March,2025,3,9,Sunday
2025-07-02,puma,3591.8,Clothing,Debit Card,July,2025,7,2,Wednesday
2025-09-12,subway,112.38,Food,Debit Card,September,2025,9,12,Friday
2025-02-01,tneb,3153.35,Bills,Net Banking,February,2025,2,1,Saturday
2025-05-25,wrogn,5714.56,Clothing,UPI,May,2025,5,25,Sunday
2025-10-04,puma,3707.8,Clothing,Net Banking,October,2025,10,4,Saturday
2025-05-20,sony center,133651.65,Electronics,UPI,May,2025,5,20,Tuesday
2025-06-27,snapdeal,9010.39,Online Shopping,Net Banking,June,2025,6,27,Friday
2025-02-26,mi store,79609.54,Electronics,Debit Card,February,2025,2,26,Wednesday
2025-10-08,zee5,472.16,Entertainment,Debit Card,October,2025,10,8,Wednesday
2025-06-12,aha,796.06,Entertainment,Net Banking,June,2025,6,12,Thursday
2025-01-31,tata cliq,2285.42,Online Shopping,Debit Card,January,2025,1,31,Friday
2025-07-02,chai point,709.31,Food,Credit Card,July,2025,7,2,Wednesday
2025-02-14,asus store,4384.42,Electronics,Debit Card,February,2025,2,14,Friday
2025-11-12,netmeds,3336.29,Healthcare,Credit Card,November,2025,11,12,Wednesday
2025-04-11,vodafone idea,2277.77,Bills,Debit Card,April,2025,4,11,Friday
2025-05-18,pizza hut,848.22,Food,UPI,May,2025,5,18,Sunday
2025-09-11,h&m,1058.36,Clothing,Debit Card,September,2025,9,11,Thursday
2025-02-26,gaana,312.8,Entertainment,Net Banking,February,2025,2,26,Wednesday
2025-09-04,star bazaar,1518.47,Grocery,UPI,September,2025,9,4,Thursday
2025-07-11,metro rail,768.79,Transport,Debit Card,July,2025,7,11,Friday
2025-05-24,tsrtc,682.38,Transport,Credit Card,May,2025,5,24,Saturday
2025-09-28,rapido,631.03,Transport,Net Banking,September,2025,9,28,Sunday
2025-12-30,nature's basket,4822.0,Grocery,UPI,December,2025,12,30,Tuesday
2025-10-30,kauvery,10823.94,Healthcare,UPI,October,2025,10,30,Thursday
2025-05-02,air india,7302.97,Travel,Debit Card,May,2025,5,2,Friday
2025-08-07,max fashion,7332.71,Clothing,UPI,August,2025,8,7,Thursday
2025-05-04,croma,9276.48,Electronics,Debit Card,May,2025,5,4,Sunday
2025-05-05,spencers,3718.52,Grocery,Net Banking,May,2025,5,5,Monday
2025-04-16,subway,1429.62,Food,UPI,April,2025,4,16,Wednesday
2025-04-05,puma,2300.14,Clothing,Net Banking,April,2025,4,5,Saturday
2025-02-18,boat lifestyle,21654.08,Electronics,Debit Card,February,2025,2,18,Tuesday
2025-05-19,water board,5542.92,Bills,Net Banking,May,2025,5,19,Monday
2025-03-22,yulu bikes,381.22,Transport,UPI,March,2025,3,22,Saturday
2025-01-31,goibibo,11301.57,Travel,Credit Card,January,2025,1,31,Friday
2025-02-22,ccd,1463.42,Food,Net Banking,February,2025,2,22,Saturday
2025-07-11,snapdeal,12752.76,Online Shopping,Credit Card,July,2025,7,11,Friday
2025-08-07,ajio,11678.53,Online Shopping,UPI,August,2025,8,7,Thursday
2025-07-13,aster,6219.35,Healthcare,UPI,July,2025,7,13,Sunday
2025-09-13,flipkart,3482.55,Online Shopping,Credit Card,September,2025,9,13,Saturday
2025-06-10,aha,985.58,Entertainment,Credit Card,June,2025,6,10,Tuesday
2025-09-16,dmart,3347.57,Grocery,Credit Card,September,2025,9,16,Tuesday
2025-12-28,vistara,4848.69,Travel,Net Banking,December,2025,12,28,Sunday
2025-02-28,allen solly,3820.0,Clothing,Debit Card,February,2025,2,28,Friday
2025-07-25,burger king,1294.08,Food,Net Banking,July,2025,7,25,Friday
2025-06-13,makemytrip,2098.0,Travel,Net Banking,June,2025,6,13,Friday
2025-07-31,flipkart,7043.25,Online Shopping,Credit Card,July,2025,7,31,Thursday
2025-09-05,taco bell,1025.1,Food,UPI,September,2025,9,5,Friday
2025-05-28,spencers,2859.32,Grocery,Debit Card,May,2025,5,28,Wednesday
2025-01-23,apple store,95277.88,Electronics,UPI,January,2025,1,23,Thursday
2025-03-23,rapido,1201.88,Transport,Debit Card,March,2025,3,23,Sunday
2025-11-01,jio fiber,3635.3,Bills,Credit Card,November,2025,11,1,Saturday
2025-01-26,apple music,769.82,Entertainment,Debit Card,January,2025,1,26,Sunday
2025-07-19,hotstar,434.12,Entertainment,UPI,July,2025,7,19,Saturday
2025-12-13,snapdeal,11038.23,Online Shopping,Net Banking,December,2025,12,13,Saturday
2025-09-06,saravana bhavan,156.61,Food,UPI,September,2025,9,6,Saturday
2025-02-16,makemytrip,1443.82,Travel,UPI,February,2025,2,16,Sunday
2025-04-05,airtel,984.73,Bills,Net Banking,April,2025,4,5,Saturday
2025-02-23,gas agency,560.67,Bills,Debit Card,February,2025,2,23,Sunday
2025-06-22,air india,21037.92,Travel,Net Banking,June,2025,6,22,Sunday
2025-12-17,airasia,12100.86,Travel,Debit Card,December,2025,12,17,Wednesday
2025-07-17,uber,475.67,Transport,UPI,July,2025,7,17,Thursday
2025-04-03,snapdeal,15996.31,Online Shopping,Debit Card,April,2025,4,3,Thursday
2025-04-13,jio fiber,5160.12,Bills,Credit Card,April,2025,4,13,Sunday
2025-05-14,amazon,2699.64,Online Shopping,Credit Card,May,2025,5,14,Wednesday
2025-10-19,nilgiris,3228.48,Grocery,UPI,October,2025,10,19,Sunday
2025-01-29,nykaa,3568.12,Online Shopping,Debit Card,January,2025,1,29,Wednesday
2025-04-17,yatra,6762.3,Travel,Net Banking,April,2025,4,17,Thursday
2025-06-24,dmart,544.78,Grocery,Net Banking,June,2025,6,24,Tuesday
2025-04-15,taco bell,1101.8,Food,UPI,April,2025,4,15,Tuesday
2025-02-13,taco bell,1128.29,Food,UPI,February,2025,2,13,Thursday
2025-04-06,makemytrip,19134.58,Travel,Credit Card,April,2025,4,6,Sunday
2025-03-18,ola,1018.39,Transport,Net Banking,March,2025,3,18,Tuesday
2025-10-26,makemytrip,19742.44,Travel,UPI,October,2025,10,26,Sunday
2025-10-04,youtube premium,187.03,Entertainment,UPI,October,2025,10,4,Saturday
2025-04-28,kfc,127.36,Food,UPI,April,2025,4,28,Monday
2025-11-23,nike,1858.95,Clothing,Credit Card,November,2025,11,23,Sunday
2025-12-20,ola,250.63,Transport,Debit Card,December,2025,12,20,Saturday
2025-02-08,flipkart,10418.07,Online Shopping,UPI,February,2025,2,8,Saturday
2025-09-05,aha,985.74,Entertainment,Credit Card,September,2025,9,5,Friday
2025-04-11,bsnl,4636.66,Bills,Net Banking,April,2025,4,11,Friday
2025-03-20,metro rail,951.47,Transport,Debit Card,March,2025,3,20,Thursday
2025-11-19,taco bell,666.0,Food,Credit Card,November,2025,11,19,Wednesday
2025-02-22,apollo pharmacy,11745.45,Healthcare,Debit Card,February,2025,2,22,Saturday
2025-04-13,medplus,858.86,Healthcare,Debit Card,April,2025,4,13,Sunday
2025-08-31,tata cliq,11207.32,Online Shopping,Net Banking,August,2025,8,31,Sunday
2025-09-26,dmart,1184.05,Grocery,UPI,September,2025,9,26,Friday
2025-04-10,allen solly,4320.01,Clothing,UPI,April,2025,4,10,Thursday
2025-04-28,hp world,22432.73,Electronics,Debit Card,April,2025,4,28,Monday
2025-08-04,wrogn,4555.97,Clothing,Credit Card,August,2025,8,4,Monday
2025-02-06,pantaloons,1907.9,Clothing,Credit Card,February,2025,2,6,Thursday
2025-03-02,biba,7375.27,Clothing,Credit Card,March,2025,3,2,Sunday
2025-03-30,meesho,669.53,Online Shopping,UPI,March,2025,3,30,Sunday
2025-05-08,ola,1492.62,Transport,Net Banking,May,2025,5,8,Thursday
2025-04-11,noise,148868.42,Electronics,Credit Card,April,2025,4,11,Friday
2025-09-18,flipkart,11522.58,Online Shopping,UPI,September,2025,9,18,Thursday
2025-12-21,zee5,213.02,Entertainment,UPI,December,2025,12,21,Sunday
2025-06-08,spotify,187.67,Entertainment,Debit Card,June,2025,6,8,Sunday
2025-01-23,croma,126129.14,Electronics,UPI,January,2025,1,23,Thursday
2025-04-30,asus store,121321.31,Electronics,Debit Card,April,2025,4,30,Wednesday
2025-04-28,us polo,2102.39,Clothing,UPI,April,2025,4,28,Monday
2025-08-20,noise,144680.84,Electronics,UPI,August,2025,8,20,Wednesday
2025-09-22,oyo,19247.19,Travel,UPI,September,2025,9,22,Monday
2025-07-20,metro rail,979.18,Transport,Debit Card,July,2025,7,20,Sunday
2025-03-25,taco bell,156.73,Food,Net Banking,March,2025,3,25,Tuesday
2025-02-18,us polo,1931.64,Clothing,Debit Card,February,2025,2,18,Tuesday
2025-04-08,airtel,5832.54,Bills,Net Banking,April,2025,4,8,Tuesday
2025-08-28,bmtc,1315.55,Transport,Credit Card,August,2025,8,28,Thursday
2025-02-09,nature's basket,797.81,Grocery,Debit Card,February,2025,2,9,Sunday
2025-11-10,burger king,406.97,Food,Net Banking,November,2025,11,10,Monday
2025-11-09,gas agency,2512.27,Bills,UPI,November,2025,11,9,Sunday
2025-06-25,saravana bhavan,717.19,Food,Debit Card,June,2025,6,25,Wednesday
2025-10-07,redbus,1214.72,Transport,Debit Card,October,2025,10,7,Tuesday
2025-08-07,apple store,83700.47,Electronics,Credit Card,August,2025,8,7,Thursday
2025-04-16,tata cliq,5446.09,Online Shopping,UPI,April,2025,4,16,Wednesday
2025-10-01,subway,786.96,Food,UPI,October,2025,10,1,Wednesday
2025-05-10,gas agency,406.24,Bills,UPI,May,2025,5,10,Saturday
2025-12-20,dell exclusive,26880.08,Electronics,Credit Card,December,2025,12,20,Saturday
2025-12-26,tsrtc,1965.21,Transport,Debit Card,December,2025,12,26,Friday
2025-06-23,fortis,2743.05,Healthcare,Debit Card,June,2025,6,23,Monday
2025-04-04,air india,26089.3,Travel,Net Banking,April,2025,4,4,Friday
2025-03-30,burger king,480.62,Food,Debit Card,March,2025,3,30,Sunday
2025-08-23,1mg,11963.5,Healthcare,Credit Card,August,2025,8,23,Saturday
2025-03-06,bigbazaar,4701.17,Grocery,Net Banking,March,2025,3,6,Thursday
2025-02-14,fortis,12457.2,Healthcare,UPI,February,2025,2,14,Friday
2025-12-02,youtube premium,151.27,Entertainment,Net Banking,December,2025,12,2,Tuesday
2025-09-25,zee5,382.06,Entertainment,UPI,September,2025,9,25,Thursday
2025-03-21,apple store,31672.53,Electronics,Debit Card,March,2025,3,21,Friday
2025-08-18,gas agency,5258.43,Bills,Credit Card,August,2025,8,18,Monday
2025-06-06,meru cabs,515.45,Transport,UPI,June,2025,6,6,Friday
2025-02-05,meesho,13971.68,Online Shopping,UPI,February,2025,2,5,Wednesday
2025-03-16,uber,758.94,Transport,Net Banking,March,2025,3,16,Sunday
2025-07-18,indigo,22948.03,Travel,Debit Card,July,2025,7,18,Friday
2025-04-03,oneplus,58886.94,Electronics,UPI,April,2025,4,3,Thursday
2025-03-06,gas agency,4427.04,Bills,Credit Card,March,2025,3,6,Thursday
2025-09-08,kauvery,2023.07,Healthcare,Credit Card,September,2025,9,8,Monday
2025-10-18,apollo pharmacy,12768.23,Healthcare,Credit Card,October,2025,10,18,Saturday
2025-03-01,tneb,1569.14,Bills,Debit Card,March,2025,3,1,Saturday
2025-03-18,jio fiber,2957.84,Bills,Credit Card,March,2025,3,18,Tuesday
2025-12-10,redbus,1883.94,Transport,Debit Card,December,2025,12,10,Wednesday
2025-01-20,bigbazaar,3055.25,Grocery,Net Banking,January,2025,1,20,Monday
2025-08-10,dmart,4970.88,Grocery,Credit Card,August,2025,8,10,Sunday
2025-11-15,levis,2678.87,Clothing,Credit Card,November,2025,11,15,Saturday
2025-10-22,property tax online,2159.24,Bills,Net Banking,October,2025,10,22,Wednesday
2025-11-28,lenskart,1610.55,Online Shopping,UPI,November,2025,11,28,Friday
2025-11-20,lenskart,6367.17,Online Shopping,UPI,November,2025,11,20,Thursday
2025-07-10,apple store,45072.31,Electronics,Debit Card,July,2025,7,10,Thursday
2025-12-10,saravana bhavan,262.16,Food,Net Banking,December,2025,12,10,Wednesday
2025-06-15,spotify,457.0,Entertainment,Debit Card,June,2025,6,15,Sunday
2025-05-18,airasia,23295.11,Travel,Debit Card,May,2025,5,18,Sunday
2025-08-17,pharmeasy,16371.8,Healthcare,Debit Card,August,2025,8,17,Sunday
2025-06-23,airasia,8726.51,Travel,Credit Card,June,2025,6,23,Monday
2025-08-28,pantaloons,1107.1,Clothing,Net Banking,August,2025,8,28,Thursday
2025-03-31,meru cabs,469.3,Transport,UPI,March,2025,3,31,Monday
2025-07-21,medplus,16339.95,Healthcare,Debit Card,July,2025,7,21,Monday
2025-10-17,tneb,3073.97,Bills,Debit Card,October,2025,10,17,Friday
2025-03-29,aha,895.9,Entertainment,UPI,March,2025,3,29,Saturday
2025-03-15,samsung store,55623.48,Electronics,Debit Card,March,2025,3,15,Saturday
2025-08-12,snapdeal,8853.21,Online Shopping,Net Banking,August,2025,8,12,Tuesday
2025-07-16,apple store,77660.99,Electronics,Net Banking,July,2025,7,16,Wednesday
2025-07-02,pepperfry,16910.2,Online Shopping,UPI,July,2025,7,2,Wednesday
2025-04-12,allen solly,3472.43,Clothing,Net Banking,April,2025,4,12,Saturday
2025-10-06,nature's basket,1267.28,Grocery,UPI,October,2025,10,6,Monday
2025-06-23,ola,1504.8,Transport,Debit Card,June,2025,6,23,Monday
2025-03-13,woodland,6784.91,Clothing,Credit Card,March,2025,3,13,Thursday
2025-05-26,airasia,17359.09,Travel,Net Banking,May,2025,5,26,Monday
2025-08-10,allen solly,2073.43,Clothing,Credit Card,August,2025,8,10,Sunday
2025-09-07,vistara,21249.98,Travel,Debit Card,September,2025,9,7,Sunday
2025-10-14,goibibo,637.01,Travel,Net Banking,October,2025,10,14,Tuesday
2025-03-16,meesho,13379.74,Online Shopping,Debit Card,March,2025,3,16,Sunday
2025-07-08,indigo,645.72,Travel,Credit Card,July,2025,7,8,Tuesday
2025-09-02,samsung store,131791.02,Electronics,UPI,September,2025,9,2,Tuesday
2025-02-08,air india,17890.12,Travel,Net Banking,February,2025,2,8,Saturday
2025-05-25,property tax online,904.58,Bills,Debit Card,May,2025,5,25,Sunday
2025-06-17,redbus,1838.98,Transport,Net Banking,June,2025,6,17,Tuesday
2025-08-25,pharmeasy,12568.29,Healthcare,Net Banking,August,2025,8,25,Monday
2025-09-18,burger king,862.68,Food,UPI,September,2025,9,18,Thursday
2025-03-04,biba,703.04,Clothing,UPI,March,2025,3,4,Tuesday
2025-08-18,airasia,5058.31,Travel,Net Banking,August,2025,8,18,Monday
2025-06-23,tata cliq,14791.89,Online Shopping,Debit Card,June,2025,6,23,Monday
2025-12-21,starbucks,315.03,Food,Net Banking,December,2025,12,21,Sunday
2025-01-09,puma,5912.64,Clothing,Debit Card,January,2025,1,9,Thursday
2025-02-18,reliance digital,19881.19,Electronics,Credit Card,February,2025,2,18,Tuesday
2025-04-19,fortis,17319.26,Healthcare,Credit Card,April,2025,4,19,Saturday
2025-04-23,irctc,14184.12,Travel,Debit Card,April,2025,4,23,Wednesday
2025-09-06,goibibo,17686.79,Travel,Net Banking,September,2025,9,6,Saturday
2025-04-23,dmart,2993.96,Grocery,Net Banking,April,2025,4,23,Wednesday
2025-05-20,kauvery,12846.82,Healthcare,Credit Card,May,2025,5,20,Tuesday
2025-03-14,biba,6330.6,Clothing,Debit Card,March,2025,3,14,Friday
2025-04-07,pharmeasy,17378.93,Healthcare,Net Banking,April,2025,4,7,Monday
2025-08-14,allen solly,3444.23,Clothing,UPI,August,2025,8,14,Thursday
2025-08-27,us polo,1911.73,Clothing,Debit Card,August,2025,8,27,Wednesday
2025-01-19,zee5,364.94,Entertainment,Credit Card,January,2025,1,19,Sunday
2025-05-10,tata cliq,8315.83,Online Shopping,Net Banking,May,2025,5,10,Saturday
2025-05-25,airtel,2374.79,Bills,Net Banking,May,2025,5,25,Sunday
2025-04-05,nike,6706.76,Clothing,Credit Card,April,2025,4,5,Saturday
2025-09-22,more supermarket,4944.64,Grocery,Credit Card,September,2025,9,22,Monday
2025-08-17,kfc,356.24,Food,Net Banking,August,2025,8,17,Sunday
2025-01-24,tneb,570.26,Bills,UPI,January,2025,1,24,Friday
2025-08-28,ajio,4660.59,Online Shopping,Debit Card,August,2025,8,28,Thursday
2025-01-12,chai point,362.03,Food,Credit Card,January,2025,1,12,Sunday
2025-07-12,yulu bikes,1258.32,Transport,Debit Card,July,2025,7,12,Saturday
2025-12-27,irctc,9349.01,Travel,Net Banking,December,2025,12,27,Saturday
2025-04-14,h&m,4321.91,Clothing,Debit Card,April,2025,4,14,Monday
2025-02-24,ajio,5767.52,Online Shopping,Net Banking,February,2025,2,24,Monday
2025-08-05,more supermarket,1707.0,Grocery,Debit Card,August,2025,8,5,Tuesday
2025-09-08,irctc,25260.5,Travel,Credit Card,September,2025,9,8,Monday
2025-01-30,bsnl,5054.85,Bills,Debit Card,January,2025,1,30,Thursday
2025-11-26,croma,13015.63,Electronics,Credit Card,November,2025,11,26,Wednesday
2025-02-24,hotstar,738.66,Entertainment,Net Banking,February,2025,2,24,Monday
2025-08-15,vistara,9939.41,Travel,Credit Card,August,2025,8,15,Friday
2025-04-20,uber,1095.32,Transport,Debit Card,April,2025,4,20,Sunday
2025-01-24,mi store,79557.35,Electronics,Net Banking,January,2025,1,24,Friday
2025-06-28,sonyliv,877.0,Entertainment,UPI,June,2025,6,28,Saturday
2025-04-11,airasia,7733.8,Travel,Credit Card,April,2025,4,11,Friday
2025-08-30,boat lifestyle,14131.39,Electronics,UPI,August,2025,8,30,Saturday
2025-07-19,starbucks,651.01,Food,Debit Card,July,2025,7,19,Saturday
2025-09-20,sonyliv,447.98,Entertainment,Net Banking,September,2025,9,20,Saturday
2025-03-10,tneb,2869.21,Bills,Net Banking,March,2025,3,10,Monday
2025-12-20,us polo,7351.62,Clothing,Debit Card,December,2025,12,20,Saturday
2025-01-18,goibibo,18781.06,Travel,Debit Card,January,2025,1,18,Saturday
2025-03-18,barbeque nation,1079.56,Food,Net Banking,March,2025,3,18,Tuesday
2025-06-10,a2b,994.3,Food,Credit Card,June,2025,6,10,Tuesday
2025-06-01,lenskart,19174.23,Online Shopping,Debit Card,June,2025,6,1,Sunday
2025-08-11,bsnl,1052.35,Bills,Debit Card,August,2025,8,11,Monday
2025-04-08,snapdeal,15641.11,Online Shopping,Net Banking,April,2025,4,8,Tuesday
2025-01-25,jio fiber,2232.88,Bills,UPI,January,2025,1,25,Saturday
2025-02-13,noise,146242.21,Electronics,Debit Card,February,2025,2,13,Thursday
2025-11-12,indigo,17614.68,Travel,UPI,November,2025,11,12,Wednesday
2025-05-07,zara,6593.23,Clothing,UPI,May,2025,5,7,Wednesday
2025-06-19,nature's basket,4591.08,Grocery,Credit Card,June,2025,6,19,Thursday
2025-07-20,bigbazaar,4652.42,Grocery,Credit Card,July,2025,7,20,Sunday
2025-07-07,subway,207.38,Food,Net Banking,July,2025,7,7,Monday
2025-12-06,uber,277.66,Transport,Credit Card,December,2025,12,6,Saturday
2025-10-17,star bazaar,1226.08,Grocery,UPI,October,2025,10,17,Friday
2025-06-21,yulu bikes,1859.92,Transport,UPI,June,2025,6,21,Saturday
2025-03-09,reliance digital,59539.88,Electronics,Net Banking,March,2025,3,9,Sunday
2025-09-22,cream stone,385.89,Food,Debit Card,September,2025,9,22,Monday
2025-09-03,yatra,24862.99,Travel,Net Banking,September,2025,9,3,Wednesday
2025-03-26,apple store,4672.95,Electronics,Debit Card,March,2025,3,26,Wednesday
2025-08-15,flipkart,8857.51,Online Shopping,UPI,August,2025,8,15,Friday
2025-11-07,levis,5773.41,Clothing,Debit Card,November,2025,11,7,Friday
2025-01-20,amazon prime,345.99,Entertainment,Net Banking,January,2025,1,20,Monday
2025-06-14,a2b,235.68,Food,Credit Card,June,2025,6,14,Saturday
2025-03-10,gaana,745.12,Entertainment,Net Banking,March,2025,3,10,Monday
2025-06-07,zee5,835.25,Entertainment,Net Banking,June,2025,6,7,Saturday
2025-05-18,ola,1815.79,Transport,Debit Card,May,2025,5,18,Sunday
2025-04-15,aster,9395.38,Healthcare,Net Banking,April,2025,4,15,Tuesday
2025-05-12,air india,20586.06,Travel,Debit Card,May,2025,5,12,Monday
2025-12-10,pepperfry,10360.62,Online Shopping,UPI,December,2025,12,10,Wednesday
2025-06-05,airasia,24792.07,Travel,Net Banking,June,2025,6,5,Thursday
2025-04-21,nature's basket,3824.03,Grocery,Debit Card,April,2025,4,21,Monday
2025-06-01,spencers,3509.88,Grocery,Debit Card,June,2025,6,1,Sunday
2025-06-22,indigo,27326.08,Travel,UPI,June,2025,6,22,Sunday
2025-01-17,wrogn,6973.86,Clothing,Credit Card,January,2025,1,17,Friday
2025-04-20,apple store,94947.9,Electronics,Credit Card,April,2025,4,20,Sunday
2025-08-18,redbus,776.13,Transport,Credit Card,August,2025,8,18,Monday
2025-04-17,max fashion,2863.36,Clothing,Credit Card,April,2025,4,17,Thursday
2025-09-10,myntra,10413.28,Online Shopping,Debit Card,September,2025,9,10,Wednesday
2025-07-17,oyo,2967.06,Travel,Credit Card,July,2025,7,17,Thursday
2025-04-20,ola,920.01,Transport,UPI,April,2025,4,20,Sunday
2025-12-11,airasia,24876.32,Travel,Net Banking,December,2025,12,11,Thursday
2025-06-14,vodafone idea,5276.3,Bills,UPI,June,2025,6,14,Saturday
2025-04-20,chai point,146.59,Food,Net Banking,April,2025,4,20,Sunday
2025-03-22,act fibernet,3449.75,Bills,UPI,March,2025,3,22,Saturday
2025-08-20,mi store,61262.59,Electronics,Credit Card,August,2025,8,20,Wednesday
2025-11-03,apollo pharmacy,19959.97,Healthcare,Credit Card,November,2025,11,3,Monday
2025-04-29,mcdonalds,1191.74,Food,UPI,April,2025,4,29,Tuesday
2025-11-19,aha,530.69,Entertainment,Credit Card,November,2025,11,19,Wednesday
2025-06-21,woodland,2503.3,Clothing,UPI,June,2025,6,21,Saturday
2025-09-15,barbeque nation,1161.55,Food,Credit Card,September,2025,9,15,Monday
2025-05-12,apple music,212.79,Entertainment,UPI,May,2025,5,12,Monday
2025-05-11,medplus,16518.09,Healthcare,Debit Card,May,2025,5,11,Sunday
2025-02-05,nature's basket,1105.22,Grocery,Debit Card,February,2025,2,5,Wednesday
2025-04-13,metro rail,497.67,Transport,Credit Card,April,2025,4,13,Sunday
2025-01-25,goibibo,28534.39,Travel,UPI,January,2025,1,25,Saturday
2025-05-18,netmeds,17752.72,Healthcare,Debit Card,May,2025,5,18,Sunday
2025-04-13,oyo,11901.64,Travel,UPI,April,2025,4,13,Sunday
2025-11-29,puma,3538.15,Clothing,Debit Card,November,2025,11,29,Saturday
2025-08-04,amazon prime,801.64,Entertainment,Debit Card,August,2025,8,4,Monday
2025-06-29,burger king,674.68,Food,Net Banking,June,2025,6,29,Sunday
2025-12-31,star bazaar,1222.79,Grocery,Net Banking,December,2025,12,31,Wednesday
2025-06-07,netflix,744.82,Entertainment,Debit Card,June,2025,6,7,Saturday
2025-05-23,youtube premium,152.7,Entertainment,Debit Card,May,2025,5,23,Friday
2025-10-24,croma,7645.24,Electronics,Credit Card,October,2025,10,24,Friday
2025-08-20,paradise biryani,1206.33,Food,Net Banking,August,2025,8,20,Wednesday
2025-08-12,spotify,521.01,Entertainment,Credit Card,August,2025,8,12,Tuesday
2025-04-15,lenskart,4339.9,Online Shopping,Debit Card,April,2025,4,15,Tuesday
2025-12-19,samsung store,85147.97,Electronics,Credit Card,December,2025,12,19,Friday
2025-12-21,tata cliq,19129.99,Online Shopping,Debit Card,December,2025,12,21,Sunday
2025-01-04,airtel,708.03,Bills,Debit Card,January,2025,1,4,Saturday
2025-06-09,water board,1846.73,Bills,Credit Card,June,2025,6,9,Monday
2025-09-06,nike,2003.49,Clothing,Net Banking,September,2025,9,6,Saturday
2025-09-14,indigo,10977.16,Travel,Debit Card,September,2025,9,14,Sunday
2025-09-16,airasia,5006.35,Travel,Debit Card,September,2025,9,16,Tuesday
2025-11-30,property tax online,4281.98,Bills,Net Banking,November,2025,11,30,Sunday
2025-07-15,nilgiris,3147.08,Grocery,Debit Card,July,2025,7,15,Tuesday
2025-10-13,zee5,210.54,Entertainment,Debit Card,October,2025,10,13,Monday
2025-04-26,oneplus,109124.13,Electronics,Credit Card,April,2025,4,26,Saturday
2025-10-26,airasia,8681.09,Travel,Net Banking,October,2025,10,26,Sunday
2025-01-14,apple music,133.0,Entertainment,UPI,January,2025,1,14,Tuesday
2025-11-01,sonyliv,279.45,Entertainment,Net Banking,November,2025,11,1,Saturday
2025-10-11,spotify,316.46,Entertainment,UPI,October,2025,10,11,Saturday
2025-03-05,cloudnine,9430.09,Healthcare,Debit Card,March,2025,3,5,Wednesday
2025-05-03,jio fiber,5264.96,Bills,Net Banking,May,2025,5,3,Saturday
2025-04-30,vivo store,25307.36,Electronics,Debit Card,April,2025,4,30,Wednesday
2025-05-04,property tax online,3894.78,Bills,Debit Card,May,2025,5,4,Sunday
2025-08-12,spencers,1099.24,Grocery,Net Banking,August,2025,8,12,Tuesday
2025-05-19,tsrtc,504.93,Transport,Net Banking,May,2025,5,19,Monday
2025-09-18,zee5,800.61,Entertainment,Credit Card,September,2025,9,18,Thursday
2025-12-05,cloudnine,10377.31,Healthcare,Debit Card,December,2025,12,5,Friday
2025-10-09,puma,5481.39,Clothing,Credit Card,October,2025,10,9,Thursday
2025-04-06,oneplus,101717.97,Electronics,UPI,April,2025,4,6,Sunday
2025-04-02,jio fiber,463.68,Bills,Credit Card,April,2025,4,2,Wednesday
2025-02-06,tneb,2588.63,Bills,UPI,February,2025,2,6,Thursday
2025-12-10,hp world,100023.31,Electronics,Net Banking,December,2025,12,10,Wednesday
2025-09-18,cloudnine,4551.49,Healthcare,Credit Card,September,2025,9,18,Thursday
2025-08-21,booking.com,15255.35,Travel,UPI,August,2025,8,21,Thursday
2025-11-21,mi store,53497.25,Electronics,Credit Card,November,2025,11,21,Friday
2025-08-03,levis,4003.98,Clothing,Debit Card,August,2025,8,3,Sunday
2025-06-10,burger king,402.31,Food,UPI,June,2025,6,10,Tuesday
2025-09-07,meru cabs,1178.49,Transport,Debit Card,September,2025,9,7,Sunday
2025-03-21,property tax online,2686.5,Bills,Net Banking,March,2025,3,21,Friday
2025-11-14,reliance digital,71195.72,Electronics,Credit Card,November,2025,11,14,Friday
2025-02-10,meesho,2899.28,Online Shopping,Credit Card,February,2025,2,10,Monday
2025-12-16,ola,1868.42,Transport,UPI,December,2025,12,16,Tuesday
2025-08-08,boat lifestyle,106877.23,Electronics,Net Banking,August,2025,8,8,Friday
2025-01-01,jiomart,4198.03,Grocery,Credit Card,January,2025,1,1,Wednesday
2025-05-16,gaana,661.85,Entertainment,Net Banking,May,2025,5,16,Friday
2025-07-04,meru cabs,1603.79,Transport,Net Banking,July,2025,7,4,Friday
2025-01-18,dell exclusive,39239.39,Electronics,Net Banking,January,2025,1,18,Saturday
2025-06-16,ola,1425.93,Transport,Net Banking,June,2025,6,16,Monday
2025-01-01,bmtc,863.68,Transport,UPI,January,2025,1,1,Wednesday
2025-02-08,woodland,1934.4,Clothing,Credit Card,February,2025,2,8,Saturday
2025-11-07,nykaa,13298.55,Online Shopping,Credit Card,November,2025,11,7,Friday
2025-05-25,croma,41636.74,Electronics,Net Banking,May,2025,5,25,Sunday
2025-02-10,snapdeal,5128.82,Online Shopping,Net Banking,February,2025,2,10,Monday
2025-10-02,h&m,533.58,Clothing,Net Banking,October,2025,10,2,Thursday
2025-05-18,meru cabs,677.19,Transport,UPI,May,2025,5,18,Sunday
2025-10-19,barbeque nation,986.27,Food,Credit Card,October,2025,10,19,Sunday
2025-06-15,sonyliv,579.93,Entertainment,Net Banking,June,2025,6,15,Sunday
2025-04-06,max fashion,4405.96,Clothing,Net Banking,April,2025,4,6,Sunday
2025-03-24,levis,4233.95,Clothing,Net Banking,March,2025,3,24,Monday
2025-03-19,apollo pharmacy,3794.16,Healthcare,UPI,March,2025,3,19,Wednesday
2025-03-27,cream stone,585.17,Food,Net Banking,March,2025,3,27,Thursday
2025-11-24,starbucks,624.66,Food,UPI,November,2025,11,24,Monday
2025-12-27,vistara,14448.81,Travel,UPI,December,2025,12,27,Saturday
2025-11-01,samsung store,75811.51,Electronics,Debit Card,November,2025,11,1,Saturday
2025-09-25,apple store,60321.93,Electronics,Credit Card,September,2025,9,25,Thursday
2025-12-12,fortis,5244.13,Healthcare,Debit Card,December,2025,12,12,Friday
2025-11-06,booking.com,23541.71,Travel,UPI,November,2025,11,6,Thursday
2025-03-15,ajio,7219.14,Online Shopping,Debit Card,March,2025,3,15,Saturday
2025-07-02,gas agency,2143.18,Bills,Net Banking,July,2025,7,2,Wednesday
2025-05-19,mcdonalds,1357.82,Food,UPI,May,2025,5,19,Monday
2025-06-18,reliance fresh,631.66,Grocery,Credit Card,June,2025,6,18,Wednesday
2025-08-18,nilgiris,3747.49,Grocery,Debit Card,August,2025,8,18,Monday
2025-10-19,ajio,7304.85,Online Shopping,Debit Card,October,2025,10,19,Sunday
2025-05-01,ola,1301.46,Transport,UPI,May,2025,5,1,Thursday
2025-12-17,h&m,6003.79,Clothing,Debit Card,December,2025,12,17,Wednesday
2025-10-30,aster,6794.18,Healthcare,Net Banking,October,2025,10,30,Thursday
2025-08-04,pharmeasy,9959.83,Healthcare,UPI,August,2025,8,4,Monday
2025-08-21,dmart,743.28,Grocery,Net Banking,August,2025,8,21,Thursday
2025-08-01,act fibernet,5473.5,Bills,Credit Card,August,2025,8,1,Friday
2025-07-07,lenskart,17938.78,Online Shopping,Net Banking,July,2025,7,7,Monday
2025-08-02,vivo store,5518.31,Electronics,UPI,August,2025,8,2,Saturday
2025-03-28,airtel,4150.14,Bills,Debit Card,March,2025,3,28,Friday
2025-09-10,hp world,70563.64,Electronics,Credit Card,September,2025,9,10,Wednesday
2025-07-17,allen solly,5934.38,Clothing,UPI,July,2025,7,17,Thursday
2025-11-17,puma,2905.34,Clothing,Credit Card,November,2025,11,17,Monday
2025-12-21,tata cliq,1327.8,Online Shopping,UPI,December,2025,12,21,Sunday
2025-05-27,barbeque nation,516.9,Food,Credit Card,May,2025,5,27,Tuesday
2025-06-02,jiomart,1855.0,Grocery,Credit Card,June,2025,6,2,Monday
2025-02-20,jiomart,3888.84,Grocery,Credit Card,February,2025,2,20,Thursday
2025-06-10,apple music,483.05,Entertainment,Net Banking,June,2025,6,10,Tuesday
2025-01-21,vodafone idea,2115.45,Bills,UPI,January,2025,1,21,Tuesday
2025-06-25,irctc,11331.33,Travel,UPI,June,2025,6,25,Wednesday
2025-04-11,aha,533.35,Entertainment,UPI,April,2025,4,11,Friday
2025-06-27,spotify,360.35,Entertainment,UPI,June,2025,6,27,Friday
2025-09-23,sonyliv,232.65,Entertainment,Credit Card,September,2025,9,23,Tuesday
2025-12-27,jio fiber,3207.65,Bills,Net Banking,December,2025,12,27,Saturday
2025-09-02,apple store,3476.77,Electronics,Net Banking,September,2025,9,2,Tuesday
2025-03-28,property tax online,4012.24,Bills,UPI,March,2025,3,28,Friday
2025-09-27,property tax online,1936.0,Bills,UPI,September,2025,9,27,Saturday
2025-07-04,netmeds,5336.76,Healthcare,UPI,July,2025,7,4,Friday
2025-09-18,ola,1857.53,Transport,Net Banking,September,2025,9,18,Thursday
2025-05-11,sonyliv,198.05,Entertainment,Credit Card,May,2025,5,11,Sunday
2025-11-17,fortis,17672.44,Healthcare,Net Banking,November,2025,11,17,Monday
2025-10-08,levis,4202.97,Clothing,UPI,October,2025,10,8,Wednesday
2025-08-12,property tax online,979.6,Bills,Credit Card,August,2025,8,12,Tuesday
2025-07-17,starbucks,776.43,Food,Debit Card,July,2025,7,17,Thursday
2025-09-24,kauvery,17378.77,Healthcare,Debit Card,September,2025,9,24,Wednesday
2025-08-31,flipkart,4289.96,Online Shopping,Net Banking,August,2025,8,31,Sunday
2025-04-03,nykaa,3313.93,Online Shopping,UPI,April,2025,4,3,Thursday
2025-03-28,woodland,5596.62,Clothing,Net Banking,March,2025,3,28,Friday
2025-10-03,us polo,2799.37,Clothing,Net Banking,October,2025,10,3,Friday
2025-10-23,dominos,1252.43,Food,Credit Card,October,2025,10,23,Thursday
2025-04-07,meru cabs,397.79,Transport,UPI,April,2025,4,7,Monday
2025-11-07,snapdeal,10606.63,Online Shopping,UPI,November,2025,11,7,Friday
2025-12-30,vistara,20544.69,Travel,Credit Card,December,2025,12,30,Tuesday
2025-03-21,spotify,299.37,Entertainment,Net Banking,March,2025,3,21,Friday
2025-11-21,flipkart,19113.45,Online Shopping,Debit Card,November,2025,11,21,Friday
2025-08-28,reliance fresh,2938.68,Grocery,Net Banking,August,2025,8,28,Thursday
2025-09-08,snapdeal,1629.64,Online Shopping,Debit Card,September,2025,9,8,Monday
2025-01-17,puma,7885.96,Clothing,Net Banking,January,2025,1,17,Friday
2025-02-11,makemytrip,24570.52,Travel,Net Banking,February,2025,2,11,Tuesday
2025-04-27,apollo hospital,9751.27,Healthcare,Net Banking,April,2025,4,27,Sunday
2025-06-17,tata cliq,13236.22,Online Shopping,Debit Card,June,2025,6,17,Tuesday
2025-05-18,flipkart,6497.12,Online Shopping,Credit Card,May,2025,5,18,Sunday
2025-06-01,croma,14756.78,Electronics,Net Banking,June,2025,6,1,Sunday
2025-12-11,dell exclusive,54113.41,Electronics,Net Banking,December,2025,12,11,Thursday
2025-12-09,asus store,10251.95,Electronics,Debit Card,December,2025,12,9,Tuesday
2025-02-10,sonyliv,774.96,Entertainment,Debit Card,February,2025,2,10,Monday
2025-12-13,snapdeal,19841.89,Online Shopping,UPI,December,2025,12,13,Saturday
2025-01-20,airasia,14181.93,Travel,Net Banking,January,2025,1,20,Monday
2025-08-24,vodafone idea,2018.63,Bills,UPI,August,2025,8,24,Sunday
2025-08-28,more supermarket,3808.69,Grocery,UPI,August,2025,8,28,Thursday
2025-01-30,flipkart,6495.11,Online Shopping,Net Banking,January,2025,1,30,Thursday
2025-06-05,netmeds,18283.93,Healthcare,UPI,June,2025,6,5,Thursday
2025-11-12,metro rail,1479.82,Transport,UPI,November,2025,11,12,Wednesday
2025-08-22,redbus,1976.82,Transport,Net Banking,August,2025,8,22,Friday
2025-02-15,dell exclusive,43427.79,Electronics,Net Banking,February,2025,2,15,Saturday
2025-10-21,gas agency,2230.57,Bills,UPI,October,2025,10,21,Tuesday
2025-02-19,vistara,18118.68,Travel,Debit Card,February,2025,2,19,Wednesday
2025-07-11,jiomart,4493.99,Grocery,Debit Card,July,2025,7,11,Friday
2025-03-14,amazon,11725.73,Online Shopping,Credit Card,March,2025,3,14,Friday
2025-01-05,apollo pharmacy,11102.86,Healthcare,UPI,January,2025,1,5,Sunday
2025-11-21,croma,42058.8,Electronics,Credit Card,November,2025,11,21,Friday
2025-04-11,rapido,1373.91,Transport,Debit Card,April,2025,4,11,Friday
2025-12-17,snapdeal,438.2,Online Shopping,Credit Card,December,2025,12,17,Wednesday
2025-10-24,nike,4961.49,Clothing,Net Banking,October,2025,10,24,Friday
2025-06-15,kfc,893.4,Food,Credit Card,June,2025,6,15,Sunday
2025-10-04,spencers,1671.11,Grocery,Net Banking,October,2025,10,4,Saturday
2025-12-13,yulu bikes,1613.43,Transport,Debit Card,December,2025,12,13,Saturday
2025-04-26,myntra,10701.7,Online Shopping,Credit Card,April,2025,4,26,Saturday
2025-12-05,burger king,966.17,Food,Debit Card,December,2025,12,5,Friday
2025-05-07,amazon prime,593.96,Entertainment,Credit Card,May,2025,5,7,Wednesday
2025-10-11,sony center,50830.94,Electronics,UPI,October,2025,10,11,Saturday
2025-09-24,booking.com,26504.29,Travel,UPI,September,2025,9,24,Wednesday
2025-03-05,spencers,4317.2,Grocery,UPI,March,2025,3,5,Wednesday
2025-11-04,goibibo,9802.09,Travel,Credit Card,November,2025,11,4,Tuesday
2025-05-25,oyo,26838.29,Travel,Debit Card,May,2025,5,25,Sunday
2025-05-30,bmtc,1683.14,Transport,Net Banking,May,2025,5,30,Friday
2025-07-27,dmart,2974.49,Grocery,UPI,July,2025,7,27,Sunday
2025-04-28,medplus,1510.32,Healthcare,Net Banking,April,2025,4,28,Monday
2025-09-09,nilgiris,2332.17,Grocery,Net Banking,September,2025,9,9,Tuesday
2025-01-08,medplus,3800.8,Healthcare,Credit Card,January,2025,1,8,Wednesday
2025-11-26,sony center,73315.08,Electronics,Credit Card,November,2025,11,26,Wednesday
2025-02-06,tsrtc,1597.16,Transport,Net Banking,February,2025,2,6,Thursday
2025-04-20,nykaa,5447.06,Online Shopping,Net Banking,April,2025,4,20,Sunday
2025-08-30,apollo pharmacy,1776.72,Healthcare,Debit Card,August,2025,8,30,Saturday
2025-02-01,booking.com,16696.36,Travel,Net Banking,February,2025,2,1,Saturday
2025-02-05,star bazaar,3796.5,Grocery,Debit Card,February,2025,2,5,Wednesday
2025-12-31,rapido,1280.04,Transport,Credit Card,December,2025,12,31,Wednesday
2025-03-03,spencers,3591.6,Grocery,Net Banking,March,2025,3,3,Monday
2025-03-24,property tax online,5538.89,Bills,Debit Card,March,2025,3,24,Monday
2025-01-05,kfc,1341.92,Food,Credit Card,January,2025,1,5,Sunday
2025-02-25,pantaloons,4959.44,Clothing,Net Banking,February,2025,2,25,Tuesday
2025-02-28,flipkart,3373.93,Online Shopping,UPI,February,2025,2,28,Friday
2025-01-08,hotstar,573.75,Entertainment,Debit Card,January,2025,1,8,Wednesday
2025-04-09,meru cabs,766.8,Transport,Debit Card,April,2025,4,9,Wednesday
2025-05-14,goibibo,29218.23,Travel,UPI,May,2025,5,14,Wednesday
2025-05-11,zee5,907.87,Entertainment,Debit Card,May,2025,5,11,Sunday
2025-02-27,fortis,14786.29,Healthcare,Credit Card,February,2025,2,27,Thursday
2025-09-02,tata cliq,6012.98,Online Shopping,UPI,September,2025,9,2,Tuesday
2025-03-20,redbus,1992.82,Transport,Net Banking,March,2025,3,20,Thursday
2025-07-17,amazon prime,332.2,Entertainment,UPI,July,2025,7,17,Thursday
2025-12-04,reliance fresh,1521.79,Grocery,Credit Card,December,2025,12,4,Thursday
2025-01-15,starbucks,902.28,Food,Debit Card,January,2025,1,15,Wednesday
2025-08-24,kauvery,7750.85,Healthcare,Net Banking,August,2025,8,24,Sunday
2025-09-04,oyo,16201.24,Travel,Credit Card,September,2025,9,4,Thursday
2025-01-13,allen solly,7152.43,Clothing,Credit Card,January,2025,1,13,Monday
2025-06-10,dell exclusive,142618.89,Electronics,UPI,June,2025,6,10,Tuesday
2025-06-22,vivo store,40569.73,Electronics,UPI,June,2025,6,22,Sunday
2025-05-10,apollo pharmacy,758.12,Healthcare,Net Banking,May,2025,5,10,Saturday
2025-10-07,asus store,146738.13,Electronics,Net Banking,October,2025,10,7,Tuesday
2025-07-25,subway,306.57,Food,Credit Card,July,2025,7,25,Friday
2025-04-08,aha,697.69,Entertainment,Debit Card,April,2025,4,8,Tuesday
2025-09-21,snapdeal,19363.84,Online Shopping,UPI,September,2025,9,21,Sunday
2025-04-20,ccd,419.02,Food,UPI,April,2025,4,20,Sunday
2025-04-16,pizza hut,1476.81,Food,Debit Card,April,2025,4,16,Wednesday
2025-03-22,nilgiris,1524.09,Grocery,Debit Card,March,2025,3,22,Saturday
2025-06-02,jio fiber,5625.53,Bills,Debit Card,June,2025,6,2,Monday
2025-02-25,apple music,611.35,Entertainment,Credit Card,February,2025,2,25,Tuesday
2025-07-21,yulu bikes,770.03,Transport,Debit Card,July,2025,7,21,Monday
2025-10-24,fortis,18682.5,Healthcare,Net Banking,October,2025,10,24,Friday
2025-03-08,hp world,5691.5,Electronics,UPI,March,2025,3,8,Saturday
2025-09-02,vivo store,133751.8,Electronics,Credit Card,September,2025,9,2,Tuesday
2025-12-14,asus store,29241.25,Electronics,Credit Card,December,2025,12,14,Sunday
2025-08-16,ccd,699.11,Food,Credit Card,August,2025,8,16,Saturday
2025-12-23,meesho,16181.58,Online Shopping,UPI,December,2025,12,23,Tuesday
2025-04-13,metro rail,349.23,Transport,Credit Card,April,2025,4,13,Sunday
2025-12-18,more supermarket,2250.23,Grocery,Net Banking,December,2025,12,18,Thursday
2025-08-01,boat lifestyle,111657.94,Electronics,Net Banking,August,2025,8,1,Friday
2025-03-30,makemytrip,3404.91,Travel,Credit Card,March,2025,3,30,Sunday
2025-05-13,yulu bikes,58.21,Transport,Net Banking,May,2025,5,13,Tuesday
2025-12-23,rapido,1121.25,Transport,Debit Card,December,2025,12,23,Tuesday
2025-01-26,1mg,3969.59,Healthcare,UPI,January,2025,1,26,Sunday
2025-05-04,starbucks,379.02,Food,Credit Card,May,2025,5,4,Sunday
2025-08-31,more supermarket,3539.05,Grocery,Net Banking,August,2025,8,31,Sunday
2025-02-23,goibibo,16573.84,Travel,Debit Card,February,2025,2,23,Sunday
2025-01-19,sony center,91298.76,Electronics,Net Banking,January,2025,1,19,Sunday
2025-11-19,ccd,564.1,Food,UPI,November,2025,11,19,Wednesday
2025-11-16,reliance digital,112761.81,Electronics,Credit Card,November,2025,11,16,Sunday
2025-11-22,barbeque nation,590.7,Food,Debit Card,November,2025,11,22,Saturday
2025-03-26,apollo hospital,17138.8,Healthcare,Debit Card,March,2025,3,26,Wednesday
2025-03-07,flipkart,1208.77,Online Shopping,Net Banking,March,2025,3,7,Friday
2025-12-26,max fashion,4704.32,Clothing,UPI,December,2025,12,26,Friday
2025-05-06,tata cliq,4419.55,Online Shopping,Debit Card,May,2025,5,6,Tuesday
2025-02-17,pharmeasy,18212.65,Healthcare,Net Banking,February,2025,2,17,Monday
2025-02-12,bmtc,1216.73,Transport,Net Banking,February,2025,2,12,Wednesday
2025-12-01,more supermarket,3510.13,Grocery,Net Banking,December,2025,12,1,Monday
2025-05-09,apple music,746.94,Entertainment,Net Banking,May,2025,5,9,Friday
2025-01-21,star bazaar,1564.4,Grocery,Debit Card,January,2025,1,21,Tuesday
2025-05-12,vodafone idea,4962.2,Bills,Debit Card,May,2025,5,12,Monday
2025-05-08,airasia,8077.37,Travel,Debit Card,May,2025,5,8,Thursday
2025-01-19,nature's basket,949.03,Grocery,UPI,January,2025,1,19,Sunday
2025-03-29,flipkart,18660.5,Online Shopping,Debit Card,March,2025,3,29,Saturday
2025-05-28,wrogn,2384.26,Clothing,Net Banking,May,2025,5,28,Wednesday
2025-12-12,gaana,278.6,Entertainment,Net Banking,December,2025,12,12,Friday
2025-01-08,netmeds,12054.54,Healthcare,Debit Card,January,2025,1,8,Wednesday
2025-06-05,meesho,16205.38,Online Shopping,UPI,June,2025,6,5,Thursday
2025-02-21,oneplus,31426.39,Electronics,UPI,February,2025,2,21,Friday
2025-02-19,yulu bikes,1346.99,Transport,Net Banking,February,2025,2,19,Wednesday
2025-10-04,rapido,551.16,Transport,Debit Card,October,2025,10,4,Saturday
2025-12-13,pizza hut,457.46,Food,Credit Card,December,2025,12,13,Saturday
2025-08-19,taco bell,1134.06,Food,Net Banking,August,2025,8,19,Tuesday
2025-06-08,netmeds,17521.91,Healthcare,Debit Card,June,2025,6,8,Sunday
2025-08-18,pantaloons,4472.88,Clothing,Credit Card,August,2025,8,18,Monday
2025-06-23,redbus,1868.12,Transport,UPI,June,2025,6,23,Monday
2025-02-17,yulu bikes,1794.84,Transport,Credit Card,February,2025,2,17,Monday
2025-02-10,myntra,1998.59,Online Shopping,UPI,February,2025,2,10,Monday
2025-08-25,yulu bikes,156.58,Transport,Debit Card,August,2025,8,25,Monday
2025-12-08,allen solly,4020.62,Clothing,Debit Card,December,2025,12,8,Monday
2025-08-28,nykaa,9761.19,Online Shopping,Debit Card,August,2025,8,28,Thursday
2025-01-25,tsrtc,1059.18,Transport,Net Banking,January,2025,1,25,Saturday
2025-11-05,yatra,14735.1,Travel,Net Banking,November,2025,11,5,Wednesday
2025-08-21,tneb,214.21,Bills,Net Banking,August,2025,8,21,Thursday
2025-10-19,zee5,226.41,Entertainment,Credit Card,October,2025,10,19,Sunday
2025-10-24,sony center,108636.9,Electronics,Credit Card,October,2025,10,24,Friday
2025-03-10,starbucks,1190.86,Food,UPI,March,2025,3,10,Monday
2025-07-13,oneplus,65327.02,Electronics,Credit Card,July,2025,7,13,Sunday
2025-06-18,flipkart,9329.62,Online Shopping,UPI,June,2025,6,18,Wednesday
2025-11-09,airasia,27648.16,Travel,Net Banking,November,2025,11,9,Sunday
2025-12-02,cloudnine,8938.66,Healthcare,Net Banking,December,2025,12,2,Tuesday
2025-04-22,wrogn,3593.32,Clothing,Credit Card,April,2025,4,22,Tuesday
2025-07-20,aster,11829.28,Healthcare,UPI,July,2025,7,20,Sunday
2025-05-13,spotify,588.71,Entertainment,UPI,May,2025,5,13,Tuesday
2025-01-28,biba,6814.87,Clothing,Credit Card,January,2025,1,28,Tuesday
2025-06-04,more supermarket,2624.97,Grocery,Net Banking,June,2025,6,4,Wednesday
2025-01-22,zee5,377.51,Entertainment,Net Banking,January,2025,1,22,Wednesday
2025-09-22,samsung store,64099.81,Electronics,Debit Card,September,2025,9,22,Monday
2025-09-03,apollo hospital,18800.89,Healthcare,Debit Card,September,2025,9,3,Wednesday
2025-05-02,oyo,2631.1,Travel,Debit Card,May,2025,5,2,Friday
2025-04-22,yulu bikes,1071.05,Transport,Net Banking,April,2025,4,22,Tuesday
2025-11-07,levis,4222.91,Clothing,Credit Card,November,2025,11,7,Friday
2025-01-15,aha,604.52,Entertainment,Credit Card,January,2025,1,15,Wednesday
2025-11-17,meesho,13075.62,Online Shopping,UPI,November,2025,11,17,Monday
2025-03-13,pepperfry,16551.34,Online Shopping,Debit Card,March,2025,3,13,Thursday
2025-03-16,ola,1427.04,Transport,Credit Card,March,2025,3,16,Sunday
2025-01-19,oyo,1940.09,Travel,Net Banking,January,2025,1,19,Sunday
2025-11-14,reliance digital,136347.98,Electronics,Debit Card,November,2025,11,14,Friday
2025-08-17,makemytrip,10656.22,Travel,Debit Card,August,2025,8,17,Sunday
2025-06-14,samsung store,20693.81,Electronics,UPI,June,2025,6,14,Saturday
2025-03-30,burger king,555.57,Food,UPI,March,2025,3,30,Sunday
2025-05-22,meesho,3311.49,Online Shopping,Debit Card,May,2025,5,22,Thursday
2025-10-08,zee5,876.44,Entertainment,Credit Card,October,2025,10,8,Wednesday
2025-01-09,metro rail,1552.86,Transport,Net Banking,January,2025,1,9,Thursday
2025-08-13,pantaloons,1512.62,Clothing,Credit Card,August,2025,8,13,Wednesday
2025-09-14,bigbazaar,1358.81,Grocery,Net Banking,September,2025,9,14,Sunday
2025-11-09,gas agency,4209.88,Bills,Net Banking,November,2025,11,9,Sunday
2025-03-22,vodafone idea,2730.7,Bills,Debit Card,March,2025,3,22,Saturday
2025-07-06,ccd,187.17,Food,UPI,July,2025,7,6,Sunday
2025-08-16,airtel,579.33,Bills,UPI,August,2025,8,16,Saturday
2025-03-31,tata cliq,3100.59,Online Shopping,Net Banking,March,2025,3,31,Monday
2025-01-29,meru cabs,1065.72,Transport,UPI,January,2025,1,29,Wednesday
2025-03-07,nike,6887.11,Clothing,UPI,March,2025,3,7,Friday
2025-09-19,youtube premium,464.95,Entertainment,Credit Card,September,2025,9,19,Friday
2025-04-18,airtel,3779.62,Bills,UPI,April,2025,4,18,Friday
2025-05-26,pantaloons,6064.11,Clothing,UPI,May,2025,5,26,Monday
2025-06-17,lenskart,18827.87,Online Shopping,Net Banking,June,2025,6,17,Tuesday
2025-07-10,yatra,3998.58,Travel,Net Banking,July,2025,7,10,Thursday
2025-04-25,indigo,15378.87,Travel,UPI,April,2025,4,25,Friday
2025-06-14,asus store,87603.4,Electronics,Debit Card,June,2025,6,14,Saturday
2025-11-07,property tax online,3079.02,Bills,Debit Card,November,2025,11,7,Friday
2025-10-21,bmtc,1856.49,Transport,UPI,October,2025,10,21,Tuesday
2025-06-09,amazon,5998.78,Online Shopping,Debit Card,June,2025,6,9,Monday
2025-06-01,aster,3567.41,Healthcare,Debit Card,June,2025,6,1,Sunday
2025-01-05,kauvery,7356.15,Healthcare,Debit Card,January,2025,1,5,Sunday
2025-01-14,spotify,956.58,Entertainment,Credit Card,January,2025,1,14,Tuesday
2025-04-05,meru cabs,224.13,Transport,Net Banking,April,2025,4,5,Saturday
2025-10-29,biba,4869.52,Clothing,Credit Card,October,2025,10,29,Wednesday
2025-06-18,uber,1321.72,Transport,Credit Card,June,2025,6,18,Wednesday
2025-08-16,jio fiber,4509.38,Bills,Credit Card,August,2025,8,16,Saturday
2025-10-18,oyo,11403.35,Travel,Net Banking,October,2025,10,18,Saturday
2025-07-06,goibibo,9975.44,Travel,Net Banking,July,2025,7,6,Sunday
2025-03-12,mcdonalds,101.19,Food,UPI,March,2025,3,12,Wednesday
2025-03-05,mcdonalds,1295.73,Food,Credit Card,March,2025,3,5,Wednesday
2025-07-01,levis,7921.63,Clothing,Net Banking,July,2025,7,1,Tuesday
2025-03-26,pharmeasy,4518.55,Healthcare,Debit Card,March,2025,3,26,Wednesday
2025-06-30,gaana,881.06,Entertainment,UPI,June,2025,6,30,Monday
2025-02-20,a2b,1397.71,Food,UPI,February,2025,2,20,Thursday
2025-11-15,amazon,15698.76,Online Shopping,Debit Card,November,2025,11,15,Saturday
2025-07-21,puma,4690.91,Clothing,Net Banking,July,2025,7,21,Monday
2025-01-16,h&m,3174.31,Clothing,Debit Card,January,2025,1,16,Thursday
2025-01-04,tneb,2790.27,Bills,Net Banking,January,2025,1,4,Saturday
2025-12-02,us polo,721.31,Clothing,Debit Card,December,2025,12,2,Tuesday
2025-08-16,zee5,684.52,Entertainment,UPI,August,2025,8,16,Saturday
2025-12-11,netmeds,12679.1,Healthcare,Credit Card,December,2025,12,11,Thursday
2025-06-13,starbucks,235.97,Food,UPI,June,2025,6,13,Friday
2025-01-10,nykaa,10943.22,Online Shopping,UPI,January,2025,1,10,Friday
2025-03-25,tsrtc,95.85,Transport,Debit Card,March,2025,3,25,Tuesday
2025-02-22,ccd,1334.77,Food,Net Banking,February,2025,2,22,Saturday
2025-02-11,ola,1443.94,Transport,Net Banking,February,2025,2,11,Tuesday
2025-01-28,youtube premium,436.49,Entertainment,Debit Card,January,2025,1,28,Tuesday
2025-12-09,nature's basket,4463.2,Grocery,Credit Card,December,2025,12,9,Tuesday
2025-09-25,redbus,342.33,Transport,Net Banking,September,2025,9,25,Thursday
2025-03-20,fortis,16618.39,Healthcare,UPI,March,2025,3,20,Thursday
2025-03-25,taco bell,158.22,Food,Net Banking,March,2025,3,25,Tuesday
2025-09-07,indigo,26922.95,Travel,Net Banking,September,2025,9,7,Sunday
2025-07-28,aha,464.53,Entertainment,Credit Card,July,2025,7,28,Monday
2025-07-05,cream stone,184.68,Food,Credit Card,July,2025,7,5,Saturday
2025-09-06,booking.com,28217.02,Travel,Credit Card,September,2025,9,6,Saturday
2025-01-30,act fibernet,3458.77,Bills,UPI,January,2025,1,30,Thursday
2025-11-04,apollo pharmacy,14977.82,Healthcare,Debit Card,November,2025,11,4,Tuesday
2025-04-14,barbeque nation,325.84,Food,Credit Card,April,2025,4,14,Monday
2025-06-10,1mg,5188.11,Healthcare,UPI,June,2025,6,10,Tuesday
2025-04-15,vodafone idea,1531.55,Bills,Debit Card,April,2025,4,15,Tuesday
2025-11-02,act fibernet,2298.36,Bills,UPI,November,2025,11,2,Sunday
2025-03-22,taco bell,265.57,Food,UPI,March,2025,3,22,Saturday
2025-01-04,aha,806.63,Entertainment,UPI,January,2025,1,4,Saturday
2025-01-13,water board,714.35,Bills,Net Banking,January,2025,1,13,Monday
2025-08-14,dmart,4601.75,Grocery,Debit Card,August,2025,8,14,Thursday
2025-07-16,netmeds,8106.51,Healthcare,UPI,July,2025,7,16,Wednesday
2025-10-03,noise,5656.2,Electronics,Credit Card,October,2025,10,3,Friday
2025-02-21,reliance fresh,387.06,Grocery,Credit Card,February,2025,2,21,Friday
2025-03-24,cloudnine,18527.13,Healthcare,UPI,March,2025,3,24,Monday
2025-07-21,noise,93905.18,Electronics,UPI,July,2025,7,21,Monday
2025-12-28,meru cabs,282.2,Transport,Net Banking,December,2025,12,28,Sunday
2025-11-19,yatra,18348.41,Travel,Credit Card,November,2025,11,19,Wednesday
2025-12-12,sony center,49365.94,Electronics,Credit Card,December,2025,12,12,Friday
2025-11-17,goibibo,29528.36,Travel,Net Banking,November,2025,11,17,Monday
2025-10-04,h&m,3253.37,Clothing,UPI,October,2025,10,4,Saturday
2025-03-23,subway,305.39,Food,Net Banking,March,2025,3,23,Sunday
2025-12-16,uber,1308.94,Transport,Debit Card,December,2025,12,16,Tuesday
2025-07-24,tata cliq,6424.12,Online Shopping,UPI,July,2025,7,24,Thursday
2025-12-11,hp world,117914.18,Electronics,Net Banking,December,2025,12,11,Thursday
2025-04-20,star bazaar,4168.33,Grocery,Debit Card,April,2025,4,20,Sunday
2025-04-24,levis,919.54,Clothing,Net Banking,April,2025,4,24,Thursday
2025-07-01,starbucks,1299.4,Food,Debit Card,July,2025,7,1,Tuesday
2025-11-27,meru cabs,1869.78,Transport,Net Banking,November,2025,11,27,Thursday
2025-04-24,more supermarket,4296.98,Grocery,UPI,April,2025,4,24,Thursday
2025-05-10,pepperfry,5600.21,Online Shopping,UPI,May,2025,5,10,Saturday
2025-04-30,amazon prime,605.85,Entertainment,Net Banking,April,2025,4,30,Wednesday
2025-08-26,nature's basket,4344.64,Grocery,UPI,August,2025,8,26,Tuesday
2025-02-06,tsrtc,822.96,Transport,UPI,February,2025,2,6,Thursday
2025-01-05,1mg,19844.72,Healthcare,Debit Card,January,2025,1,5,Sunday
2025-12-16,nature's basket,4608.41,Grocery,UPI,December,2025,12,16,Tuesday
2025-02-12,rapido,1473.56,Transport,Debit Card,February,2025,2,12,Wednesday
2025-02-21,apollo pharmacy,7216.13,Healthcare,Credit Card,February,2025,2,21,Friday
2025-12-08,aha,387.03,Entertainment,UPI,December,2025,12,8,Monday
2025-02-20,taco bell,159.14,Food,Net Banking,February,2025,2,20,Thursday
2025-12-12,sony center,48510.78,Electronics,UPI,December,2025,12,12,Friday
2025-12-11,vivo store,85106.06,Electronics,Debit Card,December,2025,12,11,Thursday
2025-12-01,dell exclusive,132931.55,Electronics,Credit Card,December,2025,12,1,Monday
2025-05-06,kfc,1108.62,Food,UPI,May,2025,5,6,Tuesday
2025-06-09,tsrtc,519.97,Transport,UPI,June,2025,6,9,Monday
2025-09-18,jio fiber,2441.03,Bills,Credit Card,September,2025,9,18,Thursday
2025-01-23,fortis,13259.87,Healthcare,Credit Card,January,2025,1,23,Thursday
2025-07-05,gaana,650.74,Entertainment,Debit Card,July,2025,7,5,Saturday
2025-01-11,sony center,104523.78,Electronics,Debit Card,January,2025,1,11,Saturday
2025-01-11,woodland,6079.89,Clothing,Net Banking,January,2025,1,11,Saturday
2025-04-28,zara,2703.8,Clothing,Debit Card,April,2025,4,28,Monday
2025-11-10,1mg,7879.32,Healthcare,Debit Card,November,2025,11,10,Monday
2025-04-06,spencers,1627.71,Grocery,Credit Card,April,2025,4,6,Sunday
2025-07-06,netmeds,19632.9,Healthcare,UPI,July,2025,7,6,Sunday
2025-12-31,zee5,528.51,Entertainment,Net Banking,December,2025,12,31,Wednesday
2025-06-25,gaana,610.9,Entertainment,UPI,June,2025,6,25,Wednesday
2025-09-01,metro rail,823.19,Transport,Debit Card,September,2025,9,1,Monday
2025-02-22,booking.com,20276.02,Travel,UPI,February,2025,2,22,Saturday
2025-07-12,jio fiber,2002.39,Bills,Debit Card,July,2025,7,12,Saturday
2025-05-06,booking.com,26712.38,Travel,Debit Card,May,2025,5,6,Tuesday
2025-08-15,barbeque nation,275.22,Food,Debit Card,August,2025,8,15,Friday
2025-02-06,dmart,1736.28,Grocery,Net Banking,February,2025,2,6,Thursday
2025-08-06,1mg,18844.4,Healthcare,UPI,August,2025,8,6,Wednesday
2025-08-12,lenskart,3849.71,Online Shopping,Debit Card,August,2025,8,12,Tuesday
2025-07-09,yulu bikes,1324.09,Transport,Debit Card,July,2025,7,9,Wednesday
2025-04-15,amazon,9755.85,Online Shopping,Debit Card,April,2025,4,15,Tuesday
2025-03-02,apollo hospital,2131.83,Healthcare,UPI,March,2025,3,2,Sunday
2025-11-03,ajio,13560.02,Online Shopping,UPI,November,2025,11,3,Monday
2025-03-02,mi store,79100.36,Electronics,Net Banking,March,2025,3,2,Sunday
2025-04-07,kauvery,16796.61,Healthcare,Net Banking,April,2025,4,7,Monday
2025-10-16,tneb,2424.56,Bills,UPI,October,2025,10,16,Thursday
2025-01-23,ajio,16502.88,Online Shopping,Credit Card,January,2025,1,23,Thursday
2025-12-05,snapdeal,288.35,Online Shopping,Debit Card,December,2025,12,5,Friday
2025-05-13,subway,165.15,Food,Net Banking,May,2025,5,13,Tuesday
2025-10-07,subway,953.27,Food,Credit Card,October,2025,10,7,Tuesday
2025-12-07,makemytrip,9763.9,Travel,Net Banking,December,2025,12,7,Sunday
2025-10-30,youtube premium,639.18,Entertainment,UPI,October,2025,10,30,Thursday
2025-11-19,hp world,71069.12,Electronics,Credit Card,November,2025,11,19,Wednesday
2025-02-26,gas agency,1340.12,Bills,Net Banking,February,2025,2,26,Wednesday
2025-02-16,goibibo,6824.47,Travel,Net Banking,February,2025,2,16,Sunday
2025-12-03,bmtc,1337.43,Transport,UPI,December,2025,12,3,Wednesday
2025-01-27,nilgiris,4375.69,Grocery,Debit Card,January,2025,1,27,Monday
2025-12-31,medplus,604.72,Healthcare,UPI,December,2025,12,31,Wednesday
2025-07-25,bsnl,2284.93,Bills,Net Banking,July,2025,7,25,Friday
2025-01-01,gaana,871.02,Entertainment,Credit Card,January,2025,1,1,Wednesday
2025-06-07,netflix,379.94,Entertainment,Credit Card,June,2025,6,7,Saturday
2025-09-06,reliance fresh,459.42,Grocery,UPI,September,2025,9,6,Saturday
2025-08-31,subway,954.14,Food,UPI,August,2025,8,31,Sunday
2025-08-24,h&m,7131.84,Clothing,UPI,August,2025,8,24,Sunday
2025-06-05,jio fiber,282.36,Bills,Net Banking,June,2025,6,5,Thursday
2025-05-13,aha,783.63,Entertainment,Debit Card,May,2025,5,13,Tuesday
2025-10-30,apollo pharmacy,3107.78,Healthcare,UPI,October,2025,10,30,Thursday
2025-02-18,vivo store,117550.72,Electronics,Credit Card,February,2025,2,18,Tuesday
2025-05-03,indigo,3489.67,Travel,Net Banking,May,2025,5,3,Saturday
2025-03-29,act fibernet,3849.35,Bills,Debit Card,March,2025,3,29,Saturday
2025-02-09,netflix,586.26,Entertainment,Credit Card,February,2025,2,9,Sunday
2025-01-12,jio fiber,3744.43,Bills,Credit Card,January,2025,1,12,Sunday
2025-03-22,us polo,6782.25,Clothing,UPI,March,2025,3,22,Saturday
2025-01-14,boat lifestyle,94698.6,Electronics,Credit Card,January,2025,1,14,Tuesday
2025-11-15,yulu bikes,697.1,Transport,Net Banking,November,2025,11,15,Saturday
2025-11-22,h&m,6664.26,Clothing,Credit Card,November,2025,11,22,Saturday
2025-11-03,star bazaar,1520.86,Grocery,Net Banking,November,2025,11,3,Monday
2025-04-05,gas agency,2093.3,Bills,Credit Card,April,2025,4,5,Saturday
2025-07-06,air india,25732.23,Travel,Credit Card,July,2025,7,6,Sunday
2025-05-24,water board,5051.66,Bills,UPI,May,2025,5,24,Saturday
2025-09-10,croma,8421.17,Electronics,UPI,September,2025,9,10,Wednesday
2025-12-04,pharmeasy,12253.85,Healthcare,Debit Card,December,2025,12,4,Thursday
2025-02-16,burger king,326.11,Food,Credit Card,February,2025,2,16,Sunday
2025-03-19,amazon prime,661.41,Entertainment,Debit Card,March,2025,3,19,Wednesday
2025-03-23,sony center,133392.93,Electronics,Net Banking,March,2025,3,23,Sunday
2025-01-13,sonyliv,303.68,Entertainment,UPI,January,2025,1,13,Monday
2025-02-28,netflix,890.28,Entertainment,Credit Card,February,2025,2,28,Friday
2025-07-09,medplus,8116.07,Healthcare,UPI,July,2025,7,9,Wednesday
2025-12-04,apple music,737.89,Entertainment,Credit Card,December,2025,12,4,Thursday
2025-01-03,yulu bikes,104.24,Transport,Debit Card,January,2025,1,3,Friday
2025-12-06,apple music,825.25,Entertainment,Net Banking,December,2025,12,6,Saturday
2025-10-20,zee5,360.84,Entertainment,Net Banking,October,2025,10,20,Monday
2025-07-04,croma,16130.22,Electronics,Credit Card,July,2025,7,4,Friday
2025-09-18,airasia,23191.62,Travel,Net Banking,September,2025,9,18,Thursday
2025-11-01,chai point,398.22,Food,Credit Card,November,2025,11,1,Saturday
2025-08-28,apollo hospital,11295.65,Healthcare,Debit Card,August,2025,8,28,Thursday
2025-08-16,ola,1827.63,Transport,Net Banking,August,2025,8,16,Saturday
2025-04-30,adidas,7205.65,Clothing,Net Banking,April,2025,4,30,Wednesday
2025-01-16,ajio,4773.91,Online Shopping,Credit Card,January,2025,1,16,Thursday
2025-12-14,jiomart,4212.51,Grocery,Credit Card,December,2025,12,14,Sunday
2025-12-20,youtube premium,769.89,Entertainment,Debit Card,December,2025,12,20,Saturday
2025-09-10,asus store,85557.39,Electronics,UPI,September,2025,9,10,Wednesday
2025-07-17,zee5,229.04,Entertainment,UPI,July,2025,7,17,Thursday
2025-02-11,dominos,789.38,Food,Net Banking,February,2025,2,11,Tuesday
2025-06-02,booking.com,22765.7,Travel,Net Banking,June,2025,6,2,Monday
2025-08-25,lenskart,19814.18,Online Shopping,UPI,August,2025,8,25,Monday
2025-03-14,aha,834.36,Entertainment,Debit Card,March,2025,3,14,Friday
2025-02-14,rapido,330.66,Transport,Net Banking,February,2025,2,14,Friday
2025-06-15,metro rail,421.07,Transport,Credit Card,June,2025,6,15,Sunday
2025-01-09,kauvery,10184.37,Healthcare,UPI,January,2025,1,9,Thursday
2025-08-25,spencers,2110.98,Grocery,Credit Card,August,2025,8,25,Monday
2025-10-02,metro rail,968.17,Transport,Credit Card,October,2025,10,2,Thursday
2025-08-01,wrogn,7999.6,Clothing,Net Banking,August,2025,8,1,Friday
2025-01-15,snapdeal,9398.37,Online Shopping,Net Banking,January,2025,1,15,Wednesday
2025-10-05,croma,118745.82,Electronics,Credit Card,October,2025,10,5,Sunday
2025-12-03,youtube premium,812.16,Entertainment,Debit Card,December,2025,12,3,Wednesday
2025-06-03,adidas,3685.75,Clothing,Credit Card,June,2025,6,3,Tuesday
2025-06-16,levis,6644.69,Clothing,Net Banking,June,2025,6,16,Monday
2025-04-22,reliance digital,114922.71,Electronics,Credit Card,April,2025,4,22,Tuesday
2025-12-30,irctc,14599.74,Travel,Net Banking,December,2025,12,30,Tuesday
2025-06-15,airasia,24931.11,Travel,Credit Card,June,2025,6,15,Sunday
2025-04-28,levis,3950.56,Clothing,Credit Card,April,2025,4,28,Monday
2025-11-02,kauvery,4859.75,Healthcare,UPI,November,2025,11,2,Sunday
2025-08-13,more supermarket,3079.34,Grocery,Debit Card,August,2025,8,13,Wednesday
2025-09-26,pizza hut,898.49,Food,Credit Card,September,2025,9,26,Friday
2025-11-15,meesho,14153.37,Online Shopping,Net Banking,November,2025,11,15,Saturday
2025-05-17,apollo pharmacy,15418.53,Healthcare,Net Banking,May,2025,5,17,Saturday
2025-10-20,jio fiber,5602.43,Bills,Debit Card,October,2025,10,20,Monday
2025-11-01,ccd,1422.42,Food,Debit Card,November,2025,11,1,Saturday
2025-11-02,airtel,2557.49,Bills,Debit Card,November,2025,11,2,Sunday
2025-07-25,nature's basket,4679.53,Grocery,Net Banking,July,2025,7,25,Friday
2025-03-05,pizza hut,1153.91,Food,UPI,March,2025,3,5,Wednesday
2025-11-04,irctc,16757.1,Travel,UPI,November,2025,11,4,Tuesday
2025-02-15,pharmeasy,12469.88,Healthcare,UPI,February,2025,2,15,Saturday
2025-01-04,hp world,138433.52,Electronics,Net Banking,January,2025,1,4,Saturday
2025-05-15,irctc,10272.14,Travel,Net Banking,May,2025,5,15,Thursday
2025-11-10,jiomart,1994.04,Grocery,Credit Card,November,2025,11,10,Monday
2025-06-12,spotify,680.83,Entertainment,Net Banking,June,2025,6,12,Thursday
2025-01-27,jio fiber,5214.3,Bills,Debit Card,January,2025,1,27,Monday
2025-09-19,dmart,4808.75,Grocery,Net Banking,September,2025,9,19,Friday
2025-01-03,oyo,10027.24,Travel,Credit Card,January,2025,1,3,Friday
2025-09-18,yulu bikes,1405.27,Transport,Debit Card,September,2025,9,18,Thursday
2025-03-20,redbus,1668.6,Transport,Debit Card,March,2025,3,20,Thursday
2025-06-29,chai point,634.31,Food,UPI,June,2025,6,29,Sunday
2025-04-30,allen solly,5252.35,Clothing,Net Banking,April,2025,4,30,Wednesday
2025-07-19,snapdeal,16809.63,Online Shopping,Credit Card,July,2025,7,19,Saturday
2025-08-18,kauvery,18926.39,Healthcare,Credit Card,August,2025,8,18,Monday
2025-02-15,pantaloons,2668.46,Clothing,Debit Card,February,2025,2,15,Saturday
2025-05-31,air india,28291.11,Travel,Debit Card,May,2025,5,31,Saturday
2025-10-01,max fashion,2913.72,Clothing,Net Banking,October,2025,10,1,Wednesday
2025-01-08,pantaloons,2011.08,Clothing,Debit Card,January,2025,1,8,Wednesday
2025-03-14,aster,8255.87,Healthcare,Debit Card,March,2025,3,14,Friday
2025-10-25,asus store,10580.17,Electronics,UPI,October,2025,10,25,Saturday
2025-01-09,indigo,17879.17,Travel,UPI,January,2025,1,9,Thursday
2025-12-13,cloudnine,16015.58,Healthcare,Net Banking,December,2025,12,13,Saturday
2025-07-14,vivo store,78786.83,Electronics,UPI,July,2025,7,14,Monday
2025-12-30,biba,3563.62,Clothing,UPI,December,2025,12,30,Tuesday
2025-12-22,bmtc,1734.93,Transport,Net Banking,December,2025,12,22,Monday
2025-07-02,indigo,18765.75,Travel,Credit Card,July,2025,7,2,Wednesday
2025-03-24,indigo,28121.03,Travel,UPI,March,2025,3,24,Monday
2025-02-11,netmeds,16921.93,Healthcare,Net Banking,February,2025,2,11,Tuesday
2025-05-14,h&m,874.09,Clothing,Net Banking,May,2025,5,14,Wednesday
2025-12-13,reliance digital,34163.9,Electronics,Net Banking,December,2025,12,13,Saturday
2025-01-14,mi store,120051.07,Electronics,Debit Card,January,2025,1,14,Tuesday
2025-08-21,cloudnine,3509.9,Healthcare,UPI,August,2025,8,21,Thursday
2025-10-17,amazon prime,649.76,Entertainment,Credit Card,October,2025,10,17,Friday
2025-07-18,meru cabs,1157.75,Transport,Credit Card,July,2025,7,18,Friday
2025-12-15,metro rail,931.48,Transport,Credit Card,December,2025,12,15,Monday
2025-08-14,sonyliv,902.13,Entertainment,Debit Card,August,2025,8,14,Thursday
2025-03-22,rapido,957.89,Transport,Debit Card,March,2025,3,22,Saturday
2025-10-18,vodafone idea,4354.0,Bills,Credit Card,October,2025,10,18,Saturday
2025-02-07,aster,15915.26,Healthcare,Debit Card,February,2025,2,7,Friday
2025-08-12,ola,536.47,Transport,Debit Card,August,2025,8,12,Tuesday
2025-11-01,bsnl,4842.08,Bills,Debit Card,November,2025,11,1,Saturday
2025-04-17,act fibernet,2219.81,Bills,Credit Card,April,2025,4,17,Thursday
2025-07-19,spotify,735.36,Entertainment,Net Banking,July,2025,7,19,Saturday
2025-03-23,aster,17881.23,Healthcare,Credit Card,March,2025,3,23,Sunday
2025-09-29,levis,4869.94,Clothing,Credit Card,September,2025,9,29,Monday
2025-07-27,a2b,770.15,Food,Debit Card,July,2025,7,27,Sunday
2025-05-19,oneplus,122626.73,Electronics,UPI,May,2025,5,19,Monday
2025-09-29,spencers,2346.77,Grocery,Debit Card,September,2025,9,29,Monday
2025-05-08,metro rail,1677.88,Transport,UPI,May,2025,5,8,Thursday
2025-08-11,jiomart,1448.29,Grocery,UPI,August,2025,8,11,Monday
2025-06-22,medplus,18945.23,Healthcare,Credit Card,June,2025,6,22,Sunday
2025-06-29,amazon prime,391.67,Entertainment,UPI,June,2025,6,29,Sunday
2025-04-12,flipkart,12004.1,Online Shopping,UPI,April,2025,4,12,Saturday
2025-05-16,snapdeal,381.37,Online Shopping,UPI,May,2025,5,16,Friday
2025-07-08,yatra,24089.98,Travel,Net Banking,July,2025,7,8,Tuesday
2025-08-28,cream stone,203.76,Food,Net Banking,August,2025,8,28,Thursday
2025-05-15,redbus,1262.02,Transport,Net Banking,May,2025,5,15,Thursday
2025-02-12,property tax online,2425.94,Bills,Credit Card,February,2025,2,12,Wednesday
2025-07-20,cream stone,925.37,Food,Net Banking,July,2025,7,20,Sunday
2025-02-22,nilgiris,508.16,Grocery,Net Banking,February,2025,2,22,Saturday
2025-08-05,dmart,2081.42,Grocery,Net Banking,August,2025,8,5,Tuesday
2025-02-23,sony center,120494.84,Electronics,UPI,February,2025,2,23,Sunday
2025-03-16,tsrtc,472.49,Transport,Credit Card,March,2025,3,16,Sunday
2025-01-28,goibibo,4019.76,Travel,Credit Card,January,2025,1,28,Tuesday
2025-10-13,spotify,307.24,Entertainment,Net Banking,October,2025,10,13,Monday
2025-03-02,airasia,2115.6,Travel,Credit Card,March,2025,3,2,Sunday
2025-08-30,gas agency,5116.73,Bills,Debit Card,August,2025,8,30,Saturday
2025-07-25,saravana bhavan,1255.97,Food,Net Banking,July,2025,7,25,Friday
2025-10-25,bigbazaar,2786.6,Grocery,Debit Card,October,2025,10,25,Saturday
2025-01-20,metro rail,484.07,Transport,UPI,January,2025,1,20,Monday
2025-04-20,amazon,11638.6,Online Shopping,Net Banking,April,2025,4,20,Sunday
2025-06-08,pepperfry,9005.01,Online Shopping,UPI,June,2025,6,8,Sunday
2025-06-27,bmtc,575.13,Transport,Credit Card,June,2025,6,27,Friday
2025-10-20,sony center,145569.45,Electronics,Net Banking,October,2025,10,20,Monday
2025-03-01,property tax online,419.27,Bills,Credit Card,March,2025,3,1,Saturday
2025-06-12,ajio,15568.71,Online Shopping,UPI,June,2025,6,12,Thursday
2025-09-22,ajio,11776.13,Online Shopping,Credit Card,September,2025,9,22,Monday
2025-09-11,air india,7128.7,Travel,Debit Card,September,2025,9,11,Thursday
2025-12-09,irctc,13394.43,Travel,UPI,December,2025,12,9,Tuesday
2025-05-06,nykaa,7244.26,Online Shopping,Net Banking,May,2025,5,6,Tuesday
2025-04-12,airtel,3263.94,Bills,UPI,April,2025,4,12,Saturday
2025-12-27,bsnl,2753.48,Bills,Net Banking,December,2025,12,27,Saturday
2025-03-18,aster,2982.61,Healthcare,Net Banking,March,2025,3,18,Tuesday
2025-02-05,kauvery,17561.59,Healthcare,UPI,February,2025,2,5,Wednesday
2025-03-02,meru cabs,1484.72,Transport,Debit Card,March,2025,3,2,Sunday
2025-09-08,apple music,301.86,Entertainment,UPI,September,2025,9,8,Monday
2025-07-04,irctc,29558.42,Travel,UPI,July,2025,7,4,Friday
2025-03-11,nykaa,7810.69,Online Shopping,Debit Card,March,2025,3,11,Tuesday
2025-07-22,boat lifestyle,80016.49,Electronics,Credit Card,July,2025,7,22,Tuesday
2025-07-15,gaana,951.5,Entertainment,UPI,July,2025,7,15,Tuesday
2025-04-20,kauvery,6752.77,Healthcare,UPI,April,2025,4,20,Sunday
2025-06-15,redbus,1961.79,Transport,Debit Card,June,2025,6,15,Sunday
2025-08-21,redbus,901.48,Transport,UPI,August,2025,8,21,Thursday
2025-07-14,hp world,132974.82,Electronics,Credit Card,July,2025,7,14,Monday
2025-12-11,sonyliv,276.24,Entertainment,Credit Card,December,2025,12,11,Thursday
2025-02-17,medplus,16576.84,Healthcare,Credit Card,February,2025,2,17,Monday
2025-04-12,cloudnine,14773.9,Healthcare,Debit Card,April,2025,4,12,Saturday
2025-10-24,spencers,2918.19,Grocery,Net Banking,October,2025,10,24,Friday
2025-09-16,1mg,17463.19,Healthcare,Net Banking,September,2025,9,16,Tuesday
2025-12-02,flipkart,1546.52,Online Shopping,Debit Card,December,2025,12,2,Tuesday
2025-07-22,act fibernet,3924.98,Bills,Credit Card,July,2025,7,22,Tuesday
2025-05-14,airasia,8314.15,Travel,Debit Card,May,2025,5,14,Wednesday
2025-03-30,amazon,17797.6,Online Shopping,Credit Card,March,2025,3,30,Sunday
2025-07-29,hotstar,913.24,Entertainment,Net Banking,July,2025,7,29,Tuesday
2025-01-15,cloudnine,16923.61,Healthcare,Net Banking,January,2025,1,15,Wednesday
2025-08-28,noise,58376.42,Electronics,Debit Card,August,2025,8,28,Thursday
2025-12-04,tneb,4714.6,Bills,Credit Card,December,2025,12,4,Thursday
2025-10-20,oyo,913.11,Travel,Debit Card,October,2025,10,20,Monday
2025-02-07,zee5,563.68,Entertainment,UPI,February,2025,2,7,Friday
2025-02-18,snapdeal,270.87,Online Shopping,Debit Card,February,2025,2,18,Tuesday
2025-03-11,medplus,17250.71,Healthcare,UPI,March,2025,3,11,Tuesday
2025-01-28,h&m,700.27,Clothing,Credit Card,January,2025,1,28,Tuesday
2025-03-01,ajio,2375.37,Online Shopping,Net Banking,March,2025,3,1,Saturday
2025-08-28,booking.com,11073.46,Travel,Net Banking,August,2025,8,28,Thursday
2025-06-03,hp world,130641.94,Electronics,Credit Card,June,2025,6,3,Tuesday
2025-10-29,dmart,1082.14,Grocery,Credit Card,October,2025,10,29,Wednesday
2025-06-12,vistara,16400.96,Travel,UPI,June,2025,6,12,Thursday
2025-09-21,meesho,16655.8,Online Shopping,Credit Card,September,2025,9,21,Sunday
2025-06-19,adidas,6580.2,Clothing,Credit Card,June,2025,6,19,Thursday
2025-06-29,barbeque nation,1042.83,Food,Net Banking,June,2025,6,29,Sunday
2025-06-25,taco bell,447.16,Food,Net Banking,June,2025,6,25,Wednesday
2025-02-20,kauvery,5719.97,Healthcare,Credit Card,February,2025,2,20,Thursday
2025-12-15,vodafone idea,734.93,Bills,Net Banking,December,2025,12,15,Monday
2025-12-02,zara,969.89,Clothing,UPI,December,2025,12,2,Tuesday
2025-12-17,meru cabs,339.07,Transport,UPI,December,2025,12,17,Wednesday
2025-10-27,us polo,3339.07,Clothing,UPI,October,2025,10,27,Monday
2025-01-29,netmeds,1219.45,Healthcare,Net Banking,January,2025,1,29,Wednesday
2025-03-26,snapdeal,1631.42,Online Shopping,Debit Card,March,2025,3,26,Wednesday
2025-11-21,lenskart,15090.88,Online Shopping,Debit Card,November,2025,11,21,Friday
2025-10-02,nykaa,7238.25,Online Shopping,Credit Card,October,2025,10,2,Thursday
2025-07-03,oneplus,95252.63,Electronics,Debit Card,July,2025,7,3,Thursday
2025-09-30,samsung store,107177.99,Electronics,Debit Card,September,2025,9,30,Tuesday
2025-12-09,tata cliq,8958.69,Online Shopping,Net Banking,December,2025,12,9,Tuesday
2025-05-19,reliance digital,93818.37,Electronics,UPI,May,2025,5,19,Monday
2025-11-15,nykaa,6074.51,Online Shopping,Credit Card,November,2025,11,15,Saturday
2025-04-16,medplus,19128.96,Healthcare,Debit Card,April,2025,4,16,Wednesday
2025-01-21,apple store,149925.2,Electronics,Credit Card,January,2025,1,21,Tuesday
2025-07-05,levis,957.82,Clothing,Credit Card,July,2025,7,5,Saturday
2025-08-04,taco bell,1351.1,Food,Credit Card,August,2025,8,4,Monday
2025-04-14,gas agency,3561.9,Bills,Credit Card,April,2025,4,14,Monday
2025-10-20,bmtc,1028.42,Transport,Debit Card,October,2025,10,20,Monday
2025-03-23,allen solly,3924.15,Clothing,Net Banking,March,2025,3,23,Sunday
2025-06-23,netflix,325.21,Entertainment,Net Banking,June,2025,6,23,Monday
2025-12-18,mcdonalds,588.96,Food,Net Banking,December,2025,12,18,Thursday
2025-08-09,apple music,976.93,Entertainment,Credit Card,August,2025,8,9,Saturday
2025-02-19,starbucks,492.37,Food,Credit Card,February,2025,2,19,Wednesday
2025-06-02,h&m,3836.39,Clothing,Credit Card,June,2025,6,2,Monday
2025-06-26,more supermarket,2321.43,Grocery,Credit Card,June,2025,6,26,Thursday
2025-02-27,mcdonalds,583.26,Food,Credit Card,February,2025,2,27,Thursday
2025-11-03,reliance fresh,4686.32,Grocery,Net Banking,November,2025,11,3,Monday
2025-05-14,nilgiris,3052.32,Grocery,Debit Card,May,2025,5,14,Wednesday
2025-03-19,apollo hospital,19035.96,Healthcare,Credit Card,March,2025,3,19,Wednesday
2025-03-10,mcdonalds,1366.39,Food,Credit Card,March,2025,3,10,Monday
2025-08-08,more supermarket,882.49,Grocery,UPI,August,2025,8,8,Friday
2025-10-16,wrogn,7446.55,Clothing,UPI,October,2025,10,16,Thursday
2025-11-02,act fibernet,3020.22,Bills,UPI,November,2025,11,2,Sunday
2025-09-19,tata cliq,13945.5,Online Shopping,Net Banking,September,2025,9,19,Friday
2025-09-02,lenskart,11957.78,Online Shopping,Credit Card,September,2025,9,2,Tuesday
2025-04-09,nilgiris,995.44,Grocery,Credit Card,April,2025,4,9,Wednesday
2025-09-29,saravana bhavan,1002.86,Food,UPI,September,2025,9,29,Monday
2025-01-22,1mg,16694.48,Healthcare,Credit Card,January,2025,1,22,Wednesday
2025-04-24,spotify,440.21,Entertainment,Debit Card,April,2025,4,24,Thursday
2025-03-30,bigbazaar,232.01,Grocery,UPI,March,2025,3,30,Sunday
2025-12-16,cloudnine,5681.19,Healthcare,Credit Card,December,2025,12,16,Tuesday
2025-05-20,apple store,25699.4,Electronics,Debit Card,May,2025,5,20,Tuesday
2025-10-17,ajio,580.37,Online Shopping,Debit Card,October,2025,10,17,Friday
2025-05-10,bmtc,1943.72,Transport,Net Banking,May,2025,5,10,Saturday
2025-12-26,nykaa,16160.79,Online Shopping,Debit Card,December,2025,12,26,Friday
2025-10-09,nike,3339.74,Clothing,Net Banking,October,2025,10,9,Thursday
2025-12-04,woodland,1100.52,Clothing,Debit Card,December,2025,12,4,Thursday
2025-09-04,dmart,598.2,Grocery,Debit Card,September,2025,9,4,Thursday
2025-07-28,meru cabs,1023.11,Transport,Debit Card,July,2025,7,28,Monday
2025-09-23,apple music,998.98,Entertainment,UPI,September,2025,9,23,Tuesday
2025-12-21,dominos,1189.69,Food,Credit Card,December,2025,12,21,Sunday
2025-07-17,amazon prime,340.96,Entertainment,Credit Card,July,2025,7,17,Thursday
2025-01-20,dmart,2223.01,Grocery,Debit Card,January,2025,1,20,Monday
2025-06-12,spencers,2944.36,Grocery,Net Banking,June,2025,6,12,Thursday
2025-03-22,wrogn,4951.88,Clothing,UPI,March,2025,3,22,Saturday
2025-06-16,airasia,10666.77,Travel,Credit Card,June,2025,6,16,Monday
2025-08-29,meru cabs,1859.89,Transport,UPI,August,2025,8,29,Friday
2025-11-21,tata cliq,13112.61,Online Shopping,UPI,November,2025,11,21,Friday
2025-04-27,sonyliv,117.99,Entertainment,Credit Card,April,2025,4,27,Sunday
2025-03-25,dominos,551.37,Food,Debit Card,March,2025,3,25,Tuesday
2025-06-26,medplus,14662.58,Healthcare,Credit Card,June,2025,6,26,Thursday
2025-06-14,act fibernet,1471.15,Bills,Net Banking,June,2025,6,14,Saturday
2025-02-06,medplus,7998.28,Healthcare,Net Banking,February,2025,2,6,Thursday
2025-05-06,bsnl,5487.32,Bills,Debit Card,May,2025,5,6,Tuesday
2025-01-19,hp world,15768.89,Electronics,Debit Card,January,2025,1,19,Sunday
2025-03-12,vodafone idea,1409.02,Bills,Net Banking,March,2025,3,12,Wednesday
2025-02-18,bigbazaar,4946.12,Grocery,Credit Card,February,2025,2,18,Tuesday
2025-08-28,bigbazaar,2206.62,Grocery,Credit Card,August,2025,8,28,Thursday
2025-03-12,pantaloons,1991.31,Clothing,Net Banking,March,2025,3,12,Wednesday
2025-07-17,oyo,29890.62,Travel,Net Banking,July,2025,7,17,Thursday
2025-12-13,netmeds,17195.14,Healthcare,Net Banking,December,2025,12,13,Saturday
2025-01-11,chai point,248.61,Food,Net Banking,January,2025,1,11,Saturday
2025-01-30,levis,2108.21,Clothing,Debit Card,January,2025,1,30,Thursday
2025-11-13,more supermarket,4426.22,Grocery,Debit Card,November,2025,11,13,Thursday
2025-11-17,air india,28581.27,Travel,Debit Card,November,2025,11,17,Monday
2025-01-27,h&m,1657.01,Clothing,Debit Card,January,2025,1,27,Monday
2025-07-07,goibibo,22835.1,Travel,UPI,July,2025,7,7,Monday
2025-03-07,star bazaar,2376.12,Grocery,Net Banking,March,2025,3,7,Friday
2025-09-12,reliance fresh,262.16,Grocery,Debit Card,September,2025,9,12,Friday
2025-05-14,property tax online,1141.44,Bills,Credit Card,May,2025,5,14,Wednesday
2025-09-18,bigbazaar,1857.18,Grocery,Net Banking,September,2025,9,18,Thursday
2025-07-01,taco bell,472.14,Food,Debit Card,July,2025,7,1,Tuesday
2025-03-30,oyo,2118.23,Travel,Debit Card,March,2025,3,30,Sunday
2025-07-03,apple music,650.27,Entertainment,Net Banking,July,2025,7,3,Thursday
2025-07-23,burger king,151.38,Food,Net Banking,July,2025,7,23,Wednesday
2025-06-22,cream stone,486.78,Food,Net Banking,June,2025,6,22,Sunday
2025-05-12,mi store,125898.61,Electronics,Debit Card,May,2025,5,12,Monday
2025-03-15,woodland,4149.53,Clothing,Net Banking,March,2025,3,15,Saturday
2025-12-04,1mg,4490.04,Healthcare,Debit Card,December,2025,12,4,Thursday
2025-05-13,meesho,13488.59,Online Shopping,Credit Card,May,2025,5,13,Tuesday
2025-08-10,hotstar,736.89,Entertainment,UPI,August,2025,8,10,Sunday
2025-05-20,dmart,813.51,Grocery,Debit Card,May,2025,5,20,Tuesday
2025-11-15,mi store,28699.14,Electronics,Debit Card,November,2025,11,15,Saturday
2025-08-10,ola,988.9,Transport,Debit Card,August,2025,8,10,Sunday
2025-11-26,booking.com,586.7,Travel,Credit Card,November,2025,11,26,Wednesday
2025-08-22,cream stone,1415.43,Food,Net Banking,August,2025,8,22,Friday
2025-10-13,vivo store,144280.06,Electronics,Credit Card,October,2025,10,13,Monday
2025-06-25,sonyliv,863.6,Entertainment,Net Banking,June,2025,6,25,Wednesday
2025-07-06,act fibernet,536.37,Bills,Debit Card,July,2025,7,6,Sunday
2025-04-11,adidas,6482.47,Clothing,Credit Card,April,2025,4,11,Friday
2025-08-17,irctc,22739.25,Travel,Debit Card,August,2025,8,17,Sunday
2025-02-19,cloudnine,11376.34,Healthcare,UPI,February,2025,2,19,Wednesday
2025-09-07,wrogn,7499.38,Clothing,Debit Card,September,2025,9,7,Sunday
2025-09-27,indigo,14697.53,Travel,Credit Card,September,2025,9,27,Saturday
2025-05-01,nilgiris,2854.67,Grocery,UPI,May,2025,5,1,Thursday
2025-09-01,ola,1326.03,Transport,Credit Card,September,2025,9,1,Monday
2025-07-31,lenskart,4048.78,Online Shopping,Debit Card,July,2025,7,31,Thursday
2025-10-27,redbus,978.56,Transport,UPI,October,2025,10,27,Monday
2025-07-04,tneb,1002.74,Bills,Debit Card,July,2025,7,4,Friday
2025-08-09,nilgiris,747.14,Grocery,UPI,August,2025,8,9,Saturday
2025-08-29,ola,1847.13,Transport,Credit Card,August,2025,8,29,Friday
2025-04-01,zara,5710.97,Clothing,Credit Card,April,2025,4,1,Tuesday
2025-10-28,vistara,22513.11,Travel,Credit Card,October,2025,10,28,Tuesday
2025-03-17,spencers,1294.27,Grocery,Credit Card,March,2025,3,17,Monday
2025-10-18,cloudnine,6353.91,Healthcare,UPI,October,2025,10,18,Saturday
2025-01-01,dmart,2613.78,Grocery,UPI,January,2025,1,1,Wednesday
2025-01-05,spencers,2997.14,Grocery,Debit Card,January,2025,1,5,Sunday
2025-04-01,chai point,1072.57,Food,Credit Card,April,2025,4,1,Tuesday
2025-11-14,aster,14387.86,Healthcare,Net Banking,November,2025,11,14,Friday
2025-07-01,pizza hut,656.05,Food,Credit Card,July,2025,7,1,Tuesday
2025-02-19,myntra,7852.49,Online Shopping,Net Banking,February,2025,2,19,Wednesday
2025-05-16,zee5,456.41,Entertainment,UPI,May,2025,5,16,Friday
2025-12-14,amazon prime,262.78,Entertainment,Net Banking,December,2025,12,14,Sunday
2025-02-04,tata cliq,13494.75,Online Shopping,Net Banking,February,2025,2,4,Tuesday
2025-07-11,oyo,28842.31,Travel,Net Banking,July,2025,7,11,Friday
2025-08-15,netflix,126.63,Entertainment,Debit Card,August,2025,8,15,Friday
2025-12-09,spotify,936.61,Entertainment,Net Banking,December,2025,12,9,Tuesday
2025-01-26,jiomart,4455.77,Grocery,Credit Card,January,2025,1,26,Sunday
2025-04-13,star bazaar,2046.35,Grocery,Debit Card,April,2025,4,13,Sunday
2025-02-13,vivo store,147469.65,Electronics,Net Banking,February,2025,2,13,Thursday
2025-12-25,meru cabs,676.31,Transport,Credit Card,December,2025,12,25,Thursday
2025-09-26,amazon prime,842.58,Entertainment,Credit Card,September,2025,9,26,Friday
2025-07-04,allen solly,3795.63,Clothing,Net Banking,July,2025,7,4,Friday
2025-12-21,us polo,7985.56,Clothing,Net Banking,December,2025,12,21,Sunday
2025-02-04,a2b,535.26,Food,Net Banking,February,2025,2,4,Tuesday
2025-02-20,croma,80843.83,Electronics,Net Banking,February,2025,2,20,Thursday
2025-12-17,goibibo,14515.11,Travel,Debit Card,December,2025,12,17,Wednesday
2025-11-04,goibibo,28037.63,Travel,UPI,November,2025,11,4,Tuesday
2025-01-19,vodafone idea,1366.02,Bills,UPI,January,2025,1,19,Sunday
2025-06-14,tsrtc,1738.43,Transport,UPI,June,2025,6,14,Saturday
2025-11-01,pharmeasy,10159.57,Healthcare,Debit Card,November,2025,11,1,Saturday
2025-01-07,cream stone,168.65,Food,Credit Card,January,2025,1,7,Tuesday
2025-07-13,cream stone,1373.85,Food,Net Banking,July,2025,7,13,Sunday
2025-03-30,amazon,578.53,Online Shopping,Credit Card,March,2025,3,30,Sunday
2025-12-17,tsrtc,527.93,Transport,Net Banking,December,2025,12,17,Wednesday
2025-08-06,star bazaar,907.48,Grocery,Debit Card,August,2025,8,6,Wednesday
2025-02-19,puma,3638.74,Clothing,Debit Card,February,2025,2,19,Wednesday
2025-12-16,aster,10453.71,Healthcare,UPI,December,2025,12,16,Tuesday
2025-01-19,reliance digital,30001.8,Electronics,Debit Card,January,2025,1,19,Sunday
2025-02-01,reliance digital,70534.23,Electronics,Debit Card,February,2025,2,1,Saturday
2025-06-30,air india,13663.51,Travel,Debit Card,June,2025,6,30,Monday
2025-11-20,noise,142018.76,Electronics,UPI,November,2025,11,20,Thursday
2025-04-29,snapdeal,399.82,Online Shopping,Credit Card,April,2025,4,29,Tuesday
2025-02-10,lenskart,13578.97,Online Shopping,Debit Card,February,2025,2,10,Monday
2025-06-16,hp world,22163.25,Electronics,Debit Card,June,2025,6,16,Monday
2025-07-07,tsrtc,1176.66,Transport,UPI,July,2025,7,7,Monday
2025-06-25,amazon prime,964.75,Entertainment,Net Banking,June,2025,6,25,Wednesday
2025-09-11,kauvery,4536.16,Healthcare,UPI,September,2025,9,11,Thursday
2025-03-21,nature's basket,368.0,Grocery,Debit Card,March,2025,3,21,Friday
2025-01-24,star bazaar,419.66,Grocery,Credit Card,January,2025,1,24,Friday
2025-09-16,fortis,6980.6,Healthcare,Credit Card,September,2025,9,16,Tuesday
2025-06-09,ola,331.08,Transport,UPI,June,2025,6,9,Monday
2025-05-01,bsnl,395.57,Bills,Credit Card,May,2025,5,1,Thursday
2025-09-13,water board,404.24,Bills,Debit Card,September,2025,9,13,Saturday
2025-07-09,zara,1159.83,Clothing,Credit Card,July,2025,7,9,Wednesday
2025-07-04,rapido,1702.6,Transport,Net Banking,July,2025,7,4,Friday
2025-12-15,property tax online,3631.51,Bills,UPI,December,2025,12,15,Monday
2025-06-12,nike,5662.67,Clothing,Net Banking,June,2025,6,12,Thursday
2025-08-29,croma,116676.19,Electronics,Net Banking,August,2025,8,29,Friday
2025-03-06,oneplus,68551.77,Electronics,Debit Card,March,2025,3,6,Thursday
2025-12-29,zara,4945.65,Clothing,Debit Card,December,2025,12,29,Monday
2025-12-14,jiomart,2190.41,Grocery,Debit Card,December,2025,12,14,Sunday
2025-11-05,myntra,12885.4,Online Shopping,Debit Card,November,2025,11,5,Wednesday
2025-10-31,star bazaar,3190.97,Grocery,UPI,October,2025,10,31,Friday
2025-10-22,goibibo,20900.47,Travel,Debit Card,October,2025,10,22,Wednesday
2025-12-19,yulu bikes,736.11,Transport,Debit Card,December,2025,12,19,Friday
2025-01-26,1mg,16924.84,Healthcare,UPI,January,2025,1,26,Sunday
2025-11-03,hotstar,751.75,Entertainment,Debit Card,November,2025,11,3,Monday
2025-04-28,goibibo,2431.6,Travel,Credit Card,April,2025,4,28,Monday
2025-12-27,flipkart,2910.16,Online Shopping,Debit Card,December,2025,12,27,Saturday
2025-07-12,pepperfry,14809.34,Online Shopping,Credit Card,July,2025,7,12,Saturday
2025-07-16,allen solly,2381.78,Clothing,Debit Card,July,2025,7,16,Wednesday
2025-04-19,hotstar,260.02,Entertainment,Credit Card,April,2025,4,19,Saturday
2025-08-07,sony center,11015.43,Electronics,UPI,August,2025,8,7,Thursday
2025-03-02,us polo,1568.12,Clothing,Credit Card,March,2025,3,2,Sunday
2025-08-22,barbeque nation,896.75,Food,Credit Card,August,2025,8,22,Friday
2025-01-15,chai point,174.02,Food,Net Banking,January,2025,1,15,Wednesday
2025-03-14,vistara,1540.11,Travel,UPI,March,2025,3,14,Friday
2025-04-02,bmtc,1822.89,Transport,UPI,April,2025,4,2,Wednesday
2025-05-16,croma,28277.55,Electronics,Credit Card,May,2025,5,16,Friday
2025-10-09,yulu bikes,1482.08,Transport,Net Banking,October,2025,10,9,Thursday
2025-03-26,allen solly,7216.61,Clothing,UPI,March,2025,3,26,Wednesday
2025-12-05,pharmeasy,5709.39,Healthcare,Net Banking,December,2025,12,5,Friday
2025-09-20,water board,703.57,Bills,Debit Card,September,2025,9,20,Saturday
2025-12-15,booking.com,26508.43,Travel,Net Banking,December,2025,12,15,Monday
2025-04-17,1mg,16745.45,Healthcare,Net Banking,April,2025,4,17,Thursday
2025-12-17,subway,1412.27,Food,Credit Card,December,2025,12,17,Wednesday
2025-07-08,tata cliq,13024.38,Online Shopping,Debit Card,July,2025,7,8,Tuesday
2025-01-26,bsnl,4287.43,Bills,Credit Card,January,2025,1,26,Sunday
2025-10-16,mcdonalds,1028.93,Food,Credit Card,October,2025,10,16,Thursday
2025-06-16,cloudnine,230.24,Healthcare,Debit Card,June,2025,6,16,Monday
2025-06-06,property tax online,784.99,Bills,Net Banking,June,2025,6,6,Friday
2025-02-25,adidas,5931.99,Clothing,Debit Card,February,2025,2,25,Tuesday
2025-12-08,more supermarket,1447.51,Grocery,Credit Card,December,2025,12,8,Monday
2025-07-19,youtube premium,307.98,Entertainment,Net Banking,July,2025,7,19,Saturday
2025-02-07,amazon prime,337.93,Entertainment,UPI,February,2025,2,7,Friday
2025-03-07,amazon prime,949.14,Entertainment,Debit Card,March,2025,3,7,Friday
2025-11-12,nykaa,11769.65,Online Shopping,Debit Card,November,2025,11,12,Wednesday
2025-06-19,ccd,278.91,Food,Net Banking,June,2025,6,19,Thursday
2025-01-22,croma,13792.62,Electronics,Net Banking,January,2025,1,22,Wednesday
2025-07-10,tsrtc,211.51,Transport,UPI,July,2025,7,10,Thursday
2025-09-16,oneplus,18560.85,Electronics,Net Banking,September,2025,9,16,Tuesday
2025-06-26,allen solly,7162.07,Clothing,Debit Card,June,2025,6,26,Thursday
2025-08-12,meesho,9797.04,Online Shopping,Debit Card,August,2025,8,12,Tuesday
2025-02-23,netflix,646.95,Entertainment,Debit Card,February,2025,2,23,Sunday
2025-01-09,cream stone,442.92,Food,UPI,January,2025,1,9,Thursday
2025-12-30,barbeque nation,299.86,Food,Credit Card,December,2025,12,30,Tuesday
2025-06-08,myntra,12724.01,Online Shopping,Credit Card,June,2025,6,8,Sunday
2025-02-27,spotify,572.83,Entertainment,Net Banking,February,2025,2,27,Thursday
2025-06-08,reliance fresh,1155.28,Grocery,Net Banking,June,2025,6,8,Sunday
2025-03-31,kfc,604.07,Food,UPI,March,2025,3,31,Monday
2025-08-11,woodland,6592.16,Clothing,Debit Card,August,2025,8,11,Monday
2025-10-16,yatra,28695.94,Travel,Credit Card,October,2025,10,16,Thursday
2025-08-09,rapido,1268.89,Transport,Net Banking,August,2025,8,9,Saturday
2025-02-23,tneb,1786.56,Bills,UPI,February,2025,2,23,Sunday
2025-12-16,water board,2572.85,Bills,UPI,December,2025,12,16,Tuesday
2025-06-11,medplus,16260.21,Healthcare,Net Banking,June,2025,6,11,Wednesday
2025-12-23,zee5,842.75,Entertainment,Credit Card,December,2025,12,23,Tuesday
2025-12-03,pharmeasy,14515.08,Healthcare,UPI,December,2025,12,3,Wednesday
2025-11-01,jio fiber,5893.72,Bills,Net Banking,November,2025,11,1,Saturday
2025-07-16,act fibernet,1730.55,Bills,Net Banking,July,2025,7,16,Wednesday
2025-03-03,biba,5369.6,Clothing,Net Banking,March,2025,3,3,Monday
2025-10-11,flipkart,9020.36,Online Shopping,Debit Card,October,2025,10,11,Saturday
2025-02-12,redbus,1321.89,Transport,Credit Card,February,2025,2,12,Wednesday
2025-09-05,us polo,3739.99,Clothing,Debit Card,September,2025,9,5,Friday
2025-10-07,us polo,2281.63,Clothing,UPI,October,2025,10,7,Tuesday
2025-04-12,aha,448.48,Entertainment,Net Banking,April,2025,4,12,Saturday
2025-11-28,makemytrip,12604.51,Travel,Credit Card,November,2025,11,28,Friday
2025-05-18,spotify,126.07,Entertainment,Debit Card,May,2025,5,18,Sunday
2025-09-11,ajio,4921.65,Online Shopping,Credit Card,September,2025,9,11,Thursday
2025-05-09,saravana bhavan,658.23,Food,Debit Card,May,2025,5,9,Friday
2025-10-28,tata cliq,7908.13,Online Shopping,Debit Card,October,2025,10,28,Tuesday
2025-08-29,jiomart,3931.21,Grocery,Net Banking,August,2025,8,29,Friday
2025-02-25,airtel,4219.15,Bills,Credit Card,February,2025,2,25,Tuesday
2025-09-12,snapdeal,19162.42,Online Shopping,Net Banking,September,2025,9,12,Friday
2025-03-01,zee5,430.58,Entertainment,Debit Card,March,2025,3,1,Saturday
2025-05-12,metro rail,1107.73,Transport,Debit Card,May,2025,5,12,Monday
2025-06-13,dmart,2843.19,Grocery,UPI,June,2025,6,13,Friday
2025-10-22,dell exclusive,116297.96,Electronics,Credit Card,October,2025,10,22,Wednesday
2025-01-05,chai point,461.84,Food,Debit Card,January,2025,1,5,Sunday
2025-02-09,a2b,100.5,Food,Credit Card,February,2025,2,9,Sunday
2025-06-27,us polo,3421.7,Clothing,Net Banking,June,2025,6,27,Friday
2025-11-18,samsung store,44836.97,Electronics,Credit Card,November,2025,11,18,Tuesday
2025-12-05,yatra,20181.76,Travel,UPI,December,2025,12,5,Friday
2025-06-24,boat lifestyle,44754.94,Electronics,UPI,June,2025,6,24,Tuesday
2025-11-23,bsnl,3068.77,Bills,UPI,November,2025,11,23,Sunday
2025-10-29,oneplus,28536.98,Electronics,Debit Card,October,2025,10,29,Wednesday
2025-05-28,indigo,5961.84,Travel,UPI,May,2025,5,28,Wednesday
2025-07-14,vodafone idea,2455.47,Bills,Credit Card,July,2025,7,14,Monday
2025-08-12,vodafone idea,3889.84,Bills,UPI,August,2025,8,12,Tuesday
2025-10-29,uber,1247.59,Transport,UPI,October,2025,10,29,Wednesday
2025-09-01,reliance fresh,3248.17,Grocery,Credit Card,September,2025,9,1,Monday
2025-05-06,kauvery,15192.7,Healthcare,Debit Card,May,2025,5,6,Tuesday
2025-10-29,oneplus,72844.42,Electronics,Net Banking,October,2025,10,29,Wednesday
2025-06-09,adidas,687.83,Clothing,UPI,June,2025,6,9,Monday
2025-10-23,1mg,18168.59,Healthcare,Debit Card,October,2025,10,23,Thursday
2025-10-11,pharmeasy,5007.56,Healthcare,Net Banking,October,2025,10,11,Saturday
2025-08-20,aster,16172.06,Healthcare,Credit Card,August,2025,8,20,Wednesday
2025-03-07,youtube premium,759.69,Entertainment,Credit Card,March,2025,3,7,Friday
2025-05-04,us polo,2557.38,Clothing,UPI,May,2025,5,4,Sunday
2025-11-30,ola,1096.42,Transport,Debit Card,November,2025,11,30,Sunday
2025-01-18,nike,1393.92,Clothing,UPI,January,2025,1,18,Saturday
2025-01-14,ccd,739.2,Food,Credit Card,January,2025,1,14,Tuesday
2025-06-16,vistara,29777.76,Travel,Debit Card,June,2025,6,16,Monday
2025-12-02,paradise biryani,240.32,Food,UPI,December,2025,12,2,Tuesday
2025-10-31,uber,1502.62,Transport,Net Banking,October,2025,10,31,Friday
2025-09-09,reliance fresh,3767.1,Grocery,UPI,September,2025,9,9,Tuesday
2025-04-23,dominos,1395.67,Food,UPI,April,2025,4,23,Wednesday
2025-05-16,us polo,4480.32,Clothing,Credit Card,May,2025,5,16,Friday
2025-05-16,tata cliq,19386.21,Online Shopping,Debit Card,May,2025,5,16,Friday
2025-08-27,puma,2945.49,Clothing,UPI,August,2025,8,27,Wednesday
2025-07-17,makemytrip,18178.72,Travel,Credit Card,July,2025,7,17,Thursday
2025-11-11,wrogn,683.09,Clothing,Credit Card,November,2025,11,11,Tuesday
2025-01-23,myntra,18163.03,Online Shopping,Debit Card,January,2025,1,23,Thursday
2025-08-23,jiomart,2056.02,Grocery,UPI,August,2025,8,23,Saturday
2025-12-11,gas agency,3399.99,Bills,Net Banking,December,2025,12,11,Thursday
2025-12-18,gaana,176.5,Entertainment,Net Banking,December,2025,12,18,Thursday
2025-06-27,uber,1117.73,Transport,Debit Card,June,2025,6,27,Friday
2025-05-07,youtube premium,479.92,Entertainment,Net Banking,May,2025,5,7,Wednesday
2025-02-16,mi store,105261.83,Electronics,Debit Card,February,2025,2,16,Sunday
2025-11-30,ajio,8214.25,Online Shopping,Debit Card,November,2025,11,30,Sunday
2025-11-01,nilgiris,1954.25,Grocery,UPI,November,2025,11,1,Saturday
2025-06-12,dell exclusive,63053.25,Electronics,Credit Card,June,2025,6,12,Thursday
2025-04-12,pepperfry,6852.12,Online Shopping,UPI,April,2025,4,12,Saturday
2025-03-31,subway,863.68,Food,UPI,March,2025,3,31,Monday
2025-05-11,aster,608.02,Healthcare,UPI,May,2025,5,11,Sunday
2025-09-14,paradise biryani,604.6,Food,Credit Card,September,2025,9,14,Sunday
2025-03-23,woodland,3330.64,Clothing,Net Banking,March,2025,3,23,Sunday
2025-01-22,pantaloons,3379.75,Clothing,Credit Card,January,2025,1,22,Wednesday
2025-08-28,hotstar,790.54,Entertainment,Credit Card,August,2025,8,28,Thursday
2025-11-24,wrogn,7382.95,Clothing,Net Banking,November,2025,11,24,Monday
2025-12-13,pizza hut,1469.01,Food,UPI,December,2025,12,13,Saturday
2025-04-20,tsrtc,1816.49,Transport,UPI,April,2025,4,20,Sunday
2025-05-01,levis,7991.31,Clothing,Debit Card,May,2025,5,1,Thursday
2025-04-01,dell exclusive,56506.99,Electronics,UPI,April,2025,4,1,Tuesday
2025-06-23,ccd,888.92,Food,Net Banking,June,2025,6,23,Monday
2025-05-11,apollo pharmacy,6708.6,Healthcare,Credit Card,May,2025,5,11,Sunday
2025-06-05,gas agency,5146.92,Bills,UPI,June,2025,6,5,Thursday
2025-01-28,rapido,713.36,Transport,UPI,January,2025,1,28,Tuesday
2025-07-13,vivo store,37033.08,Electronics,Net Banking,July,2025,7,13,Sunday
2025-06-27,apollo hospital,9092.06,Healthcare,Debit Card,June,2025,6,27,Friday
2025-04-23,oneplus,29618.42,Electronics,Net Banking,April,2025,4,23,Wednesday
2025-02-23,gaana,676.82,Entertainment,UPI,February,2025,2,23,Sunday
2025-04-27,vistara,17807.74,Travel,Net Banking,April,2025,4,27,Sunday
2025-05-14,allen solly,1902.17,Clothing,Debit Card,May,2025,5,14,Wednesday
2025-09-28,cloudnine,11819.82,Healthcare,UPI,September,2025,9,28,Sunday
2025-11-29,airasia,9628.66,Travel,Credit Card,November,2025,11,29,Saturday
2025-07-13,uber,494.4,Transport,Net Banking,July,2025,7,13,Sunday
2025-04-27,metro rail,238.28,Transport,UPI,April,2025,4,27,Sunday
2025-08-28,redbus,1853.34,Transport,Net Banking,August,2025,8,28,Thursday
2025-07-25,ajio,7403.05,Online Shopping,Debit Card,July,2025,7,25,Friday
2025-08-07,taco bell,691.95,Food,Credit Card,August,2025,8,7,Thursday
2025-04-14,makemytrip,13058.86,Travel,Net Banking,April,2025,4,14,Monday
2025-12-21,makemytrip,23818.31,Travel,Credit Card,December,2025,12,21,Sunday
2025-01-10,vodafone idea,1880.81,Bills,UPI,January,2025,1,10,Friday
2025-10-25,aster,16446.67,Healthcare,Net Banking,October,2025,10,25,Saturday
2025-09-14,paradise biryani,1396.27,Food,Debit Card,September,2025,9,14,Sunday
2025-11-18,pepperfry,1882.3,Online Shopping,Debit Card,November,2025,11,18,Tuesday
2025-04-12,more supermarket,2904.76,Grocery,UPI,April,2025,4,12,Saturday
2025-03-08,netflix,99.44,Entertainment,Net Banking,March,2025,3,8,Saturday
2025-06-01,bmtc,419.26,Transport,Credit Card,June,2025,6,1,Sunday
2025-12-09,noise,5251.13,Electronics,Debit Card,December,2025,12,9,Tuesday
2025-03-26,sonyliv,344.37,Entertainment,UPI,March,2025,3,26,Wednesday
2025-12-18,gas agency,404.57,Bills,UPI,December,2025,12,18,Thursday
2025-12-11,amazon,17616.61,Online Shopping,Debit Card,December,2025,12,11,Thursday
2025-02-08,nature's basket,2672.98,Grocery,Net Banking,February,2025,2,8,Saturday
2025-02-23,apollo hospital,17960.18,Healthcare,Net Banking,February,2025,2,23,Sunday
2025-02-06,apple music,982.65,Entertainment,UPI,February,2025,2,6,Thursday
2025-01-04,star bazaar,264.55,Grocery,Debit Card,January,2025,1,4,Saturday
2025-05-05,reliance fresh,963.71,Grocery,Debit Card,May,2025,5,5,Monday
2025-06-05,vivo store,14589.11,Electronics,Credit Card,June,2025,6,5,Thursday
2025-12-18,jio fiber,5003.83,Bills,Credit Card,December,2025,12,18,Thursday
2025-07-19,tneb,2718.54,Bills,Net Banking,July,2025,7,19,Saturday
2025-02-27,bmtc,1068.47,Transport,UPI,February,2025,2,27,Thursday
2025-06-02,hp world,130899.88,Electronics,Net Banking,June,2025,6,2,Monday
2025-03-12,wrogn,3980.46,Clothing,Debit Card,March,2025,3,12,Wednesday
2025-04-26,max fashion,923.83,Clothing,Debit Card,April,2025,4,26,Saturday
2025-03-03,subway,1332.28,Food,UPI,March,2025,3,3,Monday
2025-06-03,netmeds,5071.68,Healthcare,UPI,June,2025,6,3,Tuesday
2025-07-01,youtube premium,293.43,Entertainment,UPI,July,2025,7,1,Tuesday
2025-10-31,ola,81.6,Transport,Credit Card,October,2025,10,31,Friday
2025-01-22,aster,15297.36,Healthcare,Net Banking,January,2025,1,22,Wednesday
2025-12-23,pantaloons,3531.68,Clothing,Net Banking,December,2025,12,23,Tuesday
2025-10-25,h&m,6467.91,Clothing,Net Banking,October,2025,10,25,Saturday
2025-12-09,property tax online,5856.13,Bills,UPI,December,2025,12,9,Tuesday
2025-09-21,dmart,3296.17,Grocery,Net Banking,September,2025,9,21,Sunday
2025-02-25,dmart,674.79,Grocery,Credit Card,February,2025,2,25,Tuesday
2025-12-09,puma,2340.07,Clothing,Credit Card,December,2025,12,9,Tuesday
2025-12-07,property tax online,5676.52,Bills,Net Banking,December,2025,12,7,Sunday
2025-07-25,oneplus,110784.78,Electronics,Credit Card,July,2025,7,25,Friday
2025-11-06,act fibernet,2261.65,Bills,UPI,November,2025,11,6,Thursday
2025-04-25,property tax online,2563.32,Bills,Net Banking,April,2025,4,25,Friday
2025-11-21,spotify,227.98,Entertainment,Debit Card,November,2025,11,21,Friday
2025-07-12,bigbazaar,4344.82,Grocery,Net Banking,July,2025,7,12,Saturday
2025-10-29,gas agency,1204.04,Bills,UPI,October,2025,10,29,Wednesday
2025-10-07,starbucks,1347.39,Food,UPI,October,2025,10,7,Tuesday
2025-11-26,nike,4839.91,Clothing,Credit Card,November,2025,11,26,Wednesday
2025-03-20,a2b,1062.92,Food,UPI,March,2025,3,20,Thursday
2025-08-19,snapdeal,18618.98,Online Shopping,Credit Card,August,2025,8,19,Tuesday
2025-11-17,reliance digital,10147.07,Electronics,Credit Card,November,2025,11,17,Monday
2025-10-11,oneplus,43429.56,Electronics,UPI,October,2025,10,11,Saturday
2025-08-15,oyo,15218.93,Travel,Debit Card,August,2025,8,15,Friday
2025-12-08,star bazaar,2463.46,Grocery,Credit Card,December,2025,12,8,Monday
2025-05-11,asus store,30660.46,Electronics,Debit Card,May,2025,5,11,Sunday
2025-03-09,redbus,460.57,Transport,Net Banking,March,2025,3,9,Sunday
2025-02-22,oyo,22252.71,Travel,Credit Card,February,2025,2,22,Saturday
2025-01-12,vodafone idea,2056.43,Bills,Debit Card,January,2025,1,12,Sunday
2025-03-17,lenskart,14357.43,Online Shopping,Net Banking,March,2025,3,17,Monday
2025-06-13,max fashion,3802.88,Clothing,UPI,June,2025,6,13,Friday
2025-06-28,bmtc,1730.6,Transport,Net Banking,June,2025,6,28,Saturday
2025-10-07,fortis,2923.93,Healthcare,Net Banking,October,2025,10,7,Tuesday
2025-06-06,meesho,4464.79,Online Shopping,UPI,June,2025,6,6,Friday
2025-07-03,mcdonalds,1105.94,Food,UPI,July,2025,7,3,Thursday
2025-10-27,tata cliq,6066.7,Online Shopping,UPI,October,2025,10,27,Monday
2025-02-03,metro rail,989.01,Transport,Credit Card,February,2025,2,3,Monday
2025-05-22,jio fiber,4119.78,Bills,Debit Card,May,2025,5,22,Thursday
2025-07-19,spotify,239.8,Entertainment,Credit Card,July,2025,7,19,Saturday
2025-08-26,aster,15555.39,Healthcare,Credit Card,August,2025,8,26,Tuesday
2025-09-14,airasia,3388.72,Travel,Credit Card,September,2025,9,14,Sunday
2025-01-25,ajio,12133.48,Online Shopping,Debit Card,January,2025,1,25,Saturday
2025-05-08,saravana bhavan,1460.29,Food,UPI,May,2025,5,8,Thursday
2025-08-03,yatra,28640.99,Travel,UPI,August,2025,8,3,Sunday
2025-06-22,spencers,4937.52,Grocery,Debit Card,June,2025,6,22,Sunday
2025-03-07,metro rail,582.02,Transport,UPI,March,2025,3,7,Friday
2025-09-03,max fashion,4793.71,Clothing,Net Banking,September,2025,9,3,Wednesday
2025-09-18,bigbazaar,1549.92,Grocery,UPI,September,2025,9,18,Thursday
2025-12-28,max fashion,6331.51,Clothing,UPI,December,2025,12,28,Sunday
2025-07-22,levis,6652.05,Clothing,UPI,July,2025,7,22,Tuesday
2025-06-04,spencers,1218.05,Grocery,UPI,June,2025,6,4,Wednesday
2025-08-28,property tax online,769.09,Bills,Net Banking,August,2025,8,28,Thursday
2025-05-06,sonyliv,649.84,Entertainment,Credit Card,May,2025,5,6,Tuesday
2025-01-23,a2b,1366.0,Food,Credit Card,January,2025,1,23,Thursday
2025-05-28,dominos,166.55,Food,Net Banking,May,2025,5,28,Wednesday
2025-01-27,rapido,1777.46,Transport,Debit Card,January,2025,1,27,Monday
2025-08-21,dmart,1667.73,Grocery,Debit Card,August,2025,8,21,Thursday
2025-12-14,vodafone idea,560.69,Bills,Debit Card,December,2025,12,14,Sunday
2025-07-02,indigo,14451.75,Travel,Net Banking,July,2025,7,2,Wednesday
2025-12-28,paradise biryani,1241.46,Food,Net Banking,December,2025,12,28,Sunday
2025-05-22,noise,83754.03,Electronics,Credit Card,May,2025,5,22,Thursday
2025-04-18,boat lifestyle,60575.87,Electronics,Net Banking,April,2025,4,18,Friday
2025-04-02,reliance fresh,2591.87,Grocery,UPI,April,2025,4,2,Wednesday
2025-08-14,nature's basket,242.72,Grocery,Credit Card,August,2025,8,14,Thursday
2025-05-01,goibibo,11084.88,Travel,Net Banking,May,2025,5,1,Thursday
2025-12-02,makemytrip,5058.29,Travel,Net Banking,December,2025,12,2,Tuesday
2025-07-10,hotstar,256.25,Entertainment,Credit Card,July,2025,7,10,Thursday
2025-08-06,croma,137398.45,Electronics,Net Banking,August,2025,8,6,Wednesday
2025-02-08,subway,1392.53,Food,Credit Card,February,2025,2,8,Saturday
2025-10-25,wrogn,7419.57,Clothing,Credit Card,October,2025,10,25,Saturday
2025-10-20,property tax online,3108.67,Bills,Debit Card,October,2025,10,20,Monday
2025-03-10,rapido,478.45,Transport,Debit Card,March,2025,3,10,Monday
2025-05-27,jiomart,2410.58,Grocery,Debit Card,May,2025,5,27,Tuesday
2025-04-15,taco bell,581.29,Food,Credit Card,April,2025,4,15,Tuesday
2025-11-23,redbus,855.69,Transport,Credit Card,November,2025,11,23,Sunday
2025-11-05,water board,5439.65,Bills,Debit Card,November,2025,11,5,Wednesday
2025-08-03,hp world,135969.59,Electronics,UPI,August,2025,8,3,Sunday
2025-09-28,vistara,15743.04,Travel,Credit Card,September,2025,9,28,Sunday
2025-03-04,chai point,1488.0,Food,Debit Card,March,2025,3,4,Tuesday
2025-12-10,vodafone idea,1713.09,Bills,Net Banking,December,2025,12,10,Wednesday
2025-10-29,bigbazaar,561.33,Grocery,UPI,October,2025,10,29,Wednesday
2025-01-11,vistara,11898.44,Travel,Net Banking,January,2025,1,11,Saturday
2025-06-03,aster,19186.83,Healthcare,Credit Card,June,2025,6,3,Tuesday
2025-12-22,levis,7008.66,Clothing,Net Banking,December,2025,12,22,Monday
2025-01-18,a2b,444.21,Food,UPI,January,2025,1,18,Saturday
2025-10-22,medplus,9034.01,Healthcare,Net Banking,October,2025,10,22,Wednesday
2025-08-11,ccd,886.04,Food,Credit Card,August,2025,8,11,Monday
2025-07-31,apple store,50968.02,Electronics,Debit Card,July,2025,7,31,Thursday
2025-03-21,air india,21757.23,Travel,Debit Card,March,2025,3,21,Friday
2025-01-17,zara,5008.45,Clothing,Debit Card,January,2025,1,17,Friday
2025-02-06,air india,16556.96,Travel,UPI,February,2025,2,6,Thursday
2025-08-06,bsnl,4915.99,Bills,UPI,August,2025,8,6,Wednesday
2025-11-23,cream stone,767.84,Food,Debit Card,November,2025,11,23,Sunday
2025-07-31,dell exclusive,16926.32,Electronics,Net Banking,July,2025,7,31,Thursday
2025-07-17,netmeds,17321.49,Healthcare,Debit Card,July,2025,7,17,Thursday
2025-01-18,rapido,401.36,Transport,Net Banking,January,2025,1,18,Saturday
2025-06-28,property tax online,5097.82,Bills,UPI,June,2025,6,28,Saturday
2025-07-21,irctc,22484.89,Travel,Net Banking,July,2025,7,21,Monday
2025-11-27,us polo,1486.41,Clothing,UPI,November,2025,11,27,Thursday
2025-08-10,croma,27810.14,Electronics,UPI,August,2025,8,10,Sunday
2025-01-12,ola,649.03,Transport,Net Banking,January,2025,1,12,Sunday
2025-05-26,nilgiris,276.76,Grocery,Debit Card,May,2025,5,26,Monday
2025-05-10,irctc,27088.5,Travel,Debit Card,May,2025,5,10,Saturday
2025-12-30,paradise biryani,475.19,Food,Credit Card,December,2025,12,30,Tuesday
2025-06-09,barbeque nation,791.01,Food,Credit Card,June,2025,6,9,Monday
2025-01-10,reliance fresh,2479.44,Grocery,Net Banking,January,2025,1,10,Friday
2025-05-05,ajio,12800.73,Online Shopping,Credit Card,May,2025,5,5,Monday
2025-05-05,noise,5051.77,Electronics,Debit Card,May,2025,5,5,Monday
2025-04-16,amazon prime,198.75,Entertainment,Net Banking,April,2025,4,16,Wednesday
2025-01-29,spencers,4530.78,Grocery,Debit Card,January,2025,1,29,Wednesday
2025-07-24,ccd,719.08,Food,UPI,July,2025,7,24,Thursday
2025-05-22,oyo,26258.19,Travel,Credit Card,May,2025,5,22,Thursday
2025-04-17,medplus,19853.17,Healthcare,Debit Card,April,2025,4,17,Thursday
2025-05-01,woodland,5344.42,Clothing,Credit Card,May,2025,5,1,Thursday
2025-03-12,lenskart,18769.15,Online Shopping,Credit Card,March,2025,3,12,Wednesday
2025-09-28,amazon prime,880.69,Entertainment,Credit Card,September,2025,9,28,Sunday
2025-01-02,dmart,3005.39,Grocery,Net Banking,January,2025,1,2,Thursday
2025-09-03,tata cliq,7017.43,Online Shopping,Debit Card,September,2025,9,3,Wednesday
2025-09-22,meru cabs,1834.71,Transport,UPI,September,2025,9,22,Monday
2025-07-07,sony center,70551.62,Electronics,Net Banking,July,2025,7,7,Monday
2025-08-30,woodland,3887.13,Clothing,Net Banking,August,2025,8,30,Saturday
2025-03-26,reliance digital,44045.88,Electronics,Credit Card,March,2025,3,26,Wednesday
2025-05-15,goibibo,9254.14,Travel,UPI,May,2025,5,15,Thursday
2025-11-17,oyo,5172.31,Travel,Debit Card,November,2025,11,17,Monday
2025-08-05,metro rail,74.37,Transport,Credit Card,August,2025,8,5,Tuesday
2025-06-02,noise,79845.29,Electronics,UPI,June,2025,6,2,Monday
2025-06-06,star bazaar,1987.32,Grocery,UPI,June,2025,6,6,Friday
2025-03-14,zara,1339.23,Clothing,Credit Card,March,2025,3,14,Friday
2025-01-07,yulu bikes,125.12,Transport,Credit Card,January,2025,1,7,Tuesday
2025-07-16,apple store,144071.63,Electronics,Debit Card,July,2025,7,16,Wednesday
2025-09-06,croma,102084.89,Electronics,Net Banking,September,2025,9,6,Saturday
2025-09-22,puma,3139.51,Clothing,UPI,September,2025,9,22,Monday
2025-06-24,oneplus,94527.81,Electronics,Net Banking,June,2025,6,24,Tuesday
2025-01-24,tneb,946.49,Bills,Net Banking,January,2025,1,24,Friday
2025-02-05,spotify,773.52,Entertainment,UPI,February,2025,2,5,Wednesday
2025-01-16,star bazaar,3028.9,Grocery,Net Banking,January,2025,1,16,Thursday
2025-09-18,water board,3593.83,Bills,Debit Card,September,2025,9,18,Thursday
2025-02-05,spencers,3307.49,Grocery,UPI,February,2025,2,5,Wednesday
2025-11-26,ccd,1154.09,Food,Net Banking,November,2025,11,26,Wednesday
2025-05-16,burger king,728.11,Food,Credit Card,May,2025,5,16,Friday
2025-05-11,cloudnine,14416.26,Healthcare,Debit Card,May,2025,5,11,Sunday
2025-12-31,oneplus,92539.39,Electronics,Net Banking,December,2025,12,31,Wednesday
2025-12-10,nykaa,19138.31,Online Shopping,Debit Card,December,2025,12,10,Wednesday
2025-03-07,apollo hospital,19171.26,Healthcare,UPI,March,2025,3,7,Friday
2025-04-11,kfc,1186.64,Food,Debit Card,April,2025,4,11,Friday
2025-04-18,fortis,14521.31,Healthcare,UPI,April,2025,4,18,Friday
2025-04-11,adidas,5316.1,Clothing,Net Banking,April,2025,4,11,Friday
2025-05-13,dell exclusive,93854.85,Electronics,Net Banking,May,2025,5,13,Tuesday
2025-12-07,snapdeal,10112.47,Online Shopping,Net Banking,December,2025,12,7,Sunday
2025-07-03,cream stone,150.46,Food,Net Banking,July,2025,7,3,Thursday
2025-07-13,mi store,9900.85,Electronics,Net Banking,July,2025,7,13,Sunday
2025-11-17,indigo,21171.58,Travel,UPI,November,2025,11,17,Monday
2025-01-14,act fibernet,938.83,Bills,Credit Card,January,2025,1,14,Tuesday
2025-08-20,irctc,6788.85,Travel,Net Banking,August,2025,8,20,Wednesday
2025-05-24,dmart,4290.64,Grocery,Debit Card,May,2025,5,24,Saturday
2025-01-17,tneb,4550.61,Bills,Credit Card,January,2025,1,17,Friday
2025-06-13,property tax online,3866.92,Bills,Net Banking,June,2025,6,13,Friday
2025-08-08,allen solly,2092.53,Clothing,Debit Card,August,2025,8,8,Friday
2025-04-22,noise,29492.37,Electronics,Credit Card,April,2025,4,22,Tuesday
2025-09-13,amazon,12278.1,Online Shopping,UPI,September,2025,9,13,Saturday
2025-09-18,air india,12883.14,Travel,Credit Card,September,2025,9,18,Thursday
2025-04-29,youtube premium,950.86,Entertainment,UPI,April,2025,4,29,Tuesday
2025-01-25,irctc,5858.15,Travel,Net Banking,January,2025,1,25,Saturday
2025-05-09,airtel,4626.98,Bills,Debit Card,May,2025,5,9,Friday
2025-08-14,airtel,2641.59,Bills,Net Banking,August,2025,8,14,Thursday
2025-03-04,meru cabs,602.24,Transport,Debit Card,March,2025,3,4,Tuesday
2025-10-28,ola,1357.91,Transport,Net Banking,October,2025,10,28,Tuesday
2025-12-05,youtube premium,916.74,Entertainment,Credit Card,December,2025,12,5,Friday
2025-11-25,allen solly,5521.72,Clothing,UPI,November,2025,11,25,Tuesday
2025-03-04,myntra,1787.01,Online Shopping,UPI,March,2025,3,4,Tuesday
2025-02-21,apple music,635.98,Entertainment,Net Banking,February,2025,2,21,Friday
2025-10-01,dmart,1487.51,Grocery,Debit Card,October,2025,10,1,Wednesday
2025-11-11,starbucks,519.46,Food,Debit Card,November,2025,11,11,Tuesday
2025-12-31,chai point,457.49,Food,Debit Card,December,2025,12,31,Wednesday
2025-11-19,act fibernet,2993.98,Bills,Credit Card,November,2025,11,19,Wednesday
2025-07-22,meesho,6781.56,Online Shopping,Net Banking,July,2025,7,22,Tuesday
2025-10-30,rapido,1862.9,Transport,Credit Card,October,2025,10,30,Thursday
2025-06-14,property tax online,2975.76,Bills,Debit Card,June,2025,6,14,Saturday
2025-06-19,gas agency,4867.79,Bills,UPI,June,2025,6,19,Thursday
2025-02-14,hotstar,812.11,Entertainment,UPI,February,2025,2,14,Friday
2025-07-02,hp world,126421.06,Electronics,Debit Card,July,2025,7,2,Wednesday
2025-07-20,booking.com,21714.2,Travel,Credit Card,July,2025,7,20,Sunday
2025-08-25,apollo hospital,14166.66,Healthcare,Credit Card,August,2025,8,25,Monday
2025-03-19,apollo pharmacy,17889.69,Healthcare,UPI,March,2025,3,19,Wednesday
2025-05-14,woodland,7646.12,Clothing,UPI,May,2025,5,14,Wednesday
2025-03-15,yulu bikes,1328.05,Transport,Credit Card,March,2025,3,15,Saturday
2025-04-27,hotstar,800.87,Entertainment,Credit Card,April,2025,4,27,Sunday
2025-12-19,woodland,591.33,Clothing,UPI,December,2025,12,19,Friday
2025-06-22,water board,4557.25,Bills,Credit Card,June,2025,6,22,Sunday
2025-08-22,cloudnine,8986.21,Healthcare,UPI,August,2025,8,22,Friday
2025-09-30,bigbazaar,4187.76,Grocery,Credit Card,September,2025,9,30,Tuesday
2025-11-02,boat lifestyle,138750.17,Electronics,Debit Card,November,2025,11,2,Sunday
2025-12-29,noise,121441.21,Electronics,Net Banking,December,2025,12,29,Monday
2025-07-21,oneplus,86790.29,Electronics,Debit Card,July,2025,7,21,Monday
2025-07-23,meru cabs,379.57,Transport,Net Banking,July,2025,7,23,Wednesday
2025-12-15,tneb,903.8,Bills,Net Banking,December,2025,12,15,Monday
2025-01-24,asus store,79698.14,Electronics,Net Banking,January,2025,1,24,Friday
2025-06-09,fortis,17412.21,Healthcare,Net Banking,June,2025,6,9,Monday
2025-12-19,yulu bikes,1370.47,Transport,UPI,December,2025,12,19,Friday
2025-07-15,us polo,5186.54,Clothing,Net Banking,July,2025,7,15,Tuesday
2025-12-26,bmtc,1334.25,Transport,Net Banking,December,2025,12,26,Friday
2025-03-01,netmeds,7703.86,Healthcare,Net Banking,March,2025,3,1,Saturday
2025-09-10,netflix,176.31,Entertainment,Debit Card,September,2025,9,10,Wednesday
2025-01-11,jio fiber,4175.51,Bills,UPI,January,2025,1,11,Saturday
2025-01-24,spencers,3226.9,Grocery,Debit Card,January,2025,1,24,Friday
2025-11-13,biba,3577.56,Clothing,Debit Card,November,2025,11,13,Thursday
2025-10-14,property tax online,5052.83,Bills,Debit Card,October,2025,10,14,Tuesday
2025-10-23,act fibernet,558.76,Bills,Debit Card,October,2025,10,23,Thursday
2025-10-06,puma,2291.3,Clothing,UPI,October,2025,10,6,Monday
2025-12-28,redbus,736.24,Transport,Net Banking,December,2025,12,28,Sunday
2025-05-19,starbucks,911.9,Food,Debit Card,May,2025,5,19,Monday
2025-08-15,flipkart,6605.3,Online Shopping,Credit Card,August,2025,8,15,Friday
2025-09-23,saravana bhavan,450.05,Food,Net Banking,September,2025,9,23,Tuesday
2025-05-29,booking.com,26577.89,Travel,Debit Card,May,2025,5,29,Thursday
2025-05-03,nykaa,8368.84,Online Shopping,Net Banking,May,2025,5,3,Saturday
2025-11-18,apollo hospital,8795.87,Healthcare,Credit Card,November,2025,11,18,Tuesday
2025-03-22,us polo,4198.96,Clothing,Credit Card,March,2025,3,22,Saturday
2025-09-21,netflix,617.71,Entertainment,Debit Card,September,2025,9,21,Sunday
2025-06-23,lenskart,8136.23,Online Shopping,Debit Card,June,2025,6,23,Monday
2025-04-16,vodafone idea,4982.06,Bills,Credit Card,April,2025,4,16,Wednesday
2025-07-11,subway,131.78,Food,UPI,July,2025,7,11,Friday
2025-04-26,meru cabs,87.44,Transport,Net Banking,April,2025,4,26,Saturday
2025-10-26,spencers,4080.83,Grocery,Credit Card,October,2025,10,26,Sunday
2025-12-30,asus store,29429.76,Electronics,UPI,December,2025,12,30,Tuesday
2025-01-05,1mg,8486.73,Healthcare,Credit Card,January,2025,1,5,Sunday
2025-10-19,bmtc,1545.39,Transport,Net Banking,October,2025,10,19,Sunday
2025-09-11,uber,883.23,Transport,Debit Card,September,2025,9,11,Thursday
2025-05-16,sony center,18955.81,Electronics,Net Banking,May,2025,5,16,Friday
2025-02-05,adidas,4092.11,Clothing,Debit Card,February,2025,2,5,Wednesday
2025-07-18,tata cliq,9198.23,Online Shopping,Credit Card,July,2025,7,18,Friday
2025-01-01,tneb,3430.73,Bills,Credit Card,January,2025,1,1,Wednesday
2025-07-26,air india,22231.53,Travel,UPI,July,2025,7,26,Saturday
2025-05-12,amazon,16121.32,Online Shopping,Net Banking,May,2025,5,12,Monday
2025-08-26,nature's basket,1522.8,Grocery,Debit Card,August,2025,8,26,Tuesday
2025-04-04,barbeque nation,399.31,Food,UPI,April,2025,4,4,Friday
2025-09-28,netmeds,3255.16,Healthcare,Debit Card,September,2025,9,28,Sunday
2025-06-10,max fashion,5048.6,Clothing,Net Banking,June,2025,6,10,Tuesday
2025-01-05,burger king,250.72,Food,UPI,January,2025,1,5,Sunday
2025-03-16,airasia,22608.88,Travel,Net Banking,March,2025,3,16,Sunday
2025-01-16,taco bell,417.71,Food,Debit Card,January,2025,1,16,Thursday
2025-09-21,bmtc,665.42,Transport,UPI,September,2025,9,21,Sunday
2025-01-02,lenskart,5764.96,Online Shopping,UPI,January,2025,1,2,Thursday
2025-12-05,netflix,614.75,Entertainment,UPI,December,2025,12,5,Friday
2025-01-13,jio fiber,1614.14,Bills,Net Banking,January,2025,1,13,Monday
2025-01-14,asus store,64262.79,Electronics,Debit Card,January,2025,1,14,Tuesday
2025-08-08,uber,1314.2,Transport,Debit Card,August,2025,8,8,Friday
2025-06-26,apple music,663.07,Entertainment,Debit Card,June,2025,6,26,Thursday
2025-01-07,spotify,198.5,Entertainment,Debit Card,January,2025,1,7,Tuesday
2025-07-02,air india,19334.56,Travel,Debit Card,July,2025,7,2,Wednesday
2025-02-21,nature's basket,3885.4,Grocery,Debit Card,February,2025,2,21,Friday
2025-11-08,gas agency,358.14,Bills,Net Banking,November,2025,11,8,Saturday
2025-10-11,sonyliv,495.23,Entertainment,UPI,October,2025,10,11,Saturday
2025-07-29,zara,6321.93,Clothing,UPI,July,2025,7,29,Tuesday
2025-11-02,netmeds,8642.98,Healthcare,UPI,November,2025,11,2,Sunday
2025-08-25,bsnl,5372.21,Bills,Credit Card,August,2025,8,25,Monday
2025-06-02,aha,152.7,Entertainment,Debit Card,June,2025,6,2,Monday
2025-10-25,yatra,26225.92,Travel,Credit Card,October,2025,10,25,Saturday
2025-06-14,kauvery,10528.04,Healthcare,Debit Card,June,2025,6,14,Saturday
2025-08-30,ajio,3276.5,Online Shopping,Credit Card,August,2025,8,30,Saturday
2025-07-17,yatra,24172.14,Travel,Credit Card,July,2025,7,17,Thursday
2025-02-16,myntra,9201.83,Online Shopping,Credit Card,February,2025,2,16,Sunday
2025-08-03,subway,720.76,Food,Net Banking,August,2025,8,3,Sunday
2025-06-20,indigo,21434.61,Travel,Debit Card,June,2025,6,20,Friday
2025-09-23,hotstar,272.22,Entertainment,Credit Card,September,2025,9,23,Tuesday
2025-01-22,amazon prime,717.9,Entertainment,Credit Card,January,2025,1,22,Wednesday
2025-07-13,bigbazaar,2723.88,Grocery,Credit Card,July,2025,7,13,Sunday
2025-04-14,pantaloons,2666.09,Clothing,Debit Card,April,2025,4,14,Monday
2025-12-22,subway,1405.12,Food,Credit Card,December,2025,12,22,Monday
2025-09-30,yulu bikes,236.77,Transport,Credit Card,September,2025,9,30,Tuesday
2025-10-13,yulu bikes,603.78,Transport,Credit Card,October,2025,10,13,Monday
2025-08-29,rapido,1940.48,Transport,UPI,August,2025,8,29,Friday
2025-07-28,bigbazaar,222.48,Grocery,Debit Card,July,2025,7,28,Monday
2025-01-04,subway,603.38,Food,UPI,January,2025,1,4,Saturday
2025-04-19,croma,148113.75,Electronics,Debit Card,April,2025,4,19,Saturday
2025-02-19,allen solly,7913.89,Clothing,Debit Card,February,2025,2,19,Wednesday
2025-10-25,flipkart,16816.51,Online Shopping,UPI,October,2025,10,25,Saturday
2025-11-24,subway,472.83,Food,Debit Card,November,2025,11,24,Monday
2025-06-06,jio fiber,3376.56,Bills,Credit Card,June,2025,6,6,Friday
2025-01-02,pantaloons,3911.64,Clothing,Credit Card,January,2025,1,2,Thursday
2025-12-22,zara,2511.12,Clothing,Debit Card,December,2025,12,22,Monday
2025-04-29,oyo,22066.8,Travel,Debit Card,April,2025,4,29,Tuesday
2025-09-14,cream stone,1141.01,Food,Debit Card,September,2025,9,14,Sunday
2025-08-08,bsnl,3039.44,Bills,Debit Card,August,2025,8,8,Friday
2025-09-28,pizza hut,940.41,Food,Net Banking,September,2025,9,28,Sunday
2025-01-29,pantaloons,2657.47,Clothing,Debit Card,January,2025,1,29,Wednesday
2025-06-24,netmeds,16586.35,Healthcare,Credit Card,June,2025,6,24,Tuesday
2025-09-27,meesho,5700.11,Online Shopping,Net Banking,September,2025,9,27,Saturday
2025-10-07,apollo hospital,7435.35,Healthcare,UPI,October,2025,10,7,Tuesday
2025-08-31,boat lifestyle,20234.55,Electronics,UPI,August,2025,8,31,Sunday
2025-12-22,youtube premium,107.6,Entertainment,Net Banking,December,2025,12,22,Monday
2025-10-13,cream stone,717.38,Food,Net Banking,October,2025,10,13,Monday
2025-06-22,bigbazaar,3864.47,Grocery,Credit Card,June,2025,6,22,Sunday
2025-02-08,dell exclusive,31533.94,Electronics,Debit Card,February,2025,2,8,Saturday
2025-10-19,apple music,131.87,Entertainment,UPI,October,2025,10,19,Sunday
2025-10-15,mi store,135981.42,Electronics,Net Banking,October,2025,10,15,Wednesday
2025-02-05,burger king,380.35,Food,UPI,February,2025,2,5,Wednesday
2025-09-26,woodland,5696.22,Clothing,Net Banking,September,2025,9,26,Friday
2025-09-16,zee5,749.57,Entertainment,Credit Card,September,2025,9,16,Tuesday
2025-11-23,tneb,432.5,Bills,Debit Card,November,2025,11,23,Sunday
2025-05-05,indigo,7358.45,Travel,Debit Card,May,2025,5,5,Monday
2025-04-29,airasia,13433.27,Travel,Credit Card,April,2025,4,29,Tuesday
2025-09-12,fortis,6269.66,Healthcare,Credit Card,September,2025,9,12,Friday
2025-06-08,myntra,2305.91,Online Shopping,Credit Card,June,2025,6,8,Sunday
2025-01-27,starbucks,429.92,Food,Credit Card,January,2025,1,27,Monday
2025-02-26,kauvery,3852.04,Healthcare,Debit Card,February,2025,2,26,Wednesday
2025-10-14,noise,109598.04,Electronics,Credit Card,October,2025,10,14,Tuesday
2025-11-25,kfc,1343.19,Food,Credit Card,November,2025,11,25,Tuesday
2025-08-08,snapdeal,19066.67,Online Shopping,Credit Card,August,2025,8,8,Friday
2025-06-18,samsung store,84176.23,Electronics,UPI,June,2025,6,18,Wednesday
2025-10-22,levis,2948.84,Clothing,Net Banking,October,2025,10,22,Wednesday
2025-11-15,youtube premium,173.75,Entertainment,Net Banking,November,2025,11,15,Saturday
2025-03-26,puma,3893.43,Clothing,Debit Card,March,2025,3,26,Wednesday
2025-09-19,flipkart,7438.84,Online Shopping,UPI,September,2025,9,19,Friday
2025-02-04,woodland,2692.12,Clothing,Debit Card,February,2025,2,4,Tuesday
2025-07-03,reliance fresh,3341.18,Grocery,UPI,July,2025,7,3,Thursday
2025-02-10,nilgiris,4543.73,Grocery,Credit Card,February,2025,2,10,Monday
2025-02-06,paradise biryani,601.51,Food,Credit Card,February,2025,2,6,Thursday
2025-04-26,aster,6560.89,Healthcare,Debit Card,April,2025,4,26,Saturday
2025-11-15,zee5,437.88,Entertainment,Net Banking,November,2025,11,15,Saturday
2025-12-03,vodafone idea,5962.32,Bills,Debit Card,December,2025,12,3,Wednesday
2025-10-04,ajio,8552.37,Online Shopping,UPI,October,2025,10,4,Saturday
2025-01-17,mi store,21677.29,Electronics,Debit Card,January,2025,1,17,Friday
2025-10-11,jio fiber,2014.05,Bills,Net Banking,October,2025,10,11,Saturday
2025-02-22,tsrtc,897.95,Transport,UPI,February,2025,2,22,Saturday
2025-02-23,apple music,241.94,Entertainment,Net Banking,February,2025,2,23,Sunday
2025-01-05,myntra,15790.2,Online Shopping,Net Banking,January,2025,1,5,Sunday
2025-07-30,reliance fresh,4460.8,Grocery,Credit Card,July,2025,7,30,Wednesday
2025-07-23,nilgiris,1478.7,Grocery,Credit Card,July,2025,7,23,Wednesday
2025-07-19,paradise biryani,1414.48,Food,UPI,July,2025,7,19,Saturday
2025-10-19,lenskart,10691.39,Online Shopping,Net Banking,October,2025,10,19,Sunday
2025-10-15,tneb,2554.16,Bills,Debit Card,October,2025,10,15,Wednesday
2025-06-23,zee5,415.54,Entertainment,Net Banking,June,2025,6,23,Monday
2025-04-20,more supermarket,1418.76,Grocery,Credit Card,April,2025,4,20,Sunday
2025-08-31,gaana,286.31,Entertainment,Credit Card,August,2025,8,31,Sunday
2025-02-25,apple music,634.76,Entertainment,Credit Card,February,2025,2,25,Tuesday
2025-06-17,mi store,58363.45,Electronics,Credit Card,June,2025,6,17,Tuesday
2025-09-02,jiomart,3667.02,Grocery,Debit Card,September,2025,9,2,Tuesday
2025-07-14,goibibo,23483.65,Travel,Net Banking,July,2025,7,14,Monday
2025-09-20,paradise biryani,1229.64,Food,UPI,September,2025,9,20,Saturday
2025-02-08,myntra,14395.95,Online Shopping,Credit Card,February,2025,2,8,Saturday
2025-12-23,hp world,147742.75,Electronics,UPI,December,2025,12,23,Tuesday
2025-02-24,uber,541.69,Transport,UPI,February,2025,2,24,Monday
2025-03-30,starbucks,229.29,Food,Credit Card,March,2025,3,30,Sunday
2025-10-24,vodafone idea,968.04,Bills,Credit Card,October,2025,10,24,Friday
2025-04-15,reliance digital,114392.15,Electronics,Net Banking,April,2025,4,15,Tuesday
2025-12-05,medplus,1267.93,Healthcare,Credit Card,December,2025,12,5,Friday
2025-09-26,saravana bhavan,256.89,Food,Net Banking,September,2025,9,26,Friday
2025-09-20,jiomart,227.03,Grocery,Net Banking,September,2025,9,20,Saturday
2025-02-09,hotstar,182.89,Entertainment,Credit Card,February,2025,2,9,Sunday
2025-04-07,tneb,4129.39,Bills,UPI,April,2025,4,7,Monday
2025-03-13,goibibo,5145.97,Travel,Net Banking,March,2025,3,13,Thursday
2025-07-01,puma,3961.59,Clothing,UPI,July,2025,7,1,Tuesday
2025-10-28,aha,879.1,Entertainment,Debit Card,October,2025,10,28,Tuesday
2025-12-26,apollo hospital,9301.88,Healthcare,UPI,December,2025,12,26,Friday
2025-02-02,bigbazaar,1177.09,Grocery,UPI,February,2025,2,2,Sunday
2025-01-30,bigbazaar,2707.04,Grocery,Net Banking,January,2025,1,30,Thursday
2025-04-20,air india,23200.21,Travel,Credit Card,April,2025,4,20,Sunday
2025-05-29,meesho,4963.36,Online Shopping,Net Banking,May,2025,5,29,Thursday
2025-03-06,property tax online,5395.3,Bills,Debit Card,March,2025,3,6,Thursday
2025-07-15,paradise biryani,398.32,Food,Debit Card,July,2025,7,15,Tuesday
2025-12-13,dmart,1929.77,Grocery,Net Banking,December,2025,12,13,Saturday
2025-07-13,medplus,17594.3,Healthcare,Credit Card,July,2025,7,13,Sunday
2025-10-25,chai point,478.5,Food,Debit Card,October,2025,10,25,Saturday
2025-06-28,nykaa,15605.72,Online Shopping,Debit Card,June,2025,6,28,Saturday
2025-07-01,boat lifestyle,94778.38,Electronics,Net Banking,July,2025,7,1,Tuesday
2025-10-26,yulu bikes,1805.67,Transport,Debit Card,October,2025,10,26,Sunday
2025-11-07,pantaloons,1345.01,Clothing,Debit Card,November,2025,11,7,Friday
2025-12-11,jiomart,4115.73,Grocery,UPI,December,2025,12,11,Thursday
2025-09-23,croma,111508.11,Electronics,Net Banking,September,2025,9,23,Tuesday
2025-08-31,fortis,926.03,Healthcare,Net Banking,August,2025,8,31,Sunday
2025-12-12,pharmeasy,13588.9,Healthcare,Credit Card,December,2025,12,12,Friday
2025-12-31,apple music,984.95,Entertainment,UPI,December,2025,12,31,Wednesday
2025-09-20,1mg,8383.71,Healthcare,Debit Card,September,2025,9,20,Saturday
2025-07-12,nike,6398.3,Clothing,Net Banking,July,2025,7,12,Saturday
2025-10-04,jiomart,2194.65,Grocery,Debit Card,October,2025,10,4,Saturday
2025-03-02,pizza hut,1026.85,Food,Net Banking,March,2025,3,2,Sunday
2025-03-01,oneplus,10205.6,Electronics,Net Banking,March,2025,3,1,Saturday
2025-02-01,bsnl,1447.57,Bills,Net Banking,February,2025,2,1,Saturday
2025-05-15,myntra,7940.13,Online Shopping,Net Banking,May,2025,5,15,Thursday
2025-09-19,bigbazaar,1650.73,Grocery,Credit Card,September,2025,9,19,Friday
2025-08-05,vistara,8145.56,Travel,Debit Card,August,2025,8,5,Tuesday
2025-05-02,tneb,2097.66,Bills,Debit Card,May,2025,5,2,Friday
2025-02-11,spencers,3691.33,Grocery,UPI,February,2025,2,11,Tuesday
2025-09-13,apollo hospital,7570.81,Healthcare,UPI,September,2025,9,13,Saturday
2025-03-29,water board,3065.66,Bills,Net Banking,March,2025,3,29,Saturday
2025-10-14,aha,545.36,Entertainment,Credit Card,October,2025,10,14,Tuesday
2025-08-04,irctc,11994.56,Travel,Debit Card,August,2025,8,4,Monday
2025-02-05,medplus,12978.68,Healthcare,Net Banking,February,2025,2,5,Wednesday
2025-03-16,zara,2533.35,Clothing,UPI,March,2025,3,16,Sunday
2025-10-15,snapdeal,7087.24,Online Shopping,UPI,October,2025,10,15,Wednesday
2025-10-12,paradise biryani,271.57,Food,UPI,October,2025,10,12,Sunday
2025-12-07,vistara,29022.21,Travel,UPI,December,2025,12,7,Sunday
2025-01-21,woodland,4335.83,Clothing,Debit Card,January,2025,1,21,Tuesday
2025-03-16,nykaa,5140.13,Online Shopping,Debit Card,March,2025,3,16,Sunday
2025-02-11,hp world,86466.42,Electronics,Debit Card,February,2025,2,11,Tuesday
2025-07-29,nike,5381.05,Clothing,Net Banking,July,2025,7,29,Tuesday
2025-08-10,apple music,179.49,Entertainment,Debit Card,August,2025,8,10,Sunday
2025-05-31,water board,1788.91,Bills,Credit Card,May,2025,5,31,Saturday
2025-04-10,starbucks,596.09,Food,Net Banking,April,2025,4,10,Thursday
2025-06-05,meru cabs,1002.39,Transport,Credit Card,June,2025,6,5,Thursday
2025-03-23,amazon,8299.29,Online Shopping,UPI,March,2025,3,23,Sunday
2025-12-07,sony center,75591.45,Electronics,UPI,December,2025,12,7,Sunday
2025-06-29,irctc,9441.74,Travel,Credit Card,June,2025,6,29,Sunday
2025-12-02,netflix,481.45,Entertainment,Credit Card,December,2025,12,2,Tuesday
2025-09-07,uber,308.35,Transport,Debit Card,September,2025,9,7,Sunday
2025-08-26,adidas,2692.23,Clothing,Net Banking,August,2025,8,26,Tuesday
2025-03-23,meesho,8974.3,Online Shopping,Credit Card,March,2025,3,23,Sunday
2025-06-03,water board,2124.3,Bills,Net Banking,June,2025,6,3,Tuesday
2025-08-09,levis,2092.31,Clothing,Debit Card,August,2025,8,9,Saturday
2025-02-09,aha,878.86,Entertainment,Credit Card,February,2025,2,9,Sunday
2025-07-10,makemytrip,13068.14,Travel,UPI,July,2025,7,10,Thursday
2025-05-10,dominos,888.6,Food,Credit Card,May,2025,5,10,Saturday
2025-04-25,airtel,1638.95,Bills,Debit Card,April,2025,4,25,Friday
2025-07-03,uber,424.15,Transport,UPI,July,2025,7,3,Thursday
2025-03-29,cloudnine,18646.48,Healthcare,Credit Card,March,2025,3,29,Saturday
2025-01-03,zee5,827.43,Entertainment,Net Banking,January,2025,1,3,Friday
2025-01-23,sonyliv,654.61,Entertainment,UPI,January,2025,1,23,Thursday
2025-01-03,zara,5898.3,Clothing,UPI,January,2025,1,3,Friday
2025-10-08,yulu bikes,724.88,Transport,Credit Card,October,2025,10,8,Wednesday
2025-11-11,us polo,699.46,Clothing,UPI,November,2025,11,11,Tuesday
2025-02-05,redbus,1813.45,Transport,UPI,February,2025,2,5,Wednesday
2025-12-09,oyo,26047.73,Travel,Credit Card,December,2025,12,9,Tuesday
2025-07-10,lenskart,18836.73,Online Shopping,Debit Card,July,2025,7,10,Thursday
2025-10-12,sonyliv,251.13,Entertainment,UPI,October,2025,10,12,Sunday
2025-05-15,dell exclusive,78666.23,Electronics,Credit Card,May,2025,5,15,Thursday
2025-04-15,samsung store,121314.21,Electronics,Net Banking,April,2025,4,15,Tuesday
2025-06-27,aster,14584.5,Healthcare,Net Banking,June,2025,6,27,Friday
2025-10-17,samsung store,44792.89,Electronics,UPI,October,2025,10,17,Friday
2025-05-17,reliance fresh,4769.53,Grocery,Net Banking,May,2025,5,17,Saturday
2025-03-08,biba,3244.67,Clothing,Debit Card,March,2025,3,8,Saturday
2025-08-07,air india,11909.26,Travel,UPI,August,2025,8,7,Thursday
2025-11-04,oyo,11021.8,Travel,Net Banking,November,2025,11,4,Tuesday
2025-02-28,pizza hut,199.17,Food,Net Banking,February,2025,2,28,Friday
2025-02-22,bigbazaar,1035.78,Grocery,UPI,February,2025,2,22,Saturday
2025-03-13,netmeds,15118.17,Healthcare,Debit Card,March,2025,3,13,Thursday
2025-09-02,spencer's,3036.3,Grocery,Credit Card,September,2025,9,2,Tuesday
2025-08-29,amazon shopping,7241.56,Online Shopping,Credit Card,August,2025,8,29,Friday
2025-09-11,dominos,628.98,Food,UPI,September,2025,9,11,Thursday
2025-08-30,van heusen,4823.48,Clothing,Credit Card,August,2025,8,30,Saturday
2025-03-29,medplus,5766.39,Healthcare,Net Banking,March,2025,3,29,Saturday
2025-11-27,starbucks,911.34,Food,Credit Card,November,2025,11,27,Thursday
2025-04-08,samsung store,14383.39,Electronics,UPI,April,2025,4,8,Tuesday
2025-07-24,nykaa,1971.54,Online Shopping,UPI,July,2025,7,24,Thursday
2025-04-24,allen solly,2374.65,Clothing,Debit Card,April,2025,4,24,Thursday
2025-01-14,peter england,5538.07,Clothing,Credit Card,January,2025,1,14,Tuesday
2025-07-31,fortis hospital,4068.39,Healthcare,Credit Card,July,2025,7,31,Thursday
2025-04-06,electricity bill,1889.73,Bills,Debit Card,April,2025,4,6,Sunday
2025-04-14,faasos,725.04,Food,Credit Card,April,2025,4,14,Monday
2025-12-24,taxi fare,324.09,Transport,UPI,December,2025,12,24,Wednesday
2025-09-13,domino's pizza,798.48,Food,Credit Card,September,2025,9,13,Saturday
2025-05-30,auto fare,129.47,Transport,Net Banking,May,2025,5,30,Friday
2025-02-19,broadband bill,4660.93,Bills,UPI,February,2025,2,19,Wednesday
2025-11-12,more supermarket,2835.26,Grocery,UPI,November,2025,11,12,Wednesday
2025-02-16,samsung store,37192.51,Electronics,Credit Card,February,2025,2,16,Sunday
2025-03-25,tata cliq,4817.78,Online Shopping,Debit Card,March,2025,3,25,Tuesday
2025-12-10,myntra,9684.4,Online Shopping,Debit Card,December,2025,12,10,Wednesday
2025-10-28,fortis hospital,4598.09,Healthcare,Debit Card,October,2025,10,28,Tuesday
2025-08-25,amazon shopping,2355.35,Online Shopping,Credit Card,August,2025,8,25,Monday
2025-07-20,chaayos,985.78,Food,Net Banking,July,2025,7,20,Sunday
2025-10-30,pathkind labs,181.46,Healthcare,UPI,October,2025,10,30,Thursday
2025-09-27,bsnl recharge,2091.65,Bills,Net Banking,September,2025,9,27,Saturday
2025-01-03,hp petrol,231.19,Transport,UPI,January,2025,1,3,Friday
2025-11-21,playstation store,2330.74,Entertainment,Credit Card,November,2025,11,21,Friday
2025-06-06,inox,2810.63,Entertainment,Credit Card,June,2025,6,6,Friday
2025-09-09,airtel recharge,2908.09,Bills,Credit Card,September,2025,9,9,Tuesday
2025-08-26,agoda,2415.02,Travel,UPI,August,2025,8,26,Tuesday
2025-03-04,big bazaar,3996.58,Grocery,Credit Card,March,2025,3,4,Tuesday
2025-10-08,h&m,2583.06,Clothing,Credit Card,October,2025,10,8,Wednesday
2025-02-10,dr lal pathlabs,4721.82,Healthcare,Debit Card,February,2025,2,10,Monday
2025-10-03,h&m,4477.37,Clothing,UPI,October,2025,10,3,Friday
2025-07-17,easyday,2492.47,Grocery,Net Banking,July,2025,7,17,Thursday
2025-09-03,westside,6289.14,Clothing,Debit Card,September,2025,9,3,Wednesday
2025-08-15,booking.com,2177.92,Travel,Net Banking,August,2025,8,15,Friday
2025-03-18,la pinoz pizza,357.2,Food,Net Banking,March,2025,3,18,Tuesday
2025-11-26,house rent,7147.17,Bills,Credit Card,November,2025,11,26,Wednesday
2025-10-01,peter england,4569.23,Clothing,Debit Card,October,2025,10,1,Wednesday
2025-02-22,pharmeasy,495.77,Healthcare,Debit Card,February,2025,2,22,Saturday
2025-10-21,myntra,4608.94,Online Shopping,Debit Card,October,2025,10,21,Tuesday
2025-09-28,redbus,9718.78,Travel,Net Banking,September,2025,9,28,Sunday
2025-01-04,bsnl recharge,451.49,Bills,UPI,January,2025,1,4,Saturday
2025-02-27,local kirana,1289.28,Grocery,UPI,February,2025,2,27,Thursday
2025-02-11,zara,2587.33,Clothing,Credit Card,February,2025,2,11,Tuesday
2025-09-23,makemytrip,2481.75,Travel,Net Banking,September,2025,9,23,Tuesday
2025-12-19,sony liv,1581.68,Entertainment,UPI,December,2025,12,19,Friday
2025-01-16,reliance digital,21401.02,Electronics,UPI,January,2025,1,16,Thursday
2025-07-13,croma,20468.38,Electronics,Debit Card,July,2025,7,13,Sunday
2025-05-04,uber ride,745.54,Transport,UPI,May,2025,5,4,Sunday
2025-09-20,westside,6213.11,Clothing,Net Banking,September,2025,9,20,Saturday
2025-03-11,bigbasket grocery,1258.12,Grocery,Credit Card,March,2025,3,11,Tuesday
2025-03-27,firstcry,5267.07,Online Shopping,Debit Card,March,2025,3,27,Thursday
2025-12-16,dell store,12799.61,Electronics,UPI,December,2025,12,16,Tuesday
2025-08-27,spicejet,8924.92,Travel,Net Banking,August,2025,8,27,Wednesday
2025-10-01,more supermarket,2783.71,Grocery,UPI,October,2025,10,1,Wednesday
2025-06-08,bsnl recharge,4368.07,Bills,Net Banking,June,2025,6,8,Sunday
2025-02-19,sony liv,2882.62,Entertainment,Net Banking,February,2025,2,19,Wednesday
2025-05-18,max hospital,3161.02,Healthcare,Net Banking,May,2025,5,18,Sunday
2025-06-27,redbus,5404.9,Travel,Net Banking,June,2025,6,27,Friday
2025-11-05,ajio,3340.4,Online Shopping,Net Banking,November,2025,11,5,Wednesday
2025-01-07,fuel station,563.81,Transport,UPI,January,2025,1,7,Tuesday
2025-02-24,makemytrip,8844.66,Travel,Net Banking,February,2025,2,24,Monday
2025-06-17,oyo,9870.27,Travel,Debit Card,June,2025,6,17,Tuesday
2025-02-21,pizza hut,419.56,Food,Net Banking,February,2025,2,21,Friday
2025-06-10,easyday,4988.94,Grocery,UPI,June,2025,6,10,Tuesday
2025-07-24,uber,333.89,Transport,UPI,July,2025,7,24,Thursday
2025-08-16,bharat petroleum,682.37,Transport,Credit Card,August,2025,8,16,Saturday
2025-01-27,tata cliq,7037.17,Online Shopping,Net Banking,January,2025,1,27,Monday
2025-06-06,amazon shopping,8675.6,Online Shopping,Net Banking,June,2025,6,6,Friday
2025-09-24,fastag recharge,693.85,Transport,Debit Card,September,2025,9,24,Wednesday
2025-09-26,barista,1036.5,Food,UPI,September,2025,9,26,Friday
2025-07-06,pharmeasy,427.01,Healthcare,UPI,July,2025,7,6,Sunday
2025-01-31,pantaloons,6484.54,Clothing,Net Banking,January,2025,1,31,Friday
2025-01-24,levis,6022.35,Clothing,Debit Card,January,2025,1,24,Friday
2025-10-30,dell store,98027.84,Electronics,UPI,October,2025,10,30,Thursday
2025-09-24,diagnostic center,5826.53,Healthcare,Debit Card,September,2025,9,24,Wednesday
2025-06-07,pharmeasy,2498.18,Healthcare,Credit Card,June,2025,6,7,Saturday
2025-03-27,westside,1333.05,Clothing,Credit Card,March,2025,3,27,Thursday
2025-10-19,levis,6901.45,Clothing,Debit Card,October,2025,10,19,Sunday
2025-06-08,sony liv,2233.48,Entertainment,Credit Card,June,2025,6,8,Sunday
2025-06-26,reliance digital,61236.58,Electronics,Net Banking,June,2025,6,26,Thursday
2025-02-09,fastag recharge,863.89,Transport,Net Banking,February,2025,2,9,Sunday
2025-06-15,tata cliq,8111.93,Online Shopping,Net Banking,June,2025,6,15,Sunday
2025-11-11,sony liv,239.94,Entertainment,UPI,November,2025,11,11,Tuesday
2025-01-03,youtube premium,1012.18,Entertainment,Debit Card,January,2025,1,3,Friday
2025-02-10,dr lal pathlabs,3689.41,Healthcare,Credit Card,February,2025,2,10,Monday
2025-03-26,mi store,118288.32,Electronics,Debit Card,March,2025,3,26,Wednesday
2025-06-11,playstation store,2140.42,Entertainment,Net Banking,June,2025,6,11,Wednesday
2025-03-26,nature's basket,3826.53,Grocery,Credit Card,March,2025,3,26,Wednesday
2025-01-30,maintenance charge,5689.07,Bills,Credit Card,January,2025,1,30,Thursday
2025-10-03,mi store,92944.79,Electronics,Debit Card,October,2025,10,3,Friday
2025-01-25,asus store,113277.94,Electronics,Net Banking,January,2025,1,25,Saturday
2025-03-11,more supermarket,1145.56,Grocery,UPI,March,2025,3,11,Tuesday
2025-11-13,airtel recharge,3548.36,Bills,Debit Card,November,2025,11,13,Thursday
2025-01-06,irctc,11941.09,Travel,Net Banking,January,2025,1,6,Monday
2025-07-03,behrouz biryani,642.93,Food,Debit Card,July,2025,7,3,Thursday
2025-06-19,subway,711.9,Food,Debit Card,June,2025,6,19,Thursday
2025-07-19,nature's basket,523.48,Grocery,Credit Card,July,2025,7,19,Saturday
2025-05-10,amazon fresh,3375.18,Online Shopping,Net Banking,May,2025,5,10,Saturday
2025-12-29,dominos,423.18,Food,UPI,December,2025,12,29,Monday
2025-07-12,uber ride,769.52,Transport,UPI,July,2025,7,12,Saturday
2025-01-22,broadband bill,6482.81,Bills,Net Banking,January,2025,1,22,Wednesday
2025-02-19,peter england,4940.54,Clothing,Net Banking,February,2025,2,19,Wednesday
2025-01-21,uber ride,829.15,Transport,Debit Card,January,2025,1,21,Tuesday
2025-06-30,nature's basket,2662.45,Grocery,Net Banking,June,2025,6,30,Monday
2025-03-23,amazon,3092.24,Online Shopping,Net Banking,March,2025,3,23,Sunday
2025-08-26,1mg,470.89,Healthcare,Net Banking,August,2025,8,26,Tuesday
2025-11-13,sony liv,1423.84,Entertainment,Debit Card,November,2025,11,13,Thursday
2025-12-21,chaayos,622.72,Food,Net Banking,December,2025,12,21,Sunday
2025-08-04,wow momo,1485.92,Food,Credit Card,August,2025,8,4,Monday
2025-12-30,diagnostic center,5118.54,Healthcare,UPI,December,2025,12,30,Tuesday
2025-01-18,jio recharge,5274.88,Bills,UPI,January,2025,1,18,Saturday
2025-10-24,disney+ hotstar,1424.02,Entertainment,UPI,October,2025,10,24,Friday
2025-07-29,makemytrip,1552.7,Travel,Credit Card,July,2025,7,29,Tuesday
2025-01-21,nature's basket,4726.01,Grocery,Debit Card,January,2025,1,21,Tuesday
2025-10-25,zara,3758.87,Clothing,Net Banking,October,2025,10,25,Saturday
2025-08-27,prime video,2404.46,Entertainment,Net Banking,August,2025,8,27,Wednesday
2025-03-01,samsung store,66095.0,Electronics,UPI,March,2025,3,1,Saturday
2025-09-04,ola cab,414.97,Transport,Debit Card,September,2025,9,4,Thursday
2025-03-16,makemytrip,3288.65,Travel,Net Banking,March,2025,3,16,Sunday
2025-09-30,indian oil,626.66,Transport,Net Banking,September,2025,9,30,Tuesday
2025-10-10,medplus,394.05,Healthcare,UPI,October,2025,10,10,Friday
2025-04-29,apple store,106585.03,Electronics,Net Banking,April,2025,4,29,Tuesday
2025-01-03,rapido,748.17,Transport,Net Banking,January,2025,1,3,Friday
2025-01-21,tata cliq,6191.85,Online Shopping,UPI,January,2025,1,21,Tuesday
2025-06-24,asus store,12794.72,Electronics,Debit Card,June,2025,6,24,Tuesday
2025-05-11,max fashion,4688.99,Clothing,Net Banking,May,2025,5,11,Sunday
2025-04-15,bsnl recharge,638.4,Bills,Credit Card,April,2025,4,15,Tuesday
2025-07-01,nature's basket,4873.17,Grocery,UPI,July,2025,7,1,Tuesday
2025-10-22,cafe coffee day,1086.92,Food,UPI,October,2025,10,22,Wednesday
2025-07-16,dell store,48907.44,Electronics,Net Banking,July,2025,7,16,Wednesday
2025-11-06,kfc,726.78,Food,Credit Card,November,2025,11,6,Thursday
2025-06-05,domino's pizza,898.57,Food,Debit Card,June,2025,6,5,Thursday
2025-01-06,pantaloons,2528.17,Clothing,Debit Card,January,2025,1,6,Monday
2025-03-08,metro card recharge,469.14,Transport,Net Banking,March,2025,3,8,Saturday
2025-05-13,water bill,1480.36,Bills,Net Banking,May,2025,5,13,Tuesday
2025-02-10,amazon,9491.7,Online Shopping,Net Banking,February,2025,2,10,Monday
2025-09-23,asus store,91465.75,Electronics,Debit Card,September,2025,9,23,Tuesday
2025-07-20,makemytrip,5886.79,Travel,Debit Card,July,2025,7,20,Sunday
2025-02-10,netflix,2569.37,Entertainment,Debit Card,February,2025,2,10,Monday
2025-09-11,behrouz biryani,935.47,Food,Credit Card,September,2025,9,11,Thursday
2025-12-08,prime video,2047.03,Entertainment,Debit Card,December,2025,12,8,Monday
2025-09-09,spencer's,3889.77,Grocery,Credit Card,September,2025,9,9,Tuesday
2025-07-20,dr lal pathlabs,4070.36,Healthcare,Credit Card,July,2025,7,20,Sunday
2025-07-31,playstation store,1012.95,Entertainment,Credit Card,July,2025,7,31,Thursday
2025-12-24,dell store,33247.18,Electronics,Debit Card,December,2025,12,24,Wednesday
2025-01-22,diagnostic center,2034.96,Healthcare,Debit Card,January,2025,1,22,Wednesday
2025-01-01,1mg,4771.39,Healthcare,UPI,January,2025,1,1,Wednesday
2025-09-25,1mg,3245.83,Healthcare,Credit Card,September,2025,9,25,Thursday
2025-01-28,local kirana,4874.79,Grocery,UPI,January,2025,1,28,Tuesday
2025-11-20,easyday,3328.29,Grocery,Debit Card,November,2025,11,20,Thursday
2025-03-13,dr lal pathlabs,925.26,Healthcare,Debit Card,March,2025,3,13,Thursday
2025-11-16,makemytrip,862.22,Travel,UPI,November,2025,11,16,Sunday
2025-07-01,croma,113421.13,Electronics,Net Banking,July,2025,7,1,Tuesday
2025-08-27,allen solly,1801.68,Clothing,UPI,August,2025,8,27,Wednesday
2025-07-19,peter england,2484.72,Clothing,Debit Card,July,2025,7,19,Saturday
2025-03-25,oyo,6544.69,Travel,UPI,March,2025,3,25,Tuesday
2025-09-13,hp petrol,1015.16,Transport,Net Banking,September,2025,9,13,Saturday
2025-02-24,metro card recharge,937.29,Transport,Credit Card,February,2025,2,24,Monday
2025-05-29,amazon fresh,2278.52,Online Shopping,UPI,May,2025,5,29,Thursday
2025-01-03,uber,85.14,Transport,Debit Card,January,2025,1,3,Friday
2025-05-30,apollo pharmacy,4027.93,Healthcare,Net Banking,May,2025,5,30,Friday
2025-06-07,booking.com,3289.69,Travel,Debit Card,June,2025,6,7,Saturday
2025-01-17,big bazaar,2588.37,Grocery,UPI,January,2025,1,17,Friday
2025-01-01,reliance fresh,3785.59,Grocery,Net Banking,January,2025,1,1,Wednesday
2025-06-16,medplus,3621.42,Healthcare,Net Banking,June,2025,6,16,Monday
2025-04-06,samsung store,67841.42,Electronics,Debit Card,April,2025,4,6,Sunday
2025-11-29,van heusen,6751.85,Clothing,Credit Card,November,2025,11,29,Saturday
2025-10-02,makemytrip,1944.83,Travel,UPI,October,2025,10,2,Thursday
2025-05-18,asus store,23567.49,Electronics,Debit Card,May,2025,5,18,Sunday
2025-11-27,croma,45939.34,Electronics,UPI,November,2025,11,27,Thursday
2025-10-13,burger king,188.51,Food,Credit Card,October,2025,10,13,Monday
2025-01-21,vijay sales,68599.85,Electronics,Debit Card,January,2025,1,21,Tuesday
2025-08-25,netmeds,3399.08,Healthcare,UPI,August,2025,8,25,Monday
2025-09-28,redbus,11996.16,Travel,Net Banking,September,2025,9,28,Sunday
2025-09-20,local kirana,3326.36,Grocery,Debit Card,September,2025,9,20,Saturday
2025-05-14,disney+ hotstar,2021.27,Entertainment,Credit Card,May,2025,5,14,Wednesday
2025-11-12,netmeds,4744.09,Healthcare,Credit Card,November,2025,11,12,Wednesday
2025-08-03,easyday,511.73,Grocery,Debit Card,August,2025,8,3,Sunday
2025-04-28,booking.com,7048.43,Travel,Net Banking,April,2025,4,28,Monday
2025-12-08,asus store,69268.59,Electronics,Net Banking,December,2025,12,8,Monday
2025-10-01,reliance digital,118801.09,Electronics,Debit Card,October,2025,10,1,Wednesday
2025-10-28,more supermarket,1184.94,Grocery,Net Banking,October,2025,10,28,Tuesday
2025-01-11,dmart,3900.99,Grocery,UPI,January,2025,1,11,Saturday
2025-11-14,zara,1803.28,Clothing,Credit Card,November,2025,11,14,Friday
2025-04-29,nature's basket,2470.28,Grocery,Credit Card,April,2025,4,29,Tuesday
2025-02-23,behrouz biryani,519.87,Food,Debit Card,February,2025,2,23,Sunday
2025-02-15,dominos,150.54,Food,Debit Card,February,2025,2,15,Saturday
2025-03-28,zepto,732.7,Online Shopping,Debit Card,March,2025,3,28,Friday
2025-06-28,gas bill,3191.84,Bills,Debit Card,June,2025,6,28,Saturday
2025-03-30,dmart,370.05,Grocery,UPI,March,2025,3,30,Sunday
2025-03-22,subway,347.33,Food,Debit Card,March,2025,3,22,Saturday
2025-03-16,haldiram,647.23,Food,Credit Card,March,2025,3,16,Sunday
2025-02-23,van heusen,5577.7,Clothing,UPI,February,2025,2,23,Sunday
2025-07-28,netflix,255.36,Entertainment,Net Banking,July,2025,7,28,Monday
2025-11-01,meesho,7375.97,Online Shopping,Net Banking,November,2025,11,1,Saturday
2025-07-09,samsung store,19238.42,Electronics,Net Banking,July,2025,7,9,Wednesday
2025-06-04,max fashion,6746.09,Clothing,UPI,June,2025,6,4,Wednesday
2025-08-26,netmeds,5594.17,Healthcare,Credit Card,August,2025,8,26,Tuesday
2025-08-19,irctc,2986.98,Travel,Credit Card,August,2025,8,19,Tuesday
2025-06-28,agoda,2854.27,Travel,Debit Card,June,2025,6,28,Saturday
2025-10-31,max fashion,2810.73,Clothing,Net Banking,October,2025,10,31,Friday
2025-02-11,max fashion,7311.16,Clothing,Credit Card,February,2025,2,11,Tuesday
2025-08-02,redbus,8755.49,Travel,UPI,August,2025,8,2,Saturday
2025-06-10,apple store,13467.99,Electronics,Net Banking,June,2025,6,10,Tuesday
2025-08-27,reliance digital,75494.16,Electronics,UPI,August,2025,8,27,Wednesday
2025-03-02,ola cab,235.21,Transport,UPI,March,2025,3,2,Sunday
2025-07-20,starbucks,1195.91,Food,Debit Card,July,2025,7,20,Sunday
2025-07-26,max hospital,1053.34,Healthcare,Net Banking,July,2025,7,26,Saturday
2025-11-14,hp petrol,287.84,Transport,Credit Card,November,2025,11,14,Friday
2025-06-01,rapido,1184.97,Transport,UPI,June,2025,6,1,Sunday
2025-04-14,water bill,2594.77,Bills,Net Banking,April,2025,4,14,Monday
2025-09-05,electricity bill,2372.32,Bills,Credit Card,September,2025,9,5,Friday
2025-06-06,amazon fresh,8296.1,Online Shopping,Net Banking,June,2025,6,6,Friday
2025-05-17,property tax,7541.27,Bills,Net Banking,May,2025,5,17,Saturday
2025-01-24,air india,4313.57,Travel,Credit Card,January,2025,1,24,Friday
2025-07-12,blinkit,9290.05,Online Shopping,Debit Card,July,2025,7,12,Saturday
2025-07-04,property tax,7198.77,Bills,Credit Card,July,2025,7,4,Friday
2025-07-18,redbus,8659.15,Travel,Credit Card,July,2025,7,18,Friday
2025-10-29,dmart,1979.13,Grocery,Net Banking,October,2025,10,29,Wednesday
2025-09-21,chaayos,1086.5,Food,UPI,September,2025,9,21,Sunday
2025-10-31,snapdeal,1758.01,Online Shopping,Debit Card,October,2025,10,31,Friday
2025-05-25,vijay sales,27779.62,Electronics,Debit Card,May,2025,5,25,Sunday
2025-08-16,water bill,2517.71,Bills,Debit Card,August,2025,8,16,Saturday
2025-08-03,samsung store,11760.7,Electronics,Net Banking,August,2025,8,3,Sunday
2025-02-19,subway,1393.05,Food,Debit Card,February,2025,2,19,Wednesday
2025-12-20,swiggy,828.94,Food,Net Banking,December,2025,12,20,Saturday
2025-08-02,croma,59899.56,Electronics,Credit Card,August,2025,8,2,Saturday
2025-12-26,redbus,10774.95,Travel,Debit Card,December,2025,12,26,Friday
2025-12-05,spotify,257.5,Entertainment,Credit Card,December,2025,12,5,Friday
2025-05-22,croma,98038.9,Electronics,Net Banking,May,2025,5,22,Thursday
2025-04-10,easyday,916.6,Grocery,Net Banking,April,2025,4,10,Thursday
2025-12-26,property tax,2655.85,Bills,Credit Card,December,2025,12,26,Friday
2025-10-02,indian oil,111.71,Transport,Net Banking,October,2025,10,2,Thursday
2025-01-01,flipkart,7035.78,Online Shopping,Net Banking,January,2025,1,1,Wednesday
2025-08-09,sony liv,1968.79,Entertainment,Debit Card,August,2025,8,9,Saturday
2025-02-17,meesho,7768.67,Online Shopping,Net Banking,February,2025,2,17,Monday
2025-12-03,booking.com,6476.84,Travel,UPI,December,2025,12,3,Wednesday
2025-06-30,sony liv,1562.06,Entertainment,Net Banking,June,2025,6,30,Monday
2025-10-10,hp store,42888.77,Electronics,UPI,October,2025,10,10,Friday
2025-03-08,yatra,2791.73,Travel,Net Banking,March,2025,3,8,Saturday
2025-05-25,uber auto,569.79,Transport,Debit Card,May,2025,5,25,Sunday
2025-12-03,medplus,300.27,Healthcare,UPI,December,2025,12,3,Wednesday
2025-09-20,bikanervala,1194.44,Food,Net Banking,September,2025,9,20,Saturday
2025-02-24,parking fee,895.59,Transport,Debit Card,February,2025,2,24,Monday
2025-05-11,air india,1545.26,Travel,Debit Card,May,2025,5,11,Sunday
2025-10-07,electricity bill,2461.9,Bills,Net Banking,October,2025,10,7,Tuesday
2025-07-09,netmeds,4942.31,Healthcare,UPI,July,2025,7,9,Wednesday
2025-07-21,spencer's,3039.88,Grocery,Debit Card,July,2025,7,21,Monday
2025-11-07,nykaa,6608.92,Online Shopping,UPI,November,2025,11,7,Friday
2025-01-03,peter england,7923.02,Clothing,Net Banking,January,2025,1,3,Friday
2025-11-08,playstation store,781.17,Entertainment,Credit Card,November,2025,11,8,Saturday
2025-07-10,max fashion,3963.35,Clothing,Net Banking,July,2025,7,10,Thursday
2025-07-14,swiggy,1258.3,Food,Credit Card,July,2025,7,14,Monday
2025-08-17,pvr,540.36,Entertainment,Net Banking,August,2025,8,17,Sunday
2025-12-15,1mg,1327.59,Healthcare,Net Banking,December,2025,12,15,Monday
2025-05-22,prime video,1739.75,Entertainment,Net Banking,May,2025,5,22,Thursday
2025-07-27,redbus,3325.35,Travel,Net Banking,July,2025,7,27,Sunday
2025-11-21,nature's basket,4777.34,Grocery,UPI,November,2025,11,21,Friday
2025-06-18,youtube premium,1120.37,Entertainment,Debit Card,June,2025,6,18,Wednesday
2025-01-07,dmart,3213.48,Grocery,UPI,January,2025,1,7,Tuesday
2025-01-04,electricity bill,2299.37,Bills,Net Banking,January,2025,1,4,Saturday
2025-06-23,easyday,4553.57,Grocery,UPI,June,2025,6,23,Monday
2025-08-03,ajio,912.52,Online Shopping,Net Banking,August,2025,8,3,Sunday
2025-05-10,inox,2703.07,Entertainment,Net Banking,May,2025,5,10,Saturday
2025-09-02,spicejet,10406.59,Travel,Net Banking,September,2025,9,2,Tuesday
2025-11-01,sony liv,1805.51,Entertainment,UPI,November,2025,11,1,Saturday
2025-11-19,la pinoz pizza,867.52,Food,Net Banking,November,2025,11,19,Wednesday
2025-03-03,max fashion,6793.64,Clothing,UPI,March,2025,3,3,Monday
2025-04-17,the belgian waffle,701.33,Food,Credit Card,April,2025,4,17,Thursday
2025-01-19,1mg,616.97,Healthcare,UPI,January,2025,1,19,Sunday
2025-09-05,hp store,101954.96,Electronics,UPI,September,2025,9,5,Friday
2025-09-27,starbucks,371.6,Food,Debit Card,September,2025,9,27,Saturday
2025-04-20,subway,1347.24,Food,Net Banking,April,2025,4,20,Sunday
2025-09-15,fortis hospital,589.97,Healthcare,UPI,September,2025,9,15,Monday
2025-01-12,auto fare,537.36,Transport,Credit Card,January,2025,1,12,Sunday
2025-07-21,uber ride,198.14,Transport,UPI,July,2025,7,21,Monday
2025-01-20,playstation store,1350.21,Entertainment,Net Banking,January,2025,1,20,Monday
2025-02-05,maintenance charge,1788.22,Bills,Net Banking,February,2025,2,5,Wednesday
2025-11-08,maintenance charge,6017.24,Bills,Credit Card,November,2025,11,8,Saturday
2025-01-10,asus store,7025.47,Electronics,UPI,January,2025,1,10,Friday
2025-06-19,pharmeasy,5110.0,Healthcare,Credit Card,June,2025,6,19,Thursday
2025-05-05,apollo pharmacy,3125.83,Healthcare,Debit Card,May,2025,5,5,Monday
2025-12-20,apple store,63374.9,Electronics,Net Banking,December,2025,12,20,Saturday
2025-06-21,broadband bill,1772.61,Bills,Credit Card,June,2025,6,21,Saturday
2025-10-24,h&m,6343.17,Clothing,Net Banking,October,2025,10,24,Friday
2025-12-16,irctc,10841.8,Travel,Net Banking,December,2025,12,16,Tuesday
2025-11-12,van heusen,4712.28,Clothing,Credit Card,November,2025,11,12,Wednesday
2025-04-11,inox,842.51,Entertainment,UPI,April,2025,4,11,Friday
2025-08-15,h&m,7891.18,Clothing,Credit Card,August,2025,8,15,Friday
2025-10-20,nature's basket,1311.15,Grocery,Credit Card,October,2025,10,20,Monday
2025-11-01,spencer's,2259.14,Grocery,UPI,November,2025,11,1,Saturday
2025-08-02,ajio,6941.28,Online Shopping,Debit Card,August,2025,8,2,Saturday
2025-01-19,ola cab,990.22,Transport,Debit Card,January,2025,1,19,Sunday
2025-08-15,jio recharge,3547.01,Bills,UPI,August,2025,8,15,Friday
2025-05-10,bsnl recharge,5644.6,Bills,UPI,May,2025,5,10,Saturday
2025-02-12,more supermarket,2786.43,Grocery,Debit Card,February,2025,2,12,Wednesday
2025-11-08,hp store,66460.5,Electronics,UPI,November,2025,11,8,Saturday
2025-05-29,more supermarket,4645.63,Grocery,UPI,May,2025,5,29,Thursday
2025-07-31,property tax,479.99,Bills,UPI,July,2025,7,31,Thursday
2025-11-13,oneplus store,82164.99,Electronics,Credit Card,November,2025,11,13,Thursday
2025-09-19,metro card recharge,573.68,Transport,Net Banking,September,2025,9,19,Friday
2025-05-19,goibibo,2786.26,Travel,Credit Card,May,2025,5,19,Monday
2025-03-23,ola cab,487.92,Transport,Debit Card,March,2025,3,23,Sunday
2025-02-11,lifestyle,5396.24,Clothing,Net Banking,February,2025,2,11,Tuesday
2025-02-15,apollo pharmacy,4918.17,Healthcare,Debit Card,February,2025,2,15,Saturday
2025-04-26,dr lal pathlabs,5865.74,Healthcare,Net Banking,April,2025,4,26,Saturday
2025-06-07,property tax,7920.07,Bills,UPI,June,2025,6,7,Saturday
2025-04-01,fortis hospital,1146.2,Healthcare,Net Banking,April,2025,4,1,Tuesday
2025-10-16,playstation store,594.86,Entertainment,Net Banking,October,2025,10,16,Thursday
2025-09-27,nature's basket,4934.56,Grocery,Credit Card,September,2025,9,27,Saturday
2025-12-21,mi store,82101.65,Electronics,UPI,December,2025,12,21,Sunday
2025-09-19,maintenance charge,6051.83,Bills,UPI,September,2025,9,19,Friday
2025-09-01,cafe coffee day,170.81,Food,Net Banking,September,2025,9,1,Monday
2025-02-14,sony liv,575.06,Entertainment,UPI,February,2025,2,14,Friday
2025-12-12,pathkind labs,960.18,Healthcare,Net Banking,December,2025,12,12,Friday
2025-11-05,pizza hut,424.67,Food,Net Banking,November,2025,11,5,Wednesday
2025-11-09,meesho,9488.88,Online Shopping,UPI,November,2025,11,9,Sunday
2025-01-08,fuel station,352.29,Transport,Credit Card,January,2025,1,8,Wednesday
2025-02-06,amazon fresh,565.7,Online Shopping,UPI,February,2025,2,6,Thursday
2025-01-06,youtube premium,1721.23,Entertainment,Credit Card,January,2025,1,6,Monday
2025-11-10,dell store,59051.0,Electronics,Debit Card,November,2025,11,10,Monday
2025-03-10,big bazaar,4201.28,Grocery,Net Banking,March,2025,3,10,Monday
2025-01-21,easyday,3583.43,Grocery,Debit Card,January,2025,1,21,Tuesday
2025-06-10,makemytrip,9706.81,Travel,Credit Card,June,2025,6,10,Tuesday
2025-03-24,bigbasket,5868.94,Online Shopping,Credit Card,March,2025,3,24,Monday
2025-10-27,zomato,1117.5,Food,Net Banking,October,2025,10,27,Monday
2025-06-13,uber intercity,4865.21,Travel,UPI,June,2025,6,13,Friday
2025-09-06,nykaa,4356.42,Online Shopping,Debit Card,September,2025,9,6,Saturday
2025-04-09,pvr,1503.1,Entertainment,Debit Card,April,2025,4,9,Wednesday
2025-01-20,makemytrip,1894.69,Travel,UPI,January,2025,1,20,Monday
2025-09-11,ola cab,306.66,Transport,Debit Card,September,2025,9,11,Thursday
2025-02-23,taxi fare,332.39,Transport,Credit Card,February,2025,2,23,Sunday
2025-06-04,water bill,7289.28,Bills,UPI,June,2025,6,4,Wednesday
2025-07-18,cafe coffee day,271.72,Food,Debit Card,July,2025,7,18,Friday
2025-07-13,haldiram,1256.26,Food,Debit Card,July,2025,7,13,Sunday
2025-01-07,dr lal pathlabs,3120.59,Healthcare,Debit Card,January,2025,1,7,Tuesday
2025-05-11,zara,524.92,Clothing,Net Banking,May,2025,5,11,Sunday
2025-04-05,meesho,4375.84,Online Shopping,Debit Card,April,2025,4,5,Saturday
2025-11-29,jio recharge,7504.44,Bills,Debit Card,November,2025,11,29,Saturday
2025-06-30,easemytrip,6673.66,Travel,Debit Card,June,2025,6,30,Monday
2025-09-01,vijay sales,108389.06,Electronics,UPI,September,2025,9,1,Monday
2025-12-23,allen solly,7978.97,Clothing,Net Banking,December,2025,12,23,Tuesday
2025-03-14,prime video,2611.67,Entertainment,UPI,March,2025,3,14,Friday
2025-07-04,easyday,4567.4,Grocery,Debit Card,July,2025,7,4,Friday
2025-09-15,pantaloons,5210.99,Clothing,Net Banking,September,2025,9,15,Monday
2025-09-19,domino's pizza,824.34,Food,Credit Card,September,2025,9,19,Friday
2025-03-29,irctc,9045.55,Travel,UPI,March,2025,3,29,Saturday
2025-01-10,pharmeasy,1245.0,Healthcare,Net Banking,January,2025,1,10,Friday
2025-10-27,behrouz biryani,1167.97,Food,Credit Card,October,2025,10,27,Monday
2025-02-18,barista,814.39,Food,UPI,February,2025,2,18,Tuesday
2025-06-27,bigbasket grocery,2603.93,Grocery,UPI,June,2025,6,27,Friday
2025-09-01,parking fee,621.9,Transport,Credit Card,September,2025,9,1,Monday
2025-08-22,property tax,1735.88,Bills,Net Banking,August,2025,8,22,Friday
2025-08-09,uber,373.68,Transport,Credit Card,August,2025,8,9,Saturday
2025-08-14,zepto,5429.92,Online Shopping,Net Banking,August,2025,8,14,Thursday
2025-01-28,apple store,8334.83,Electronics,Credit Card,January,2025,1,28,Tuesday
2025-11-22,reliance fresh,2816.92,Grocery,UPI,November,2025,11,22,Saturday
2025-08-18,mi store,118047.23,Electronics,Credit Card,August,2025,8,18,Monday
2025-06-07,playstation store,787.08,Entertainment,Debit Card,June,2025,6,7,Saturday
2025-12-30,h&m,5716.32,Clothing,UPI,December,2025,12,30,Tuesday
2025-02-02,westside,2614.28,Clothing,Debit Card,February,2025,2,2,Sunday
2025-01-14,van heusen,3961.48,Clothing,Net Banking,January,2025,1,14,Tuesday
2025-12-02,diagnostic center,2882.28,Healthcare,UPI,December,2025,12,2,Tuesday
2025-07-06,rapido,566.17,Transport,Debit Card,July,2025,7,6,Sunday
2025-10-22,pizza hut,1432.28,Food,Net Banking,October,2025,10,22,Wednesday
2025-12-28,dr lal pathlabs,2097.8,Healthcare,UPI,December,2025,12,28,Sunday
2025-12-01,faasos,702.09,Food,Debit Card,December,2025,12,1,Monday
2025-08-03,firstcry,5391.86,Online Shopping,UPI,August,2025,8,3,Sunday
2025-06-02,property tax,3254.58,Bills,Net Banking,June,2025,6,2,Monday
2025-04-02,mcdonald's,1189.08,Food,Credit Card,April,2025,4,2,Wednesday
2025-07-27,jio recharge,6956.19,Bills,Net Banking,July,2025,7,27,Sunday
2025-08-18,air india,1901.72,Travel,Debit Card,August,2025,8,18,Monday
2025-07-16,snapdeal,2139.21,Online Shopping,UPI,July,2025,7,16,Wednesday
2025-04-01,vijay sales,44906.33,Electronics,UPI,April,2025,4,1,Tuesday
2025-02-11,allen solly,6213.59,Clothing,Debit Card,February,2025,2,11,Tuesday
2025-11-05,gas bill,5273.99,Bills,Debit Card,November,2025,11,5,Wednesday
2025-04-01,subway,315.06,Food,Net Banking,April,2025,4,1,Tuesday
2025-01-07,oyo,10926.52,Travel,Credit Card,January,2025,1,7,Tuesday
2025-08-07,kfc,1446.17,Food,UPI,August,2025,8,7,Thursday
2025-07-04,dmart,2885.28,Grocery,Net Banking,July,2025,7,4,Friday
2025-10-30,broadband bill,7750.6,Bills,Net Banking,October,2025,10,30,Thursday
2025-02-18,pharmeasy,3563.78,Healthcare,Net Banking,February,2025,2,18,Tuesday
2025-10-06,pathkind labs,1558.33,Healthcare,Credit Card,October,2025,10,6,Monday
2025-09-26,bsnl recharge,3586.39,Bills,UPI,September,2025,9,26,Friday
2025-11-26,pvr,1707.38,Entertainment,UPI,November,2025,11,26,Wednesday
2025-09-03,big bazaar,1409.15,Grocery,UPI,September,2025,9,3,Wednesday
2025-05-18,zara,2185.9,Clothing,Credit Card,May,2025,5,18,Sunday
2025-06-01,playstation store,835.03,Entertainment,Net Banking,June,2025,6,1,Sunday
2025-10-30,pantaloons,3188.19,Clothing,Credit Card,October,2025,10,30,Thursday
2025-10-17,easyday,4017.18,Grocery,Credit Card,October,2025,10,17,Friday
2025-08-01,ola,976.23,Transport,Debit Card,August,2025,8,1,Friday
2025-05-04,makemytrip,5049.74,Travel,UPI,May,2025,5,4,Sunday
2025-03-21,inox,1888.99,Entertainment,Debit Card,March,2025,3,21,Friday
2025-03-12,spencer's,4308.9,Grocery,Credit Card,March,2025,3,12,Wednesday
2025-07-07,max fashion,3582.53,Clothing,Debit Card,July,2025,7,7,Monday
2025-07-11,indigo,8743.78,Travel,UPI,July,2025,7,11,Friday
2025-06-27,playstation store,1107.18,Entertainment,Credit Card,June,2025,6,27,Friday
2025-03-16,bsnl recharge,6985.66,Bills,UPI,March,2025,3,16,Sunday
2025-09-21,pharmeasy,4987.61,Healthcare,Net Banking,September,2025,9,21,Sunday
2025-05-24,behrouz biryani,784.86,Food,UPI,May,2025,5,24,Saturday
2025-07-06,uber ride,140.81,Transport,Debit Card,July,2025,7,6,Sunday
2025-03-06,firstcry,6508.49,Online Shopping,UPI,March,2025,3,6,Thursday
2025-07-23,nature's basket,1749.69,Grocery,UPI,July,2025,7,23,Wednesday
2025-12-01,behrouz biryani,856.07,Food,Credit Card,December,2025,12,1,Monday
2025-01-28,allen solly,3830.13,Clothing,Net Banking,January,2025,1,28,Tuesday
2025-06-16,vijay sales,22723.69,Electronics,UPI,June,2025,6,16,Monday
2025-04-22,van heusen,7285.83,Clothing,Debit Card,April,2025,4,22,Tuesday
2025-07-03,wow momo,326.97,Food,UPI,July,2025,7,3,Thursday
2025-05-29,pathkind labs,5013.11,Healthcare,Net Banking,May,2025,5,29,Thursday
2025-07-02,bikanervala,364.76,Food,Debit Card,July,2025,7,2,Wednesday
2025-01-12,barista,430.01,Food,Debit Card,January,2025,1,12,Sunday
2025-07-05,maintenance charge,7894.65,Bills,Debit Card,July,2025,7,5,Saturday
2025-02-26,local kirana,521.42,Grocery,Net Banking,February,2025,2,26,Wednesday
2025-10-31,auto fare,187.43,Transport,Credit Card,October,2025,10,31,Friday
2025-02-19,faasos,951.71,Food,Debit Card,February,2025,2,19,Wednesday
2025-05-24,apple store,23480.54,Electronics,Debit Card,May,2025,5,24,Saturday
2025-02-17,allen solly,3484.13,Clothing,Credit Card,February,2025,2,17,Monday
2025-08-01,bigbasket grocery,3969.5,Grocery,Net Banking,August,2025,8,1,Friday
2025-02-10,meesho,2464.2,Online Shopping,UPI,February,2025,2,10,Monday
2025-12-16,bsnl recharge,2596.21,Bills,UPI,December,2025,12,16,Tuesday
2025-03-25,van heusen,2645.19,Clothing,UPI,March,2025,3,25,Tuesday
2025-02-08,diagnostic center,3231.56,Healthcare,Net Banking,February,2025,2,8,Saturday
2025-10-31,allen solly,1685.43,Clothing,UPI,October,2025,10,31,Friday
2025-10-06,dell store,105227.51,Electronics,Credit Card,October,2025,10,6,Monday
2025-05-13,indian oil,433.34,Transport,Debit Card,May,2025,5,13,Tuesday
2025-02-28,medplus,1209.39,Healthcare,Debit Card,February,2025,2,28,Friday
2025-05-06,inox,2360.1,Entertainment,Net Banking,May,2025,5,6,Tuesday
2025-10-19,parking fee,250.42,Transport,UPI,October,2025,10,19,Sunday
2025-09-23,prime video,720.29,Entertainment,Net Banking,September,2025,9,23,Tuesday
2025-09-07,easyday,3038.21,Grocery,Net Banking,September,2025,9,7,Sunday
2025-09-20,broadband bill,6010.59,Bills,UPI,September,2025,9,20,Saturday
2025-11-23,spencer's,3842.79,Grocery,Debit Card,November,2025,11,23,Sunday
2025-06-15,big bazaar,4585.7,Grocery,UPI,June,2025,6,15,Sunday
2025-08-05,1mg,1275.51,Healthcare,Credit Card,August,2025,8,5,Tuesday
2025-04-13,goibibo,4152.41,Travel,Debit Card,April,2025,4,13,Sunday
2025-08-04,reliance fresh,1451.85,Grocery,Debit Card,August,2025,8,4,Monday
2025-04-11,makemytrip,2992.42,Travel,Credit Card,April,2025,4,11,Friday
2025-06-28,mcdonald's,458.07,Food,Debit Card,June,2025,6,28,Saturday
2025-04-22,asus store,80267.28,Electronics,UPI,April,2025,4,22,Tuesday
2025-11-10,jio recharge,3543.09,Bills,Net Banking,November,2025,11,10,Monday
2025-10-13,chaayos,872.84,Food,Net Banking,October,2025,10,13,Monday
2025-12-03,wow momo,209.71,Food,UPI,December,2025,12,3,Wednesday
2025-06-21,zepto,6845.3,Online Shopping,Credit Card,June,2025,6,21,Saturday
2025-03-26,prime video,2146.9,Entertainment,UPI,March,2025,3,26,Wednesday
2025-12-29,pizza hut,308.73,Food,Debit Card,December,2025,12,29,Monday
2025-01-05,pharmeasy,5762.99,Healthcare,Net Banking,January,2025,1,5,Sunday
2025-03-26,property tax,371.24,Bills,Credit Card,March,2025,3,26,Wednesday
2025-09-15,yatra,9103.39,Travel,Net Banking,September,2025,9,15,Monday
2025-02-15,dmart,492.37,Grocery,Net Banking,February,2025,2,15,Saturday
2025-12-30,water bill,6062.08,Bills,Net Banking,December,2025,12,30,Tuesday
2025-03-18,zara,2940.47,Clothing,Credit Card,March,2025,3,18,Tuesday
2025-06-14,hp petrol,1111.5,Transport,UPI,June,2025,6,14,Saturday
2025-06-07,booking.com,957.48,Travel,Credit Card,June,2025,6,7,Saturday
2025-04-19,airtel recharge,6551.83,Bills,Debit Card,April,2025,4,19,Saturday
2025-10-09,dell store,36516.75,Electronics,UPI,October,2025,10,9,Thursday
2025-08-11,gas bill,552.14,Bills,Credit Card,August,2025,8,11,Monday
2025-08-07,amazon,779.67,Online Shopping,Net Banking,August,2025,8,7,Thursday
2025-06-29,amazon shopping,5112.73,Online Shopping,Debit Card,June,2025,6,29,Sunday
2025-01-05,blinkit,2895.09,Online Shopping,Net Banking,January,2025,1,5,Sunday
2025-08-11,bikanervala,840.09,Food,Credit Card,August,2025,8,11,Monday
2025-01-22,apple store,116968.27,Electronics,UPI,January,2025,1,22,Wednesday
2025-07-19,flipkart,773.05,Online Shopping,Debit Card,July,2025,7,19,Saturday
2025-05-24,zara,4650.6,Clothing,Credit Card,May,2025,5,24,Saturday
2025-12-31,blinkit,2876.11,Online Shopping,Net Banking,December,2025,12,31,Wednesday
2025-06-15,peter england,3252.46,Clothing,Net Banking,June,2025,6,15,Sunday
2025-04-28,max fashion,630.2,Clothing,Credit Card,April,2025,4,28,Monday
2025-09-13,diagnostic center,1893.06,Healthcare,Credit Card,September,2025,9,13,Saturday
2025-07-10,indigo,3261.53,Travel,Credit Card,July,2025,7,10,Thursday
2025-09-17,oneplus store,88769.3,Electronics,Debit Card,September,2025,9,17,Wednesday
2025-03-13,freshmart,1855.73,Grocery,Net Banking,March,2025,3,13,Thursday
2025-05-18,firstcry,3256.35,Online Shopping,Credit Card,May,2025,5,18,Sunday
2025-02-18,big bazaar,2284.75,Grocery,UPI,February,2025,2,18,Tuesday
2025-07-10,playstation store,328.35,Entertainment,Credit Card,July,2025,7,10,Thursday
2025-09-04,irctc,1236.81,Travel,UPI,September,2025,9,4,Thursday
2025-08-02,redbus,6837.31,Travel,UPI,August,2025,8,2,Saturday
2025-08-03,netmeds,2247.97,Healthcare,Credit Card,August,2025,8,3,Sunday
2025-02-16,spencer's,3927.23,Grocery,Net Banking,February,2025,2,16,Sunday
2025-10-28,agoda,10698.9,Travel,Net Banking,October,2025,10,28,Tuesday
2025-12-22,inox,2281.24,Entertainment,Net Banking,December,2025,12,22,Monday
2025-11-05,spencer's,1687.75,Grocery,Debit Card,November,2025,11,5,Wednesday
2025-01-14,westside,846.48,Clothing,Debit Card,January,2025,1,14,Tuesday
2025-07-19,zepto,838.66,Online Shopping,Credit Card,July,2025,7,19,Saturday
2025-12-30,ajio,866.43,Online Shopping,Credit Card,December,2025,12,30,Tuesday
2025-06-11,irctc,10857.76,Travel,Debit Card,June,2025,6,11,Wednesday
2025-11-26,apollo pharmacy,4798.57,Healthcare,Credit Card,November,2025,11,26,Wednesday
2025-08-02,reliance digital,10458.8,Electronics,UPI,August,2025,8,2,Saturday
2025-11-12,dmart,987.71,Grocery,Net Banking,November,2025,11,12,Wednesday
2025-10-22,max hospital,4724.7,Healthcare,Credit Card,October,2025,10,22,Wednesday
2025-11-18,dell store,14638.89,Electronics,UPI,November,2025,11,18,Tuesday
2025-05-26,samsung store,105014.34,Electronics,Credit Card,May,2025,5,26,Monday
2025-04-19,property tax,1762.13,Bills,Net Banking,April,2025,4,19,Saturday
2025-02-04,youtube premium,783.15,Entertainment,Debit Card,February,2025,2,4,Tuesday
2025-10-16,myntra,7272.1,Online Shopping,Net Banking,October,2025,10,16,Thursday
2025-08-24,mi store,4385.99,Electronics,Credit Card,August,2025,8,24,Sunday
2025-06-30,reliance fresh,1084.82,Grocery,Debit Card,June,2025,6,30,Monday
2025-11-13,big bazaar,476.31,Grocery,Debit Card,November,2025,11,13,Thursday
